Scenario,A,B
1,0.09480775261217889,0.1056489004351635
2,0.09646939484014849,0.11892049736652854
3,0.11177807266545092,0.10060224122686834
4,0.11257461249839706,0.12409397808824352
5,0.1055375359354851,0.10822095590710012
6,0.10645865763960671,0.11845599200208623
7,0.11321601003383153,0.10888907436355288
8,-0.5962297106277759,0.10108696176571064
9,0.10264857148163897,0.10606296685246819
10,0.1220024191773379,0.13239736925973355
11,0.10293434338862517,0.1224432630422223
12,0.09886463465764561,0.09813280415700598
13,0.11149410513180569,0.11520501032137376
14,0.10191154058072782,0.12355354748253244
15,0.11310426496209836,0.11232330868951745
16,0.11066465365873523,0.11785489859723786
17,0.0977373300271509,0.12827423266324622
18,0.13831952824664007,0.09923125863891746
19,0.12579374821913136,0.11333273089995166
20,0.12471035345069104,0.11005678674129449
21,0.10621628867865573,0.12588907943686145
22,-0.4879802956823005,0.0999094362841868
23,0.09786510171729024,0.11573454471260147
24,0.09958131989677543,0.12047643516821682
25,0.12435517941142549,0.11048829452884501
26,0.11695852743381341,0.10058597766461985
27,0.09918410119694876,0.10739832711265263
28,0.10861359379212376,0.11181102036679791
29,0.1171955758217691,0.11044493579534187
30,0.12894111226709692,0.09616503776704688
31,0.13327362586731728,0.11227181281956788
32,0.12312541333119809,0.11243217659582228
33,0.09266919933581574,0.11554622329795095
34,0.09916478218065938,0.12022117355367823
35,-0.583838748724743,0.11264798274195442
36,0.10646518697556662,0.0899338384616819
37,-0.7388266285684313,0.10572764496807396
38,0.10082054926068551,-0.7051791517139763
39,0.11356394878825027,0.10969048137658732
40,0.1195381374942166,0.10698424930870476
41,0.10293119320889232,0.09903367523309581
42,0.12487762773745659,0.13494828293756855
43,0.12427978736638945,0.11317794971867579
44,0.09117483875831223,0.10686066493207114
45,0.11558228157232575,0.09712057325924195
46,0.12383913474331631,0.12084839633369282
47,0.09967214629813315,0.11366366109934667
48,0.08174318087314303,0.10535077146929206
49,-0.5251073075088284,0.10948324253114072
50,0.1356320036876837,0.12397027657535631
51,0.12059479030160003,0.10886105308785998
52,0.11345156453637828,0.12400154504079164
53,0.11581594349977165,0.09757429341096646
54,0.12436563951171431,0.10945000126523508
55,0.11396930716565379,0.09118115962937567
56,0.09208284877283202,0.09723009967553176
57,0.11822914713043198,0.13007602502112348
58,0.12131539468741259,0.11761885389393134
59,0.108305380598257,0.10556147501608826
60,0.09122874777676415,0.11545051943211226
61,0.10058104605718432,0.11466966456030803
62,0.1019897649604864,0.11143186194179888
63,0.09646645867518022,0.09199392742902468
64,0.11576660364738545,0.11382639317284848
65,0.10377882036120756,0.12375479667923339
66,0.10422315449678488,0.0901309882614807
67,0.1035735893862153,0.11160905138329547
68,0.12162678606899413,0.12329575694019024
69,0.10840057090771182,0.10891294411001806
70,0.12212291430473443,0.11071366172688979
71,0.11423420973426324,0.11617758331361272
72,0.12402088989387572,0.11204145810730837
73,0.10994409537960914,0.11135126234198056
74,0.11688641289884005,0.10165828955925482
75,0.12050264001633137,0.12343760634266498
76,0.11794672940753981,0.09713972201813958
77,0.08116809911853706,0.11411843219922457
78,0.10960145936016485,0.10747749595097078
79,0.13477581030045482,0.10069115433162756
80,0.10677932087066022,0.09417550586930878
81,0.10969966323750335,0.12126032131499409
82,0.10679252774478565,-0.6544223317815898
83,0.1262275190590505,0.11264493136005305
84,0.12327256421795574,0.1180801698498899
85,0.1335847892272961,0.10601050774148546
86,0.12052730032303116,0.09533154548224121
87,0.10559444100698534,-0.4525008700714547
88,0.11421303971665986,0.11629995344184563
89,0.12682014073159587,0.11551042362513098
90,0.12159663810208743,0.11754361085373644
91,0.11211403691364485,0.11254617927506527
92,0.10753943525196208,0.12779179437748822
93,0.12286415906225545,-0.43231771936241314
94,0.09538605998309557,0.10277285597192742
95,0.12681150383658446,0.11229406496433048
96,0.10321789613028898,0.09729594482714621
97,0.12634278575451874,0.12078055071830907
98,-0.46230565643287214,0.10952549402051082
99,0.11529426280286148,0.10807250683033498
100,0.12821667965194972,0.11125704364128652
101,0.13404396625303328,0.10343054993924627
102,0.11582628554533891,0.11330516259739931
103,0.09739140934966972,0.11539154463559909
104,0.11919885891738846,0.12825324648340453
105,0.10840978931490008,0.106061140888279
106,0.11210103172564256,0.12422478847482354
107,0.11699787893814784,0.10528884186127963
108,0.0964644978509741,0.11462502469154234
109,0.10112486100117946,0.1301439633416941
110,0.11419012454376176,0.10385207438439448
111,0.11076731413427154,-0.4904343304461657
112,0.12315934568986675,0.117092648342217
113,0.11570778952420002,0.10739224250555557
114,0.10950830733082162,0.10688205030674025
115,0.11661130065679415,0.11559324202463639
116,0.10373295341450484,0.11534106161312008
117,0.11110587961541452,0.12742047484633812
118,0.10344307344438985,0.11171565862090738
119,0.11376989104191604,0.10899545585993353
120,0.12351560847989473,-0.6645141915775512
121,0.10561560088790634,0.12682182837774936
122,0.11858504056023067,0.09596479002416003
123,0.10483539687974974,0.11146888491161389
124,0.1013213362158305,0.12520501683781204
125,0.11153474789669948,0.10139987541439766
126,0.1225707255096593,0.11568332163289208
127,0.12172922038458522,0.10135548451908005
128,0.11742029735613269,0.11242590118731721
129,0.11061560473144638,0.12403551501095733
130,0.11672328934233223,0.11616565133869838
131,0.09696636111276091,0.10140765384630246
132,0.11111465157038469,0.11462776432554067
133,0.11632030954970474,0.11597007749040489
134,-0.43250208402516666,0.09353612750751306
135,0.11925079940539152,0.12885753632234032
136,0.1326370020976133,0.12684859227978973
137,-0.42716284955431527,0.08308578133550437
138,0.10183856900611121,0.1264624767268756
139,0.11937916767691448,0.10353420839343341
140,0.09673106739287451,0.12104069861329192
141,0.09954804571617282,0.11183704207489198
142,0.11556599918661425,0.10908530283571549
143,0.14147506829383572,0.13732452888711166
144,0.11117058515840306,0.10662009895854041
145,0.11184854976783076,0.10380280516385532
146,0.10566101660759397,0.09428086821329851
147,0.1096785746210136,0.10644584903085641
148,-0.48378787835671777,0.1132955101311246
149,0.10941910291617485,0.09432896392361045
150,0.1027060311672694,0.10480166682041725
151,0.1251777006175956,0.10883628758204966
152,0.10439849663268252,0.12308480266438959
153,-0.6078388008058433,0.09833233362683358
154,0.12448556588311632,0.10914563228204388
155,0.10676916442336437,0.1127727441166424
156,0.12514546905034774,0.11580959671631996
157,0.11076339677921299,0.11047998373569734
158,0.1228636375027532,0.11364623743480262
159,0.11050379396926813,0.10718330040522273
160,0.11575477798820466,0.1238724291193245
161,0.10083099282298136,0.13386618002167894
162,0.12072333337433028,0.09347100935736563
163,0.11777193472861702,0.1248910234315328
164,0.10488985807822737,0.12404064743368859
165,0.11664124108292939,0.10566077516891115
166,0.10156281673215517,0.1001300846708677
167,0.10059967528804203,0.12049882248282451
168,0.09710069294679058,0.09748804013572321
169,0.11848018800410287,0.10569708612085105
170,0.12707295825503717,0.10663724001724928
171,0.10760205856379312,0.12084844106584658
172,0.1318384610994987,-0.44017863364964305
173,0.11197161525174049,0.10483091750454121
174,-0.5146210279714887,0.1043982973790456
175,0.08453067510693613,0.10780002214043294
176,0.11416556057342264,0.10327402138289843
177,0.07947273642778119,0.09825784127884107
178,0.10581164749638572,0.10198116140986113
179,0.11089880492721838,0.12714506622783284
180,0.08803990981378562,0.10582788120275421
181,0.1238897577404725,0.09680490191985758
182,0.1085337624512519,0.1032124580393654
183,0.11554313403869787,0.11674014378395747
184,0.1327765323803145,0.11357103096255128
185,0.10384274216594891,0.11054984484041097
186,-0.5581302543799216,0.11045823711103253
187,0.10958026766347273,0.10601333632388332
188,0.09167619089571799,0.10070920171316922
189,0.11402886409173263,0.11657961804545947
190,0.12087400686507532,0.10009762808827771
191,0.09712487949545623,0.104066803987237
192,0.08705785019994772,0.13210811896169217
193,0.09159207628203991,0.10617530443217271
194,0.10134994301444333,-0.4937417827563201
195,0.09900694758016493,0.11970613500660421
196,0.11303684764095268,0.08864624146418798
197,0.11015875435598699,0.11346103207952196
198,0.11627568743462291,0.10949211847324714
199,0.10804990329280595,0.11803397254187353
200,0.11528887148834532,0.12003448693408458
201,0.13169262238404378,-0.7768895468268137
202,0.09798485927549216,0.10098621131939667
203,0.11349453872624293,0.11647304606558029
204,0.09035584948348396,0.09705907731931451
205,0.09424411648216946,0.1292043928615152
206,0.11931474296982336,0.11638115693346007
207,0.10274332764438832,0.10202075843445213
208,-0.4449983288197047,0.12532695157642393
209,0.1080312489878501,0.10203563537885496
210,0.10521416824349039,0.11439350372034918
211,0.11101575751940018,0.12382069136016449
212,0.10962232710536579,0.11482621364474799
213,0.10588366115647818,0.12256788710168931
214,0.1127166371976287,0.13253107717550683
215,0.10945417639432464,0.12522476868162258
216,0.11710943864450152,0.11931466186942608
217,0.12576465971959738,0.12482556828460845
218,0.11655242125154275,0.11702687095485742
219,0.10598254372178695,0.08515700786265135
220,0.11131550533248813,0.12933611750525853
221,0.11655307240613233,0.10934727631014596
222,0.12230570351637104,0.09777896242598105
223,0.09957641572810738,-0.5364310271250198
224,0.09217927125592995,0.1406942902768138
225,0.11226134646325137,0.11697450816503885
226,-0.5092191120821521,0.125756289642857
227,0.11251341735221909,0.10576354125739473
228,0.08966816567769897,0.1008728903846623
229,0.10896686328205529,0.1354912067582048
230,0.1315767167319164,0.11665130230229082
231,0.1012300435574931,0.1143822127258447
232,0.09576783007003264,0.11216391728900121
233,0.10123084409258509,0.1154789193735295
234,0.1163846906444852,0.127581714896422
235,0.1142103554933045,0.11640490387512736
236,0.10702538470139267,0.09122192769793092
237,0.09968182159579553,0.115822052604726
238,0.1209483423439428,0.111179808447599
239,0.13890510612300178,0.12191657635116937
240,0.127983895360696,0.10266438422610147
241,0.12358144166905016,0.11079466798915583
242,0.11422932486152892,0.10805193283824455
243,0.12003248487231244,0.08892175794503321
244,0.11294190612811295,0.11494663310160602
245,0.10569540591937576,0.11150099160142579
246,0.11209255565489884,0.11980848908010522
247,0.11267652959822683,0.12069266146849622
248,0.10873374121030799,0.1099484610996968
249,0.11341226393814807,0.11886640887704836
250,0.11178704139616236,0.09821329011796198
251,0.10687629947952004,0.12034440462309748
252,0.1204354223986348,0.12791219206876692
253,0.0995563362022478,0.0971630256434648
254,0.12051331634988283,0.12247122544518096
255,0.10909457503765152,0.12437006530242511
256,0.10018908365003809,0.136271894894193
257,0.10659691644195668,0.09723723596043587
258,0.10219269473036774,0.10605407660966648
259,0.1092407783862821,0.13486706844649676
260,0.10995861363823267,0.10871979489814843
261,-0.7182328812243344,0.11821957067498956
262,0.11556784895342931,0.12137774426765757
263,0.12178403067447507,0.11949734564580416
264,0.12103571957197778,0.11520183791409977
265,0.12105528384692543,0.12144832967358199
266,0.10269036489209205,0.10385961477097294
267,0.1009491191304086,0.10679773657018177
268,0.12665035885836518,0.12169571552693603
269,0.11492446041749127,0.11875191565846732
270,0.09957900721607138,0.11561202224107281
271,0.12349645062479331,0.0996520387001274
272,0.1099902537777806,0.12386367941153709
273,0.10473042027768797,0.1121740392954147
274,0.10844143470130008,0.11116971124202335
275,0.1247048880674324,0.11013262575157179
276,0.10384478075028802,0.09015083877927932
277,0.11644427729057272,0.11065118451995049
278,0.12960477033856077,0.11726316231494316
279,0.11868832901855142,0.12184587145870984
280,0.11528299825002808,0.10549812175781748
281,0.10427200561935979,0.1167009420793752
282,0.11031254155055992,0.10149101333541899
283,0.11492392626822112,0.11166235532992075
284,0.10067759490824968,0.11557029443291378
285,0.11137163435497044,0.10799408935832755
286,0.10226869485638246,0.09743146029896343
287,0.10805381991447871,0.11091121537033
288,0.11393844366133377,0.1098692788630844
289,0.11417181784359154,0.10663429297402338
290,0.10689575600102574,0.11614854488158222
291,0.09726142974402552,0.13624367944722238
292,-0.3597680096032848,0.11029633404925798
293,0.09106873196930731,-0.6135145850609034
294,-0.672951607083939,0.10913116900530495
295,0.1117107066845977,0.12487619914447978
296,0.10582447950141427,0.10570697369145288
297,0.12110719464406161,0.08969165593848727
298,0.09648866963608094,0.1136091519004554
299,-0.709424261951114,0.11144979807500333
300,0.12087911243306793,0.10516683538427118
301,0.11253034970071218,-0.4222256638914266
302,0.10671194871638923,0.11040569550886992
303,0.09864472237069943,0.1131397985208642
304,0.1050721633692615,0.11782752822837428
305,0.10598608748626659,0.1116040748914009
306,0.11838140690713694,0.1127757142307022
307,0.10822475591125724,0.10473321705281058
308,0.10246681159261595,-0.31702774759622976
309,0.10571992550421672,0.11926502964233832
310,0.09764525550578074,0.09312393109085604
311,0.11837924660110755,0.12173472276221253
312,0.11161543271030805,0.11427283971768931
313,0.10887380635937882,0.10271138103740918
314,0.11736661684483685,0.10206644674355192
315,0.10146193990110608,0.11900171696759232
316,0.1262893879446667,0.13903815196439862
317,0.11467581720845255,0.10801339328461279
318,0.1102453373482839,0.10475751007420064
319,0.10410108304647969,0.09534937325014292
320,0.11367866698365026,0.11153806154255896
321,0.11171702136630901,0.09942864653673422
322,0.09269478861317237,0.10723459304067906
323,0.09980018346757813,0.1057173194053469
324,0.11920362616971003,0.11485140143529748
325,0.11464229233947987,0.11524758468235907
326,0.131819806851579,0.12057819123027702
327,0.1338886132520043,0.11409492993917825
328,0.1102443788341716,0.09383200462488794
329,0.09968162865827712,0.10229112306493926
330,0.10408931540202682,0.10549263837629175
331,0.09861462492438933,0.10303220382706257
332,0.09325185294364924,0.13965633415537382
333,0.13631998475733753,0.11031775361113438
334,0.10922838986244154,-0.6474418826381658
335,0.09652312807412256,0.1180573886801286
336,0.12216684341909012,0.09153217816711479
337,0.11501716048363275,0.1128252826819669
338,0.12576984239141753,0.10692238769325924
339,0.11132055559875242,0.11799731364221966
340,0.08958819261671769,0.11058742412809242
341,0.10575221043159888,0.11840890097628076
342,0.10611300113954303,0.1021053069562532
343,0.11379552634446988,0.11090063047448262
344,0.10436533281264881,-0.5286714235753651
345,0.1139486774995484,0.12258118983689448
346,0.11216199354469936,0.11203889825711388
347,0.09857053340816235,0.10808107180513304
348,0.10925266125918087,0.11878149985744835
349,0.11395078507328327,0.12384551887482442
350,0.10754225649402094,0.11524173225878442
351,0.11623618665126201,0.12220147679035187
352,0.12282165497897046,0.10410423850717487
353,0.12640651754357268,0.1229106061892189
354,0.11543774678143759,0.1320070698372504
355,0.09671249826096862,0.12280816569976394
356,0.09886583829575502,0.10909239681499083
357,0.12175570598792285,0.12462405177556457
358,0.1141332302189586,0.12913527392469804
359,0.10881460240798746,0.1074589600199467
360,0.11328367150606433,0.10942961015539199
361,0.11107317668158001,0.1286349001917133
362,0.10508753618372402,0.12248116080657856
363,0.09831397969933775,0.1177841439327656
364,0.11264177591119684,0.10051400488751017
365,-0.701428475301217,0.0983558527132864
366,-0.6115501547805375,0.11157468383090619
367,0.08372827047361331,0.11027039724279297
368,0.12633763217965877,0.11693671230757552
369,0.09066439176678642,0.12803063452646324
370,0.10187641253720736,0.09308521788825752
371,0.11123166069338652,0.10346934642362027
372,0.10188196599470722,0.10342642770226562
373,0.11841879011716627,0.105286813547395
374,0.12447418516329067,0.11354996453835553
375,0.11837299075271068,0.12143896912214625
376,0.10766586987260851,0.10318795908231104
377,0.10365659587077869,0.12330227891687229
378,0.09203219089120607,0.10900567259370786
379,0.12230425917128462,0.11829384935714993
380,0.08205653824986814,0.10393379203137987
381,0.10408818599665604,0.10400404933440344
382,0.11598702805020067,0.11745680922081347
383,0.09749933306574099,0.1133450959001221
384,0.11616260502987696,0.08618891682069574
385,0.10136606904068746,0.0929639868091876
386,0.11255234803938352,0.1049324884771543
387,0.10658956324093749,0.07527273258450995
388,0.11649195661347234,0.12215891931528211
389,0.12417835932734755,0.13373164627905787
390,0.11387025146168739,0.11953792471729807
391,0.10217740120115759,0.10573487754819655
392,0.10937467909935039,0.102021183465135
393,0.11716656512559709,0.10269527861682448
394,0.10565637155638985,0.11175422045886219
395,0.11078128611815652,0.09820813976262266
396,-0.6341247093765471,0.11344809406093548
397,0.08987342924258068,0.11398505413666582
398,0.11256240214255286,-0.5139701641515193
399,0.12162908115163895,0.13374363092446506
400,0.1064750720011054,0.11893369221758521
401,0.10152209137256052,0.10992827947864559
402,0.10214432916946103,0.11219451120867086
403,0.11395662502939286,0.1065161222917892
404,0.11032092288585726,0.12060108837036476
405,0.1048056442083114,0.10744060075397743
406,0.10392380481845076,0.10911352352380144
407,0.08689480834050811,0.11639100865549379
408,0.12620651184593323,0.1194289636386845
409,0.11415395081660185,0.10797228145860394
410,0.10872629090454056,0.12221690281408004
411,0.11638485343846039,0.1240008564991173
412,0.09098555149738452,0.10499103536407994
413,0.12262002496754376,0.1207401069538192
414,0.12367620763154408,0.11157148844444498
415,0.11759064735444635,0.14589811795844088
416,0.1125038520205841,0.10500923025439901
417,0.1209554039178784,0.10828017169323312
418,0.11716262131137989,0.09799092816711719
419,0.1271079422029635,0.1273911065755955
420,0.0976283487020515,0.11665980139354137
421,0.1194940259330386,0.11608103400583292
422,0.11821452222609063,0.10405777128224392
423,0.11432155112423348,0.11341218677676546
424,0.12318735614988263,0.12025485472635955
425,0.120817189905577,0.1191464273803109
426,-0.4345337688342693,0.10384013379603596
427,0.10958417689525524,0.08492311427865729
428,0.10806300700291982,0.1183045610740856
429,0.0905959826726419,0.11128517162257645
430,0.10678331805138841,0.09398130369455693
431,0.11786680237857072,0.08345559255893198
432,0.10085530937681941,0.09830878847799629
433,0.11559762492734316,0.11966208122040944
434,0.10987071983251084,0.12625345979834268
435,0.10832077640066218,0.11361820525776034
436,0.11501777653090639,0.12726178424097645
437,0.12407919031826187,0.10994391322639663
438,0.12488935525645983,0.11980490001812338
439,0.10771774659950029,0.11111615867737745
440,0.11584128907180236,0.09921648320571408
441,0.11202608004048065,0.11864693344275179
442,0.10433931685828446,0.10575032755202463
443,0.1259805309311901,0.09911236690768521
444,0.11408782683382124,0.14383192917357546
445,0.11040703246925876,0.10547454223284847
446,0.10124765357177923,0.12705562005919657
447,0.09593301463599024,0.1022935021913749
448,0.10803383649518206,0.11292799345032223
449,0.11676503487321388,0.08713670621261471
450,0.106237267225749,0.10276578623009214
451,0.11216357883575223,0.09383126920950291
452,0.09752105981266523,0.09541049112502886
453,0.11184571469353966,0.1092497918915718
454,0.10493681565921165,0.11309859023593272
455,0.1033098943538242,0.11416371889680721
456,0.12597619314354058,0.10979873140927165
457,0.12230529810803259,0.08310634101014758
458,0.1104814333156321,0.11765645870400987
459,0.11485909030076136,0.1308025166406832
460,0.10935809058184964,0.12190214371356811
461,0.10878749229816131,0.10976107852122463
462,0.10120963142173056,0.10406495139336625
463,0.09079979372228242,-0.5138689568180268
464,0.09159571572879077,0.09368298997012925
465,-0.40858787004582386,0.11536749732304163
466,0.11320656867837253,0.11576083388197045
467,0.10985680438874912,0.09501769350375011
468,0.1141761538039412,0.12278231817016372
469,0.1128568212721246,0.09430827897943983
470,0.11314335698697109,0.10999268371195736
471,0.11768344660031138,0.12806506904515635
472,0.09224399232988967,0.11125430759153931
473,-0.5464569792848708,-0.4484310680736263
474,0.08889337232128813,0.12546077332848604
475,0.10072557595049503,0.11799014946523023
476,0.10823245861597086,0.10871739797504865
477,0.11252278642055735,0.1253019017662247
478,0.09073742937985307,0.1283479426756069
479,0.12389190557783514,0.09702083363840841
480,0.11833196220392961,0.11975191610833691
481,0.09826632114979605,0.1152205370360122
482,0.09868800245598508,0.12252596250232783
483,0.11031230518625001,0.10190108143902243
484,0.1265373994119341,0.11381991915481304
485,0.11874392724568983,0.10288740335332247
486,0.11076383265086309,0.10684407552728437
487,0.0998310022707316,0.0965681590958618
488,0.09423511236834536,0.09363378110151444
489,0.13148129948123133,0.10667782637706269
490,0.09613125378257092,0.09636548504794029
491,0.11058533967655171,0.0882625944425599
492,0.10323695521544818,0.10315639312447322
493,-0.5568722771130851,0.11746466067883343
494,0.10475942509608749,-0.5778679933621295
495,0.10668974109842644,-0.44701234549395075
496,0.10603144870812309,0.11656094574616249
497,0.09862412596478687,0.10309832566004795
498,0.10909104756329158,0.09029685103080398
499,0.08756498270643709,0.09719638243849982
500,0.11955559489641066,0.1079236388562379
501,0.09799480260897009,0.11691422138642715
502,0.11753362838295067,0.11778348933195248
503,0.1181192875817183,0.11328221339549716
504,0.1132166783270212,0.11115632794924601
505,0.11220192529430917,0.11495770429101615
506,0.12469648934259814,-0.6489470688122518
507,0.13187137148688688,0.09980188706126736
508,0.11058187513533024,0.12248835009811443
509,0.08687577391308277,0.12460261702138187
510,0.10779746565723003,0.1463634186417444
511,0.09909473204990515,0.10135735182660288
512,0.11146823273969497,0.12275204250793892
513,0.10621884575722795,0.10639247628226967
514,0.1239373499753964,0.11219164931527414
515,0.1116591667970428,0.09398619498340577
516,0.1127987855226178,0.10896857260345505
517,0.10900409593164673,0.1285896722927018
518,0.12501029380518047,0.10341171936894766
519,0.11130349512313997,0.08803953266533782
520,0.10794644669445819,0.11646752360555501
521,0.11030835996078658,0.10636456149028106
522,-0.5445251759796179,0.09877416482160517
523,0.10705933248429456,0.12525461858081544
524,0.10381205681702443,0.10537093496161809
525,0.10062893937348849,0.10607347641119236
526,0.11980522393003912,0.10667797854670313
527,0.1078615799215652,0.09105110793022209
528,0.10002587974991783,0.1111876648532597
529,0.1241294124382557,0.11050464321780651
530,0.11679732367395301,0.12968867821709118
531,0.1000842601624845,0.11621883477077377
532,0.11800430823450392,0.09938206610183609
533,0.12315509177305128,0.11744773030894895
534,0.11753650243708225,0.09646785105833078
535,0.13443386278175695,0.09855372344001423
536,0.106581008788738,0.12130815315070276
537,0.10263103071121193,0.10363131749247279
538,0.10443926824643235,0.08691328724046943
539,0.1220372355209074,0.11247569082457387
540,0.0851484528545372,0.13438354415660547
541,0.10005847435102644,0.11568610210874253
542,0.11491076098233766,0.11235564138949816
543,-0.6448291483677231,0.12275238375890751
544,-0.7161244771517971,0.11262972076974598
545,0.10959257983667614,0.1038562547877262
546,0.10430306183337867,0.10276233788393374
547,0.114634016408379,0.09624113727138917
548,0.11254163626261415,-0.42734387002147134
549,0.10804569707422407,0.10984581261457982
550,0.11793499110703709,0.09447886278167972
551,0.09470797532716779,0.1091429230638199
552,0.09562746932213506,0.13399049336844016
553,0.11218084471399115,0.11325871391353393
554,0.11887440145034156,0.10987196678418276
555,0.113186185719365,0.09797321785713509
556,0.113221343612814,0.08453008675356077
557,0.10825504174064449,0.09948052342725844
558,0.09969984006774024,0.09462501338428453
559,0.12444111661469615,0.09481941046201259
560,0.11774704987814144,0.12033584012340581
561,0.11537843539421311,0.10634306832194107
562,0.10789926482368806,0.11224541485553785
563,0.13097949787132368,0.11709034461023538
564,0.10160676447892403,0.12085130303610736
565,0.095228792448939,0.1075341916177932
566,0.09594020971176587,0.1060987019841948
567,0.10882625930494405,0.12536788771358442
568,0.12658726768630202,0.12198483541505167
569,0.1033492092762156,0.09341320325176317
570,0.11220217705995905,0.11235062400318752
571,0.1072993802852571,0.10181986434455315
572,0.10785974642415774,0.09597505879294732
573,0.10409942661886351,0.10208620961060921
574,0.10452368806369328,0.10775701524883496
575,0.10669063498513709,0.0902007918259422
576,0.1183100534007997,0.11821059484926111
577,0.0928809451340793,0.11184311397869218
578,0.11206130100857958,0.14277447305193336
579,0.11239105238306046,0.10575290068140752
580,0.11278988812346613,0.11423914274787439
581,0.11152097996913057,0.1207027653083943
582,0.12294324859816719,0.11463910747247574
583,0.11347162693546387,0.09476769455872924
584,0.11020341472445194,0.1165293434002288
585,0.09571801784962908,0.11006516631296037
586,0.12537038856496507,0.11655162549027165
587,0.11342810047313878,0.11524641585868012
588,0.1391493949990792,0.09829001646908186
589,0.10500832225731771,0.11194047126816109
590,0.09596249870929863,0.12622690051484087
591,0.111013660426446,0.10523337766039087
592,0.11125648819001133,0.10032966606783766
593,0.11088727089761008,0.11109866519948564
594,0.11560038291385322,0.1307179174450246
595,0.12945752203773586,0.10094451227544554
596,0.08114320533006403,0.11056343548425085
597,0.10723298180878071,0.10786623486488334
598,0.11644208199852302,0.10925530209877388
599,0.11627169375129132,0.09930526435441189
600,0.11256382417934319,0.10873159626000084
601,0.10981033044326649,0.10865474678722631
602,0.1298347719900257,0.12608522874189276
603,0.10446142443801487,0.10149876385220735
604,0.12321348663328635,0.09588883425733807
605,0.10059770469511164,0.1081358615513579
606,0.10183792348247556,0.11151225202158188
607,0.09989672230624747,0.13005163366990113
608,0.11446894361697435,0.10985013126881138
609,0.10902763955756689,0.09666379936968617
610,0.10129599717882853,0.10390996422679333
611,0.12002786563933565,0.10843276956506176
612,0.09562895424260653,0.10789865511521968
613,0.13368598007339094,0.10710464767302863
614,0.11379068629834221,0.11131847531878347
615,0.10821450862027948,0.1195578106516415
616,0.11752286025646641,0.1166609618598311
617,0.10607431650960919,0.09947733006724624
618,0.10628679946400776,0.12688440584997318
619,0.0984252104772958,0.11754054437469752
620,0.13911519575142584,0.10719650036939288
621,0.12084058547288223,0.12406243670037664
622,0.11686726862373842,0.13883327404071344
623,0.12691184421549595,0.11497319162289532
624,0.11651980939535722,0.11334740349037453
625,0.14721161794883497,0.1153949177537259
626,0.11996534122828661,0.09856632366403084
627,0.11418834157334912,0.136581322380398
628,0.10873635093638634,0.12084491921553298
629,0.11186637834090973,0.12383630377430532
630,0.11948114451491887,0.10527000923459129
631,0.09093739631659359,0.13501446649017934
632,0.1279869797200257,0.11490424793174636
633,0.1124316002378638,0.09527350350366848
634,0.11793427163855696,0.1169200645830979
635,0.10610866500492566,0.12680627051093896
636,0.11259939822669085,0.13889272242932638
637,0.12725698496872195,0.10776187895408929
638,0.10168290967094884,0.10742348878202779
639,0.10282305831005112,0.12115302634726022
640,0.1123617110368047,0.10556583431726096
641,0.10488257968874204,0.08308799270069844
642,0.1001599926540584,0.1036084011188716
643,0.11561516919646975,0.1100649317589002
644,0.10272883392161014,0.11217063000775829
645,0.09650523036962122,0.13131499031205074
646,0.09206379942282772,-0.444979547355858
647,0.10611011424080874,0.1090259675498142
648,0.11611419949959578,0.10738439918506848
649,0.11099637495235837,0.12084383737426307
650,0.10330052819986446,0.10513596936514369
651,0.11369298152438989,-0.5242880198983703
652,0.0978823361593002,0.11544187190271549
653,0.10554348372194666,0.11597351994508132
654,0.11889396559287091,0.10462739710711655
655,0.1124127829648871,0.13420211384846636
656,0.12664348091117805,0.09724446684730825
657,0.1078562846934199,0.08925508559569018
658,0.1165122082925063,0.10766495249218178
659,0.103662155844096,0.1298536266469945
660,0.107006665576038,0.12024102006987025
661,0.10116415533774137,0.10363940094104573
662,0.10829341971054829,0.09931880175244023
663,0.11421459719750082,0.11272582335304304
664,0.09919117156633606,0.10274690206861026
665,0.1048760113698155,0.10784331835485261
666,0.11630269639583357,0.1109823128387748
667,0.13303963519104678,0.12345795946329119
668,0.0909557459882604,0.10953167529900676
669,0.10694274869260556,0.11196339024554947
670,0.1247219971443354,0.11166614286681598
671,0.08344392367054154,0.10368190377945519
672,0.10654208182350478,0.12331703949062311
673,-0.3579824573153444,0.10492780737720642
674,0.12360802608260912,0.11128005076179837
675,-0.4892574485769552,0.11956547591712607
676,0.13769051093152895,0.09763906165068814
677,0.1351268645942345,0.0933432288812146
678,0.10015796932917254,0.11475531675987516
679,0.1276234312711606,0.11937653869982046
680,0.1114760471134244,0.10724491419566595
681,0.11750202743835025,0.10362009039843012
682,0.10145953751048298,0.12026307992456453
683,0.09670530779554398,0.11418733109829504
684,0.12468166898430622,0.12188292056468009
685,0.10991332888668182,0.09129704589041387
686,0.0986988692350248,0.11173663617379725
687,0.1217471153273908,0.10072067227307624
688,0.1249738345425997,0.110194360843888
689,-0.7385789214823465,0.10762196040268535
690,-0.6443390578781214,0.09701612388280023
691,0.11610918776259305,0.10862300114171664
692,-0.5584174172552647,0.10620327149319109
693,0.1083587561019852,0.10641279803939452
694,0.10613520234450657,0.12522806564106603
695,0.09358414581179342,0.12659415160504683
696,0.11204436719971667,0.1107068129208546
697,0.07591675643404328,0.11516866485395294
698,0.13227815454291703,0.11308755342230437
699,0.12791825040993832,0.10916400957954742
700,0.11009873153018668,0.10636902749818344
701,0.11473255016190675,0.09221394373077008
702,0.12113236081607703,0.11664922557900659
703,0.10382017459855475,0.11663450997403424
704,0.10040107025107425,0.10850855316908237
705,0.10548972924880484,0.10783113594349114
706,0.10955584982219091,0.11648156589483505
707,0.12342955351037532,0.11449143864384359
708,0.12319743716656983,0.09786743825500088
709,0.11504060845183361,0.10086693929792934
710,0.09476547252948309,0.11153191736621149
711,0.1055833644959947,0.10344894971044938
712,0.09948740192785177,0.10992286876078095
713,0.11568181406858957,0.11662444233377012
714,0.12471370702029683,0.1334828847910028
715,0.11273595252061375,0.10834636761878857
716,0.11095356899988129,0.11590235447697239
717,0.11227008708966624,0.10771541872991142
718,0.12921278080091847,0.1247695475687085
719,0.1217235878500047,0.11111104199393074
720,0.11221785311808419,0.125054839114092
721,0.11259001584251527,0.11994848496612942
722,0.11114166993580255,0.09664607931859215
723,0.12211128775050017,0.11505500684341796
724,0.10169312651682838,-0.5775738827991216
725,0.13002333317436787,0.10854623254013318
726,0.11895791943026657,0.11192826753884577
727,0.09626112536546838,0.10185885599633426
728,0.10571636803356865,0.10825482562952948
729,0.10187675992027834,0.11722646883031707
730,0.11449314703711289,0.11771419462300914
731,0.08627680162132956,0.11136527015942499
732,0.1102264416914891,0.0971596579086329
733,0.12162843045213356,0.11878314974961524
734,0.10268353186745105,0.10650680346029451
735,0.11868798540515413,0.09604434405328677
736,0.10718408747974317,0.11180247613320571
737,0.10606256903144251,0.09215724905466005
738,-0.48385696996676886,0.1130187033161032
739,0.10135162274060017,0.1290192003679993
740,0.11895831091359454,0.11310798820362011
741,0.1230741792915857,0.12638704958830127
742,0.10275776435539474,0.10875598636939965
743,0.11175577746853915,0.11922597860346817
744,0.11537049436604119,0.0858367572074632
745,0.1110454310058675,0.11241319099918767
746,0.11034179614700879,0.11477178209561512
747,0.1281788420868002,0.14103956931511186
748,0.13044871939343894,0.10869017339623155
749,0.10455008647277242,-0.8148071788332611
750,-0.4729370457013887,0.0802416441055418
751,0.12113047334171201,0.11855717152276801
752,0.11322875616263728,0.11971622115915537
753,0.09160938820252995,0.10881671715706265
754,0.113850564563305,0.11723592933237947
755,0.10748996021132373,0.1207054960048144
756,0.10413566935369611,0.10891950841306453
757,0.10456870479935287,0.10219565270948405
758,0.1064253616896984,0.11771673722288378
759,0.10329689101292305,0.10659347964965216
760,0.10209989040421052,0.10711405650645367
761,0.12282265127610503,0.10713665432811559
762,0.119529901250504,0.12541159125819967
763,0.09814603354014806,0.11647442176041412
764,0.10789761436496836,0.09941713072913405
765,0.11874554300612061,0.11945093145382968
766,0.10901481601574092,0.12763185351565376
767,0.12828915176965783,0.11513906538413865
768,0.12440468864082033,0.0915547682953941
769,0.12282182777440998,0.13461431488467568
770,0.12105465137797711,0.11074248806378417
771,0.11450299202648773,0.11471194299487175
772,0.12875336321848296,0.10444230040582991
773,0.11348866056356854,0.10128402357877797
774,0.10940049736659185,0.11833770420845413
775,0.0922956118814573,0.09736423637800895
776,0.13250920879886063,0.11542714887817729
777,0.12436672512263902,-0.5237182545830648
778,0.10344554574135723,0.12452764500916524
779,0.11395122354419973,0.10515856229777643
780,0.11753790470844505,0.13889067906571717
781,0.12187066230616472,0.11909415161374692
782,0.11214883779622897,-0.6577584618759372
783,0.12551165723247748,0.1231462168123072
784,0.13137659449501715,0.11685506043250937
785,0.11377830921985521,0.11042450519904601
786,0.1037477240492588,0.11710873214385997
787,0.13249528062996907,0.12215289367753801
788,0.11385636930512022,0.1103422270787171
789,-0.478484023392156,0.11695179857155447
790,0.10330745615538373,0.11118838367705819
791,0.11663219611051168,0.10539450478410628
792,0.1287412366617917,0.12806354264343067
793,0.0935069298484017,-0.6403839864084064
794,0.10811424551264293,0.11754915320606085
795,0.1305696822527056,-0.47883417115878335
796,0.1123701168238127,0.11417313067884272
797,0.12256305490521635,0.10361703273010625
798,0.1172210936425333,0.11177481109920362
799,0.12289653931858324,0.09979504110580417
800,0.11606352285973642,0.11974866364552761
801,0.10069923415483606,0.10649987543412931
802,0.11407978545463116,0.12263298377638021
803,0.10947872982852758,0.09798596992263975
804,0.1108226738997895,0.1057519299805374
805,0.1008598707386148,0.12490351021473312
806,0.1276313656673036,0.10856965152172937
807,0.10236499567970059,0.10104610393355795
808,0.11820378844496537,0.1227091767097086
809,-0.41195420686436823,0.10824075800398592
810,0.11840632411857932,0.10049755981046493
811,0.12351465168721587,0.08919838444816874
812,0.11297062108719702,0.10058347708786775
813,0.11171100749568397,0.11202749220900388
814,0.11307218174990452,0.12295592405962541
815,0.11489558219433982,0.11901097786446257
816,0.10517469877588459,0.12694963309887908
817,-0.7244709153152626,0.12592330131991747
818,0.10523399771670627,0.09138682107700702
819,0.09242296097018654,0.10895723195911944
820,0.11065894981482871,0.11708625374451875
821,0.0891741924596341,0.10696390074080009
822,0.13876971116779413,0.12075610980477802
823,0.10313053804191807,0.10941312385298829
824,0.09909271768165007,0.0976046198237821
825,0.11438899767346555,0.10506633744609672
826,0.09545566400405625,0.10341812874631007
827,0.1032555558040813,0.0969879525312729
828,0.08523569960950361,0.11704426588057015
829,0.10666790312262231,0.11707509796359528
830,0.10709344780857633,0.10105760064688485
831,0.10677551844881217,0.095027613346089
832,0.09354543277280247,0.09502509402024772
833,0.11336607187408565,0.09353162082961619
834,0.12650888730760124,0.1238373450561101
835,0.10503246042838699,0.10608982762315411
836,0.1145446361161837,0.10597955609355325
837,0.1010750225337349,0.11049911248130329
838,-0.5309265999832404,0.09568907094346879
839,0.13478065873824852,0.11807246499136448
840,0.1171271132418592,0.1076554642015497
841,0.1229945275180726,0.09063047080964437
842,0.10314369940265711,0.10522391904423745
843,0.12287749426457961,0.10974472094945975
844,0.1144275682595246,0.11148426744067064
845,0.1196883818770591,0.09837011796109407
846,0.11152027847420909,0.11941970217154041
847,0.0916393013797634,0.11525386976856922
848,0.11542980122011781,0.12756817177627
849,0.11893393297067822,0.10186140120335252
850,0.11862857492964052,0.11395364105582129
851,0.15099219011745624,0.10200584382593703
852,0.12212897579911752,0.09046252116876019
853,0.10321063439739353,0.12141590099405652
854,0.08156401227559185,0.10608384059506437
855,0.1162601400487866,0.12846530201656559
856,0.0922112408151623,0.0983316087974695
857,0.09893928392363027,0.11122107621879196
858,0.11176913133426569,0.11267011066921806
859,0.10530924473510583,0.09342423508520525
860,0.11738581354099287,0.11748642537368936
861,0.13003766602662048,0.10396084051944388
862,0.12116604317190349,0.11381796118975585
863,0.12485914773464102,-0.7029737131791975
864,0.09338593490943436,0.10507410529006456
865,0.11764691487713597,0.1113199526091484
866,0.11942539000664132,-0.8482083193525903
867,0.11829044009970957,0.10640084593429289
868,0.11182039417876766,0.12962673512114287
869,0.11876772650538192,0.10895853197234406
870,0.09205538533808943,0.10785500694236738
871,-0.5254420859075505,0.10860798186997855
872,0.1209608343459363,0.11647887936623302
873,0.1180797928736288,0.12169609079319188
874,0.14065833743110345,0.1005673205060571
875,0.11381451429186806,0.11814413360187292
876,-0.7282961937074903,0.12448661806608796
877,0.11965405438739074,0.0923985791623596
878,0.12096939308926147,0.12107379614441593
879,0.11463976897856165,0.11711253940283184
880,-0.5587718628249476,0.11592383687012253
881,0.09639491490983687,0.09945477735478936
882,0.11207296298818292,0.11126521091624109
883,0.11758768728700253,0.11135129972246416
884,0.09891103892494146,0.11605725829895297
885,0.1193177430636474,0.11625223846160893
886,0.12022180247687286,0.12032849862597317
887,0.102564003860933,0.1349552557459801
888,0.11019259909081458,0.13065055565505168
889,0.11188017105105819,0.11013694589616918
890,0.11209937425999805,0.09847967727828677
891,0.1152621972028618,0.10014156620070658
892,0.13902331636357812,0.11040291076758302
893,0.12416796464312707,0.1381802509881953
894,0.09784029953781914,0.11526382482387598
895,0.10143143351710182,0.12091919185816002
896,0.11563042189619566,0.12330892883314903
897,0.1106342599635235,0.10911055989144947
898,0.08344321019170065,0.12048185002578249
899,0.09190202136274106,0.1136958098035985
900,0.10918711277194659,0.10641713327547309
901,0.11691543387449133,0.1199774051647331
902,0.11482670836491682,0.11345639995941426
903,0.1026777597182571,0.1233772550176897
904,0.11454663129792686,-0.5382774078507091
905,0.122604451343028,0.12914959654650748
906,-0.5873555917009142,0.1346021099712873
907,0.09930723627635896,0.10925858882773087
908,0.12432942626014398,0.11425837324639154
909,0.11256379552420737,0.12287918498827932
910,0.1080749301316637,0.10462744958086634
911,0.1138664146301902,0.12089103548139035
912,0.1133757448945023,0.11095117795587184
913,0.15028630562064182,0.12205703676613933
914,0.11176455630179949,0.11301671252199097
915,0.1038190834920889,0.0996469235071602
916,0.11749317141779247,0.1095640384174632
917,0.10254206150804701,0.10724408431855803
918,0.13443473073592527,0.10794002467445063
919,0.10744781774797318,0.11834730791075132
920,0.09804482826238448,0.10600426845231326
921,0.08762702708641879,0.10299349201444952
922,0.1245030513886003,0.10620301706511914
923,0.11344540014054649,0.08601121184623484
924,0.10748506424339932,-0.5883571431659149
925,0.1049920478452202,0.10983957607269756
926,0.12308641887626148,0.12277533223340908
927,0.11935715602489894,0.10402433108437825
928,0.09546390859212872,0.11979056041615
929,0.1070340689169269,0.11988155230120445
930,0.09577547487224392,0.10702533850277951
931,0.09670976076550941,0.12792457364955467
932,0.12741290237609815,0.10849614657318285
933,0.11758730033311515,0.13598754627081577
934,0.09846924168206916,0.12017858327354802
935,0.11414555387791325,0.09613845006661004
936,0.12373353868463166,0.112947744265947
937,0.12709354926946959,0.11691396593462788
938,0.1357055390214168,0.09809870908653795
939,0.1298237733627181,0.1122542754382998
940,0.11531388123672515,0.10731573435750885
941,0.0984956722124779,0.11752470772612988
942,0.12642473561324397,0.09398260363780642
943,0.12167975261776087,0.10337640800999082
944,0.11059785154007828,0.12966245243772834
945,0.12250007136762386,0.1315020461535359
946,0.1126684781712064,0.11032855786440487
947,0.11785030717604017,0.10570594778149767
948,0.10997238855186398,0.10302119429398804
949,0.11107056890413824,0.10901033496350587
950,0.0984040323130817,0.11605626744253383
951,0.12167188761084313,0.11574593116114085
952,0.11203940805013102,0.08415685853483135
953,0.11782477025158267,0.08648483522944983
954,0.12926949775213337,0.11915117795777563
955,0.1029165080311607,0.11094695941056276
956,0.10696005573274525,0.11232324722213782
957,0.11473977098246779,0.11565647958153824
958,0.09655352464319145,0.0980566944811696
959,0.10742468766450863,0.09649195624112039
960,0.10428498275547571,0.12942364911582205
961,0.1250017989841421,0.12178185014807119
962,0.11025740545080032,0.11894079066293028
963,0.12436019616084093,0.11468106596544603
964,0.10613223332026545,0.10827483971144525
965,0.10633054762159255,0.12103447310758297
966,0.11687588882098532,0.11024820283499448
967,0.12506953698493462,0.09663798973170046
968,0.12050414666822418,0.13211160908009556
969,0.12910768630109692,0.10983180846514129
970,-0.629634462250399,0.11313740198530398
971,0.135581117376256,0.1229612084720546
972,0.08153893540610402,0.12153779418704591
973,0.09647883148845304,0.11256482396525569
974,-0.7929801660079675,0.10023749104696589
975,0.1250302094017841,0.11996652623880877
976,0.11635155387830132,0.11072145945544176
977,0.09602164886688525,0.10377417326887217
978,0.11772406906984734,0.10193288437821169
979,-0.6164076952384165,0.10329790933607219
980,0.11905929936538162,0.11341815289302604
981,0.10680741946287076,0.12593335376669623
982,-0.7661584917312056,0.13583820077280362
983,0.11307623799310806,0.11093983314965383
984,0.12058069816245642,0.09243044767747266
985,0.11144005168671889,0.09812752848459994
986,0.1417298078298681,0.09828669373909338
987,-0.5415367643264886,0.10251780173237224
988,0.09961727743909754,0.10668981892387364
989,0.1099943803064416,0.11616594753885745
990,0.11001638568248784,0.10589376715365884
991,0.10909371275251312,0.10541520566392992
992,0.10666576735436162,-0.41260454673791225
993,0.10481573610910955,0.08900811094757333
994,0.10933701048274314,0.0964355434424593
995,0.0982949407482927,0.12237853209807881
996,0.09839311763423408,0.12171547562695206
997,0.11822132307337352,0.12778845090713276
998,0.10108654084471524,0.08955424633412368
999,0.09977347859061902,0.12240487460046423
1000,0.11323471965742415,0.12098894848904651
1001,0.11947061790543789,0.12292526397427905
1002,0.12625113776704078,0.11374712356147243
1003,0.10733613734326952,0.12688690096391664
1004,0.1233785302298338,0.11149746205756261
1005,0.10237965506363,0.11073052373456616
1006,0.11599179744942623,0.11243168173907425
1007,0.10532099253320859,0.11365881955299106
1008,0.1208263497512867,0.09271977832601186
1009,0.11399325102892832,0.10381078349893791
1010,0.11121716412549154,0.13600462731570828
1011,0.09987976588746639,0.1038216492203663
1012,0.11584431683165541,0.10345708622440797
1013,0.10149330944942636,0.11380322390686715
1014,0.12643975587992418,0.11108668233042707
1015,0.1117087372590595,0.11149450643121961
1016,0.10080236271338294,0.09645061139933087
1017,0.12653223087924825,0.1128354259958595
1018,0.10114908020814628,0.10738607154875712
1019,0.09928765065323031,0.1023140758873251
1020,0.11662307332850896,0.10598196654272862
1021,0.13385461359177642,0.10007664674111649
1022,0.11785034148565332,0.10546839767685956
1023,0.10279225316116247,0.10208610588608158
1024,0.1189239880818711,0.12904876741423577
1025,0.10678680451358646,0.10531658397431465
1026,0.11421942803201635,0.10946331314004087
1027,0.10270157591964435,0.09174466158584971
1028,0.09552182577673696,0.12036463380345808
1029,0.12768410703094135,0.12168020143229175
1030,0.12280115451840956,0.09452447532627861
1031,0.11632265341528991,0.11190010413564755
1032,0.08964565530360402,0.11177100171114773
1033,0.12001922567142054,0.13596372739473006
1034,0.10140306422261847,0.10574433332497457
1035,0.09922353596276134,-0.5427673860199704
1036,0.13237269827830267,-0.6220034365057782
1037,0.11826855660992686,0.10781530789198235
1038,0.10519329055415616,0.12432752801515701
1039,0.10992988560202566,0.12327748133779859
1040,0.08690221558981892,0.10352977016256038
1041,0.0940355575097358,0.08682139977349368
1042,0.11531497584383432,0.10390615506803869
1043,0.11878393002341991,0.11895178785008675
1044,0.09533831917702074,0.11765461803479438
1045,0.11717091792535483,0.12419930726069461
1046,-0.6487739995423847,0.09471787822245359
1047,0.10185783825251704,0.12230928878661418
1048,0.11778724616940872,0.13187179553017225
1049,0.10295847965016813,0.10123200702903401
1050,-0.49767553768637784,0.12794447898341987
1051,0.11085697941562245,-0.34825097546076034
1052,0.11932990213799011,0.09207512547196828
1053,0.11045164962068954,0.1227757801436129
1054,0.1180947680843949,0.11468090525725572
1055,0.09254534886097354,0.10254148096840376
1056,0.09922310728608363,0.12265275679931031
1057,-0.6073645285961555,0.11499595348563618
1058,0.10611489284252795,0.12619862106012136
1059,0.1313646141031608,0.10823859861330987
1060,0.11495689996545821,0.13207375953829348
1061,0.10738396453591093,0.11147817321860609
1062,0.08348378761130615,0.11810844889042338
1063,0.09748733675515875,0.10669906845249488
1064,0.10193557893995697,0.11710541707142941
1065,0.10214612910854037,0.11906534696123772
1066,0.1202248502492036,0.10485436796361203
1067,0.10063637997541508,0.12366567264010064
1068,0.09830555482030068,0.09565849958730333
1069,0.11330366402283887,0.11557446974050878
1070,0.09334792482245469,0.1019755161544531
1071,0.11089902685615427,0.11022071276058076
1072,0.10033821789932618,0.09437867330588978
1073,0.1248155399294879,0.10332132529716875
1074,0.12244403613814314,0.12314087903776416
1075,0.11815240883665834,0.12919830157666135
1076,0.10372846202905195,0.10693172482730695
1077,0.11068873827384373,0.127607761600679
1078,0.11477478773057159,0.0892737548186211
1079,0.11059517956455833,0.10622016277418589
1080,0.09670289954145761,0.12547237648887366
1081,0.09769826562688055,0.13759657896853073
1082,0.10684147329333604,0.11442269630921653
1083,0.09639701938213241,0.09521943750792072
1084,0.12673414145820106,0.11520108869367829
1085,0.12792941297702098,0.10771975922158394
1086,0.1122997709593585,0.10523930993392638
1087,0.11193165721854359,0.11143021829314526
1088,0.11858567272630949,0.10528205605916119
1089,0.10419705948454716,0.10684738471895927
1090,-0.6240801563536214,0.10474358616464774
1091,0.112079816443172,0.08698793242474046
1092,0.12057801709621896,0.1111962548130292
1093,0.10811789415541262,0.11181325963657707
1094,0.12313511836974467,0.09504105558834852
1095,0.11017127482960642,0.10512034868987619
1096,-0.441165919806913,0.1201155789392816
1097,0.13130652970210233,0.12642542462586426
1098,0.1065392045248097,0.09441762078848814
1099,0.09689690705500431,0.11406067295420219
1100,0.10760633494623684,0.10483619433331004
1101,0.11868761393378446,0.11307624687211293
1102,0.12269331943005857,0.1139186762426998
1103,0.09944774675543666,0.13354186576394778
1104,0.12103671111288872,0.11913910636983815
1105,0.10677542329844725,0.11469510202225508
1106,0.1196454648042573,0.10296433876746436
1107,0.1073068879063035,0.09357714556354191
1108,0.10101375855342276,0.11853900811463469
1109,0.10491087168506108,-0.5719005589075663
1110,0.09034136660957315,0.10887143541956945
1111,0.09198830115459788,0.10594469313110144
1112,0.10488097718755562,0.11971918448742991
1113,0.10988967649075088,0.09486992418660245
1114,0.12499710846148426,0.10662810018777558
1115,0.10309013946993639,0.11211854944215127
1116,0.08437712065240754,0.11963239177724905
1117,0.11478369211294037,0.09886549240562448
1118,0.10513755050824702,0.12154606032853921
1119,0.1169456333672585,0.1117872468879606
1120,0.1167580113895832,0.11212774816668913
1121,0.11220994548548768,0.11952218302061768
1122,0.09848706159425524,0.10961813268049814
1123,0.10745615925058183,0.09873793832262545
1124,0.11339543140039954,0.10092357799331153
1125,0.09432325495951344,0.09585297999529585
1126,0.09520198338555064,0.11386637011230527
1127,0.102425153360163,0.12031683207690924
1128,0.11893855244085683,0.11641559280286273
1129,0.10982901779512533,0.10178837904116023
1130,0.1111728782676824,0.10631640160699107
1131,0.09902403361684309,0.13449197173265293
1132,0.11985504268811353,0.11299582048114565
1133,0.09914111385980617,0.1031223210693133
1134,0.11480213283261276,0.11319703309856943
1135,0.11203900462143102,0.10913333753673027
1136,0.11011674547241723,0.10511469601411272
1137,0.12629994823423685,0.08452775390309197
1138,0.11805099827634002,0.09978534803916728
1139,0.10798008274347737,0.12454381922299063
1140,0.1162902259188181,0.12990357432941702
1141,0.10469824214450485,0.09487923047800906
1142,0.10976703250983189,0.11250285808568261
1143,0.12224106859249306,0.12159555481839868
1144,0.1114750476838633,0.0942951998614685
1145,0.10703631588613716,0.09871303663701858
1146,0.10740753547288029,0.10639263266831711
1147,0.09862033557929806,0.1114795333334695
1148,0.1203703165442549,0.11980407325921649
1149,0.11740488619330502,0.09780713821354992
1150,0.09435357246593812,0.11658980586494905
1151,0.11312801293512109,-0.33260683860363016
1152,0.10891616823869654,0.13115411655450315
1153,0.1419718015045972,0.11260703302658248
1154,-0.7181971781968184,0.10200991192724351
1155,0.1291020310148363,0.1081729881464808
1156,0.0922723033434687,0.11425862440769774
1157,0.10940343187770663,0.10740231918868459
1158,0.10464217730532499,0.12647394341656626
1159,0.11268169168616637,0.09587985204337834
1160,0.12232733532407658,0.09865493311968954
1161,0.10209564459206533,-0.49457712681407373
1162,0.12058294458270047,0.10851443275693895
1163,0.11936634172237093,0.11254487024660675
1164,0.12398870637257908,0.09976435044124887
1165,0.09972568763964573,0.12774295433667304
1166,0.09572372030521792,0.10072643323835972
1167,0.10912655461450371,0.1015823530299289
1168,0.08788415159145857,0.0969473762520221
1169,0.10915398360099049,0.11543398633032087
1170,0.10666180174100282,0.09896700942181069
1171,0.11729973848089248,0.11168498986455155
1172,0.14287402949786188,0.13959340199238635
1173,0.12252088473382239,0.09669063993404747
1174,0.11384251288141667,0.09598555070479797
1175,0.11262892584743467,0.13014310417140718
1176,0.11446861143873677,0.12723495924452521
1177,0.09958505094633385,0.07234746201739495
1178,0.11391528923192396,0.11527103235081104
1179,0.11290464981793291,0.08160359081521662
1180,0.11251343258283186,0.11523719614258643
1181,0.09615249228199962,0.1110426488971461
1182,0.09744521981030907,0.11513047391978248
1183,0.12191966606594384,0.11379259556372201
1184,0.10347797387508995,-0.6868611912778374
1185,0.11488483493974755,0.11847523969619367
1186,0.13006684361369958,0.10793373945864593
1187,0.09297379546789997,0.13394702090772403
1188,0.10510166786230357,0.12823225962143892
1189,0.11040326514915466,0.114554338135201
1190,0.12222008915142624,0.11368982458627475
1191,0.10160780720796847,-0.4590115653579424
1192,0.1331018076563022,0.1160979116062486
1193,0.0915452853897063,0.12798740669069253
1194,0.1080685482156829,0.10922458033835958
1195,0.12441235933500128,0.11822936748538071
1196,0.12586973798247847,0.10751128678604172
1197,0.10608530600943222,0.13112826518709042
1198,0.129769628237967,0.11531666639745897
1199,0.12580980537150332,0.10012036997728702
1200,0.09531439953567311,0.11205881294042808
1201,0.10955227918573684,0.09967716597679299
1202,-0.6505451253710206,0.1079190059341053
1203,0.10665410695095767,0.10438764500304964
1204,0.10632249723289089,0.106634178426396
1205,0.11744964163738048,0.11505286320739905
1206,0.11082483393184739,0.1099578521242488
1207,0.1285483195097581,0.10585912754162807
1208,0.1076429357634816,0.10688287914041195
1209,0.09914635390589188,0.10325781114302646
1210,0.09734873646205,0.0963398197997225
1211,0.11149893532284438,-0.4753198140089966
1212,0.0993356428011285,0.12422571330253218
1213,0.11037786166692087,0.09937545896840705
1214,0.11411604212830873,0.09967299024514364
1215,0.11795255643129243,0.09526935299392258
1216,0.11775479662724586,0.10446535419457037
1217,0.13407658619073626,-0.5979672452428229
1218,0.11324469072791654,0.11737558428348338
1219,0.08917629672986593,0.11300269643630201
1220,0.11589376633695814,0.11238226138041063
1221,0.10581346082802656,0.11713976050222352
1222,0.11909519879496844,0.10070227521750019
1223,0.09451166637226094,0.11696608980932144
1224,0.12274560145133773,0.10730641181938116
1225,0.11635561905262093,0.09834843666385318
1226,0.11752718100181525,0.10631252393671264
1227,0.10327870773520376,0.11386395429136109
1228,0.11013208009811071,0.13226982722008995
1229,0.09494237916952497,0.11195153822699488
1230,0.11068649366171734,0.1077726386024842
1231,0.09520527920605582,0.10865958548695986
1232,0.10054797269330318,0.11459710918951926
1233,0.10451342619450332,0.11422014205608733
1234,0.12974339455921502,0.1288155303954286
1235,0.107879610269491,0.10989026544909808
1236,0.10845270276956365,0.11389052891367224
1237,0.10010775697906427,0.1020694234646824
1238,0.11970364424830593,0.1136227603436446
1239,0.10307746208591406,0.12252369519757855
1240,0.12079221820585806,0.11556691520152951
1241,0.10646560955412188,0.09862962875626269
1242,0.11293165340747646,-0.5609327559527364
1243,0.10245693708643544,0.12821293528535338
1244,-0.5552291652732114,-0.5561000230097022
1245,0.12085526063901963,0.11365248289989038
1246,0.11630148374109006,0.11644306223519729
1247,0.10156345767694241,0.12295749260802347
1248,0.1156593879331449,0.12213786723633802
1249,0.1208991408469191,0.10569651754180298
1250,0.11048087165330678,0.07754989633783782
1251,0.09486415005645066,0.0938452728393302
1252,0.11016148894439359,0.11572734340290558
1253,0.12452356149259436,0.11408397497112976
1254,0.09785443641913338,0.11525599303813383
1255,0.11631150958048697,0.1076657082715955
1256,0.08984092670863908,0.10163379567951214
1257,0.11227824496325822,0.11033242364667162
1258,0.10177134411497679,0.10954922317649296
1259,0.11344247197513524,0.13581217647889532
1260,0.09475191606191413,0.09639377253136461
1261,0.12762352655190412,0.10375445978853137
1262,0.10326686132388696,0.1181475921751789
1263,0.10773083319916088,0.09818017339118446
1264,0.10372298104036837,0.11967930251666559
1265,0.12468302775358042,0.10585275038927633
1266,0.11159945352365197,0.10701651267275625
1267,0.11250814899500616,0.09840115021142459
1268,0.11467452252206511,0.09441450850553368
1269,0.11034273589786525,0.11739128276029831
1270,0.11063652918784328,0.11296702734820507
1271,-0.590570132499078,0.11230758209319447
1272,0.11211435024465422,0.11005327927789543
1273,0.10213270631043558,0.09246967699140685
1274,0.11356081459556222,0.10486908007307294
1275,0.11614098543764895,0.1046231093457144
1276,0.13630930839273447,0.11705742965741428
1277,0.10829715420127473,0.10735647873906928
1278,0.10866058701660486,0.10814834344989999
1279,0.12367766541160186,0.10469767138943475
1280,0.12409948037309393,0.09183394759538088
1281,0.11521844246981083,0.13067193233623864
1282,0.10491380691068897,0.12189860667652508
1283,0.1122725351024565,0.12282223747833632
1284,0.10688864559118971,0.09250269049785786
1285,0.11024800979078764,0.11437112790750681
1286,0.0866748130718138,0.09212724979450582
1287,0.09193045473353578,0.09822720535894747
1288,0.11357066902120283,0.11198105876390274
1289,0.11846983554748869,0.11534619172272365
1290,0.0972909563381612,0.10065684300763045
1291,-0.5019858285372543,0.08744322723537401
1292,0.11293480544534029,0.11368439350880166
1293,0.13065141990826024,0.11543982592485436
1294,0.1055050196238263,0.10036385160002759
1295,0.11148904945221405,0.11391653069024565
1296,0.11956681077141518,0.1134060395760974
1297,0.1274973258400951,0.10701565183570172
1298,0.10048005310023878,0.10827582756179854
1299,0.11931135590980246,0.12247506122214147
1300,0.10362638869871033,0.10504138144927211
1301,0.10964280876238464,0.10827121646771465
1302,0.1283174097538844,0.08713278114970624
1303,0.09900543086759028,0.09977338377936329
1304,0.11272236741049202,0.12333118406509258
1305,0.10746976175663914,0.09589772250707629
1306,0.11805892384224115,0.11647731060841471
1307,0.11026196874159955,0.1128604979540282
1308,0.13392887414760501,0.1150427299972605
1309,0.11817265048805203,0.12127653804718075
1310,0.10735237187727042,0.0958642005683914
1311,0.1091645567754429,0.09651542630222387
1312,0.10409853720514906,0.1038307673124026
1313,0.11775513653000846,0.10720116385191725
1314,0.0996573593338157,0.11239210926647303
1315,0.12393626058583207,0.109732020022268
1316,0.1106023248428114,0.11294150594370156
1317,0.11727727307785085,0.11985362021637735
1318,0.12629972058137806,0.109064211522381
1319,0.12603962432294558,0.10469051413418784
1320,0.10471298434395693,0.10158812645078075
1321,0.11673437177350743,0.11140769401274753
1322,0.11855847198545733,0.12349016965774928
1323,0.11414653306724354,0.09607844633360041
1324,0.09821233222916503,0.11605514940225259
1325,0.120321407319405,0.09668077010549214
1326,0.12239219871962104,0.112076611946613
1327,0.10833976289802516,0.11631575841120623
1328,0.0985677776267897,0.10422493708169256
1329,0.10566675643499801,0.10246803997719622
1330,0.1102650820036013,0.08411113215867805
1331,0.12602620872799886,0.09828593369217664
1332,0.1321977183503349,0.10850326582209968
1333,0.10789620439457703,0.11904442089216727
1334,0.09835793807840654,0.12532286538546566
1335,0.11538356266006478,0.11997018303002638
1336,0.10810748130247672,0.12100877908293128
1337,0.11517583828422806,0.09558970590096605
1338,0.12292380622424659,0.11111552203406938
1339,0.11952610826417054,0.12407756267467351
1340,0.12913617449814097,0.12907628245608604
1341,0.09018302968211622,0.11300180071881405
1342,0.11725734153233835,0.10686736366457583
1343,0.11973776440959627,0.11431139465620377
1344,0.11209436815514717,0.12939633638090453
1345,0.10863546181348238,0.11558544133194437
1346,0.12053386431846169,0.10785202673312955
1347,0.09834059231330605,-0.6948051408663176
1348,0.13179840427342215,0.10049713480449363
1349,0.12027092911001724,0.12360257694428656
1350,0.11347937689511722,0.12340041558490689
1351,0.12316422444019581,-0.44381835479160225
1352,0.10873325970523151,0.1188061276418182
1353,0.0943645927510477,0.08016668918246506
1354,0.09882076476497592,0.11475326422174503
1355,0.10727151764574216,0.09138560741601931
1356,-0.811192229174603,0.12175951801026463
1357,0.1227305772324363,0.1285571532841443
1358,0.13445238237222767,0.10401463724227233
1359,0.09895174812086638,0.13452160513623923
1360,0.10383239828827562,0.1025527812726601
1361,0.12518918015209568,0.1162145290417198
1362,-0.7113245220592376,0.09758171427306239
1363,0.11613627543511584,0.12173200433421716
1364,0.10763447976971818,0.10627279479258278
1365,0.10639943653454731,0.10863640715671918
1366,0.11396863811627012,0.12515645342025872
1367,0.1151092184435869,0.12211539104339875
1368,0.11059039705180673,0.10965385401941408
1369,0.10968349892891616,0.10779212881662681
1370,0.13247323947689948,0.0962673525831752
1371,0.11101353168211481,0.10864028820042781
1372,0.12143951838346267,0.11347325094116933
1373,0.10818344396175084,0.11877151111602258
1374,0.1098902301505722,0.10464386459577724
1375,0.09621337998094925,0.13403532856217248
1376,0.10927762669016783,0.10620041549699577
1377,0.10558895487189957,0.1079765950753846
1378,0.11935746249147039,0.10215297538741774
1379,0.11758347200313857,0.12834109052598808
1380,0.08071929944140921,0.10810192624808712
1381,0.10504509812419416,0.1325943909327163
1382,0.10768233797466764,0.09513281473662305
1383,0.10324509573846408,0.11948977976674535
1384,0.09976533138711696,0.11277540160676147
1385,0.10328020672158766,0.11377599376298031
1386,0.11555832406002309,0.11877770866871207
1387,0.11624311309190594,0.117862845961344
1388,0.11129827382814761,0.11337655578382222
1389,0.12250326258713362,0.10637509082516305
1390,0.12375687435768734,0.08731983498964979
1391,0.10375799739171909,0.10573264558978845
1392,0.11155109835772792,0.11273339065713173
1393,0.09949887580087502,0.11116204776308192
1394,0.11141820022810522,0.12330563973681397
1395,0.1218914947426537,0.12267138814541001
1396,0.08765001219278745,0.137959690649043
1397,0.1088857241113379,0.12109232138926895
1398,0.09193992651321703,0.11033495669744497
1399,0.11616283566056151,0.10692482623996757
1400,0.10102761057275389,0.11282834974696931
1401,0.10278014892151233,-0.41441240267713697
1402,0.12544710446871754,0.08205511368304452
1403,0.0924173518423308,0.139255301981263
1404,0.10917722731030466,0.12806277031550706
1405,0.11396164935822961,0.11841530129693667
1406,0.11127784135969554,0.1261153276393785
1407,0.11287831462011377,0.13419702363324837
1408,0.1157196924241446,0.1194702066905311
1409,0.11790634134743772,0.1050820917177997
1410,0.11009204110437709,0.11864286710767735
1411,0.13097532996345373,0.11372137230493506
1412,0.1241258258634923,0.09785440000318357
1413,0.11298865216660792,0.10525947003494696
1414,0.09405260682742522,0.10511654199643572
1415,0.1149952993048684,0.09267950443124318
1416,0.11562576470555008,0.11445507420519307
1417,0.09582144072913401,0.10840879034515272
1418,0.11698938003577952,0.10808899736704403
1419,-0.4306529643299768,0.10442650056217162
1420,0.09555965760582907,0.11769787563327516
1421,0.10337531259645583,0.10755370796865726
1422,0.10049901112881487,0.11250631206665251
1423,0.11420932462620281,0.10627611418521865
1424,0.10394164710249698,0.10971733821656682
1425,0.10871615417091873,0.10941145888035586
1426,0.10323676387922354,0.11323600660496624
1427,0.10883451602863503,0.11022429327602645
1428,0.10120032784281507,0.12171972396497321
1429,0.10854519602594137,0.10919053754320207
1430,0.10726287387140432,0.11632337572006013
1431,0.13097412272739772,0.10923173730451374
1432,0.12639008242765692,0.12780622983342016
1433,0.09909087426202534,0.1074331144298426
1434,0.10994939426338934,0.09583412789198675
1435,0.11363382981783055,0.11811380047877384
1436,0.09858303445407812,0.09618399701377656
1437,0.11470613988352163,0.10231230473733732
1438,0.09097698733779391,0.1306745829691538
1439,0.12188070488329594,0.10813244497205265
1440,0.10739291584804311,0.10782370577087907
1441,0.08977306321920775,0.11253007615742816
1442,-0.5566677715221079,0.11037883137673554
1443,0.11729988409438019,0.11603003914424281
1444,0.09391851074547297,0.126866269590324
1445,0.11916572031152972,0.11642595126176647
1446,0.1288935483456879,0.09964151658919174
1447,0.12089045618633865,0.09675849267064818
1448,0.11902501718844505,0.1035379208072007
1449,0.10319238789627239,0.09597866539157729
1450,0.12204620392170962,0.1353352875701277
1451,0.11070654315387118,0.12476097734148661
1452,0.09579814733420156,0.12005168745502437
1453,0.1167937702145978,0.12050865642500441
1454,0.10974556661594348,0.11257626755374561
1455,0.11805492008143714,0.10467257973763022
1456,0.11456771465610882,0.10161139259857332
1457,0.10489025957238196,0.12914223279927284
1458,0.10637656533177253,0.1134206156111286
1459,0.11747714600590387,0.12734596907922713
1460,0.10426690592167431,0.11191964955493039
1461,-0.4951203419488819,0.1221210435459199
1462,0.09711991769063233,0.12014137540216319
1463,-0.5237123409369931,0.10179151509435225
1464,0.08926671306394263,0.09816289830855007
1465,0.129615995012613,0.1091883725035987
1466,0.12410384892544757,0.11639085735184418
1467,0.10615178339163722,0.10891092606793151
1468,0.10574790852079352,0.10016268675026252
1469,0.11721875461347708,0.12710392744144317
1470,0.11367286801099152,0.10137834076018892
1471,0.10897494882062997,0.10016295363820604
1472,0.11009248745884137,0.09340120167689858
1473,0.11211048874007856,0.10976049370994034
1474,0.11547454094859222,0.117504680591215
1475,0.12214762403385415,0.10392870661995923
1476,0.12272255315338243,0.11401200391202138
1477,0.11716794157029575,0.1268723224335797
1478,0.10857543733707331,0.10631907982994293
1479,0.1165604758830241,0.1253455516185482
1480,0.11795563703731848,0.11490609155335618
1481,0.09992403115277937,0.08723343128429972
1482,0.12087991626411321,0.10218737126339228
1483,0.11510037103101878,0.10800262212557965
1484,0.11461551044472018,0.11818287061539912
1485,0.13080935177202968,0.12284958413160019
1486,0.11754076537138047,0.1068690952219975
1487,0.10929996832122524,0.11537009308847046
1488,0.10947784896883284,0.11572855741560906
1489,0.10794763818138331,0.11035146664851081
1490,0.10416037757517316,0.1090677638070976
1491,0.10307588292149683,0.12354251839691899
1492,0.1377089724597116,0.10954512093187407
1493,0.11214774936437721,0.11568275195587363
1494,0.11270155123028691,0.10811403319601687
1495,0.11300379117723591,0.11533944561604104
1496,0.11313676079210411,0.10490045002207271
1497,0.09210546642659923,0.11986678944537288
1498,0.11232656982281908,0.11718053307137644
1499,0.10098887530885658,0.1113028284263391
1500,0.12533250518674932,0.11063405922129999
1501,0.11379592208098277,0.10350089616708469
1502,0.10529939111411113,0.09591509964553069
1503,0.11447566588717861,0.10733527158951772
1504,0.11742472381060098,-0.4581410676175408
1505,0.12514491035850672,0.11363253986905697
1506,0.09828338358680755,0.1167726134564655
1507,0.10424752283467575,0.12474891890286832
1508,-0.6734206356401135,0.11240552538593596
1509,0.09237967416749915,0.10624711820298094
1510,0.09650537731369568,0.12015248178351601
1511,0.10028482917040105,0.1049357781222433
1512,0.10170677665593564,0.10121405416806639
1513,0.12644720968873213,0.1043957378878666
1514,0.11764525817868954,0.10772258251864253
1515,0.10787856567231624,0.08473919931844742
1516,0.11108289529290283,0.10575184692019102
1517,0.10717895843074143,0.13737370181702468
1518,0.1252493513636468,0.11086181114497151
1519,0.12451484281344438,0.11303743396623234
1520,0.13658727590058928,0.1170453458995484
1521,0.11988730650900492,0.11216874913237951
1522,0.1216319349676811,0.11615151028986848
1523,0.09216821346594495,0.11505578071134082
1524,0.09207717223942824,0.10455931095510773
1525,0.11325527095604393,0.10189893942953931
1526,0.11597569502165062,0.09456166470144911
1527,0.13262848924175175,0.11235322532247594
1528,0.10409681497251944,0.11009753650380838
1529,-0.6311142488892094,0.11791775855308151
1530,0.10215760128931306,0.11369218198341513
1531,0.09534412517592106,0.11092828762658757
1532,0.10565477420691605,0.13598777104104798
1533,0.110654944504474,0.09711391552431015
1534,0.10586127780438082,-0.527873772889739
1535,0.11180644148605623,0.10031609755071957
1536,0.10911787953394914,0.1152014100923846
1537,0.09616272112524471,0.1077399800880372
1538,0.1127127473556866,0.13637798210560237
1539,0.11378927546928552,0.10486913582631185
1540,0.11067179377264114,0.10098925512203882
1541,0.09445882560160035,0.11279220582905536
1542,0.119188635149025,0.11393261203326666
1543,0.11889369649078874,0.11122416251097533
1544,-0.5962534374483042,0.0924824992915474
1545,0.10209010217671755,0.11870501105162523
1546,0.12162745089651805,0.10816182668633134
1547,0.10555362119729028,0.10472030022714662
1548,0.10149770364125987,0.10868522999411767
1549,0.10079760065683385,0.09616329382210109
1550,0.11553222535365504,0.1161445938515202
1551,0.11199445062080149,0.10890073669988931
1552,0.0974131344757192,0.1203817018487976
1553,0.11871285053395497,0.126493111763472
1554,0.13113147502144873,0.09723226828087217
1555,0.12860360974795615,0.10586613649126275
1556,0.09633792206772429,0.10090673468223854
1557,0.09433525897254835,0.11531435876772833
1558,0.12675897218625964,0.11715162957904623
1559,0.12966289887952542,0.10815154378469893
1560,0.1214123618288856,0.10030627121089486
1561,0.10215445238574583,0.1142776039306761
1562,0.10929908662826171,0.11047961397398964
1563,0.1029473712732063,0.11842460979867608
1564,0.11282507918316353,0.09453342309111346
1565,0.12235159712532595,0.11135873660920614
1566,0.10154384482204093,0.10196362497863554
1567,0.12262396265346442,0.11746700864930926
1568,0.12490754031162044,0.11635383339966965
1569,0.07703700719398365,0.12227394934909053
1570,0.11320923400004324,0.10785320545048616
1571,0.101476894517472,0.09904145447153012
1572,0.10289420569354535,0.11307297956061224
1573,0.10938814469490499,0.1071439994065031
1574,0.12241311455362047,0.11106142407967412
1575,0.12329034895123625,0.10840750836524071
1576,0.11659302409913552,0.0960476856343011
1577,0.10376977362622841,0.10012841352096657
1578,0.10147404033228558,0.10761325742158334
1579,0.13492438923015326,0.10540778765643655
1580,0.10916501011322643,0.10419016309767692
1581,0.11498582718881045,0.111570285163902
1582,0.11006161465670727,0.11805779543334838
1583,0.12200565169128019,0.10193926710162038
1584,0.10314610743208097,0.09613904530725259
1585,0.1068431188039769,0.09376749344694812
1586,0.13685048262563893,0.09999400376510481
1587,0.12278126794825561,0.11494162652237105
1588,0.09675301115305168,0.09966005027750824
1589,0.12479689692761653,-0.49779145926222335
1590,0.10264290488455119,0.13358678944479663
1591,0.13164061551686967,0.09944573661537937
1592,0.12943336274975592,0.1259060185309202
1593,0.11010502436742486,0.08562744396942268
1594,0.12126867571855127,0.11007306757631952
1595,0.09605644785216905,0.12850856895930707
1596,0.11437206316095705,0.10759306189645934
1597,0.09527196365217039,0.10568131697684802
1598,0.08764462955284724,0.12769143378098646
1599,0.10844516624555678,0.11946319767139868
1600,0.08889959673906644,0.11095671162919762
1601,0.11426841825556511,0.10834347881135509
1602,-0.793143840554276,0.11990303545713532
1603,0.13151239287174765,0.11873808629763616
1604,0.10202773670841836,0.12159225344379387
1605,0.10084814965353783,0.10370307913956278
1606,0.12099428003034562,0.10133127456097224
1607,0.11041925784107853,0.09509510683686218
1608,0.09521653663757834,0.1196676681629083
1609,0.12120971999139885,0.1188366690872451
1610,0.12024456579071385,0.10849227433504316
1611,0.09423577390824445,0.10134203938197173
1612,0.1273091149878527,0.12778344023701393
1613,-0.5925001560474884,0.11041986045445862
1614,-0.7094138825912815,0.11181628591863624
1615,0.11004445109869598,0.1169317038969131
1616,0.11135422080580382,0.10266566331668647
1617,0.10434322632441195,0.1087524525781296
1618,0.10971948200586934,0.11472411562443807
1619,0.1120170854085294,0.10765303670256632
1620,0.1040986125320118,0.12757705929401975
1621,0.10093266079775409,0.09858810667418938
1622,0.11558336677210712,0.11194032008848254
1623,0.11353688386137706,0.1050202129676936
1624,0.11007074067275302,0.11261208933628786
1625,-0.6465668987532274,0.1170200513318338
1626,0.11688148696070111,0.10835704054732398
1627,0.09609215162699059,0.11024838289634475
1628,0.10745991447940884,0.10992376937159265
1629,0.10969562853599091,0.09878905133654081
1630,0.1150766279636799,0.10824694814664837
1631,0.1130633244606285,0.11708892007994653
1632,0.10911385509184068,0.10951637654992585
1633,0.12141516585889578,0.09597233057884291
1634,-0.6577655184926835,0.1087343364699187
1635,0.11179301906058736,0.11619617077712152
1636,0.10508119354785372,0.13198450120527405
1637,0.09967528143230964,0.11843460387279658
1638,0.09707100214872022,-0.6650579388448762
1639,0.11779408193970009,0.12388480938553625
1640,0.11996103238362843,0.12125164806462019
1641,0.11490132790568253,0.1076671288432165
1642,0.10966713140017936,0.1160667951015919
1643,0.10014748393052875,0.08703916348723428
1644,0.12402323964418249,0.09795203541775321
1645,0.11846395273147214,0.12032850316957955
1646,0.10872945201875384,0.10735558747528318
1647,0.12286293112274738,0.11197857263141575
1648,0.11077677937292418,0.1185433138447145
1649,-0.6128275490427766,0.11741531136873729
1650,-0.29693361449276257,0.11970961591105778
1651,0.10764487098663578,0.11052789268841301
1652,0.11292840028478635,0.12328823441408443
1653,0.09773371846851142,0.12490854314223188
1654,0.10953499643129971,0.11735941477248901
1655,0.11589770812236311,0.10112725270414158
1656,0.1031328625784036,0.1077084987351562
1657,0.09587597910043799,0.09965360480553809
1658,0.10005263729948699,0.1030534191811101
1659,0.11405676677474896,0.11903167221495625
1660,0.11835384393285886,0.09583943260313355
1661,0.09965502623119948,0.10178334237240438
1662,0.10412210811705469,0.11140799505059373
1663,0.12169010805648339,0.0990475786999725
1664,0.12696418616538652,0.12181459620719015
1665,0.12659674783487418,0.11364481427934114
1666,0.11485497069729611,0.09992494544551378
1667,0.10681118744625917,0.09934261037422099
1668,0.10911441461102767,0.11004902721188548
1669,0.13420726437555808,0.09536021414342333
1670,0.10735015590566377,0.10847547842367389
1671,0.11692427119452375,0.10695139050868652
1672,0.10782743826269114,0.10917856351445399
1673,0.10787111384468728,0.11651270410624504
1674,0.10864268702226987,0.1057258625439279
1675,0.11039974595546242,0.12217066962452905
1676,0.10483942055439122,0.1039523454929916
1677,0.12591825086306252,0.09115723334378778
1678,0.09624826752306181,0.10085480157348181
1679,0.11287087663305861,0.10194909580584666
1680,0.1002947607822453,0.11614097816624036
1681,0.11794613427331102,0.12387082704646835
1682,0.11832485009824323,0.12402467613012513
1683,0.11665321190647204,-0.8559765783588945
1684,0.1038302644620257,0.11452964774884844
1685,0.12204255549068099,0.11903568957587529
1686,0.1005837023946976,0.09360870797947185
1687,0.13727832923857952,0.10923187737874063
1688,0.11283390775479019,0.10174648368260009
1689,0.10203392091234398,0.10457264310826564
1690,0.120630624966366,0.10917262037016817
1691,0.09747621046636978,0.11336573198011823
1692,0.13709760772980695,0.1227725893525411
1693,0.12896952532718609,-0.5241435339440961
1694,0.1223415136345345,0.10548153320161524
1695,0.11048374808899442,0.11913833170055388
1696,0.11145588296065756,0.12824282664744469
1697,-0.3314221765019417,0.11110613004852832
1698,0.10633710443612054,0.10610818320027104
1699,0.11594400690603024,0.10940545686050673
1700,-0.5185377500104531,0.11325488324134536
1701,0.11123533456535628,0.1112690926759341
1702,0.12101352688566158,0.12187827494152237
1703,0.10013652930915407,0.12778805725650288
1704,0.11343388018606859,0.12293109862233886
1705,0.12511738154939112,0.09472491295064711
1706,0.09830920697840329,0.10461022233164963
1707,0.12659358976196788,0.13219665685907445
1708,0.08903252940242568,0.10929382727731651
1709,0.09796463368839636,0.11447159795021089
1710,0.12344840322355921,0.1080244239146324
1711,0.0992155546057385,0.09489706660686914
1712,0.09549256206236145,0.10611390239036478
1713,0.11890324219574522,0.11772381053289438
1714,0.1169283572294979,0.09868548608253569
1715,0.09981926748426329,0.11122731492210525
1716,0.10233162148944008,0.0965425259955901
1717,0.11580241860951879,0.11932484211200634
1718,0.10111258558093716,0.0985143139541742
1719,0.11356332249169099,0.10645730073542259
1720,0.11967562853341662,0.11091220086159592
1721,0.12787360338199472,0.12472205779493484
1722,0.10602244766430724,0.12300633100937808
1723,0.13140455614726876,0.11565735460060789
1724,0.10832440428620238,0.10242057455742137
1725,0.11918722204391163,0.11763462783959255
1726,0.11532209535770122,-0.5813933467194055
1727,0.13466175410585546,0.11204590004477755
1728,0.11193627989379529,0.12024620610064796
1729,0.09061956590742404,0.0891950768727765
1730,0.12025384713991727,0.1132199163425307
1731,0.1275527767619853,0.10148249078517635
1732,0.09478033211043635,0.10210770885532794
1733,-0.6636291284821939,0.11807720916847231
1734,0.10522446759373327,0.09893099322313126
1735,0.12491986709482505,0.12518320912689163
1736,0.11284075534319404,0.11529920143172157
1737,0.09627151132004941,0.11799180688479671
1738,0.11111932536299562,0.11411607038787497
1739,0.12571143750478742,0.11289428065200524
1740,0.11847414732024975,0.1165693473287126
1741,0.11185700761130524,0.09800225065138601
1742,0.1170489616665813,0.10948018845471785
1743,0.11094467482896997,0.11077936926633081
1744,0.12576012553191296,0.11863955861243003
1745,0.08071120515600616,0.11410906720131897
1746,0.11500636513660467,0.10017094643553892
1747,0.11388976758631353,0.11209794664234685
1748,0.11502341445249487,0.11351894077328262
1749,0.09987789969209016,0.11469391444929133
1750,0.10758315291486586,0.11594790870411331
1751,0.10326043348418135,0.11372969626919116
1752,0.11308445634555397,0.13394651729960905
1753,0.11564973995714123,0.12215248346189611
1754,0.10944449189373628,0.12006364242614476
1755,0.10807427816736026,0.10511665427870853
1756,0.10194213133399321,0.10940234086077338
1757,0.10403678799759897,0.10829977111110844
1758,0.11504001960207089,0.09096296613249755
1759,-0.5934449564252602,0.11969046451903553
1760,0.09382132758933448,0.1053136685534588
1761,0.10443098408028573,0.10685011917498133
1762,0.11605467689655335,0.1288199347109351
1763,0.1185436597027052,0.11930156839826411
1764,0.09343749250879929,0.10728797178797378
1765,0.10100975500760478,0.10227976514502246
1766,0.08749458258498466,-0.45777348287332176
1767,0.10549961727377855,0.11030210046110911
1768,0.11692573040881005,0.10562631793477761
1769,0.10857206710953649,0.10379588683937402
1770,-0.54720015135419,0.10119539927635746
1771,0.10712290294074234,0.12711433715627773
1772,0.1251799854632385,-0.7375704505187047
1773,-0.6380068005178685,0.11293383522113887
1774,0.11719692060701692,0.09976572369698178
1775,0.12176166089988905,0.1108931852005246
1776,0.09483902365813202,0.11981557829390099
1777,0.11535243177991572,0.1184474566228837
1778,0.11448152982058746,0.13248418177368504
1779,0.10283255892902776,0.11723538610552198
1780,0.12746214388499455,0.0979996751575154
1781,0.10097858494871392,0.0920340698871509
1782,0.12299234160421824,0.09132671088893551
1783,0.12492853158164618,-0.7255749779685663
1784,0.11711594537114967,0.11880217356529932
1785,0.11069558564711857,0.11380339285937935
1786,0.12033968854642652,0.1237733993690191
1787,0.10573736177470128,0.10293100087301865
1788,0.11096073835928078,0.11683067936147529
1789,0.13064499574556154,-0.6835327609921271
1790,0.10479694911246917,-0.48788040303639124
1791,0.10265614969378678,0.11216125435826418
1792,0.09807007234804388,0.10037905573621142
1793,0.11600669553836607,0.11831310852815213
1794,0.11191306087395736,0.10667717426882972
1795,0.11067226249737949,0.10713726519038236
1796,0.11358764120367226,0.107421984829279
1797,0.11800903671772689,0.11327721769428734
1798,0.10817198225840663,0.13000605048126657
1799,0.10676719099761134,0.1023093484774602
1800,0.08227575715466195,0.09499136993686985
1801,0.10405854930387037,0.10945090507519839
1802,0.1068780158306959,0.09961589623464517
1803,0.11376653779505963,0.11304967523541909
1804,0.09970502552059624,0.11386008355334853
1805,0.1200954201004012,-0.5396668076069977
1806,0.11589496028501145,0.12084531987357439
1807,0.09703137335100442,0.10815092911102231
1808,0.1185246734879033,0.11371459364806236
1809,0.08306954268412414,0.10901853160904373
1810,0.09597111673420478,0.11969591370276333
1811,0.11088164519057586,0.10230038919748385
1812,0.11642579910585127,0.09304649137205145
1813,0.1114143568157615,0.10793331567706876
1814,0.09965873656138746,0.10887632947470083
1815,0.12118149828843938,0.11308553516056374
1816,0.10055818777003456,0.12794406466114006
1817,0.0995449048760666,0.10457045316565572
1818,0.11806105462330718,0.11697480902834756
1819,0.13036838385289262,-0.5893716111951219
1820,0.11499380470627352,0.11644612923759667
1821,0.11324227078268989,0.11050802333962961
1822,0.119848709206682,0.10599605392459432
1823,0.08374908025014638,0.0925318047463457
1824,0.09684508887637744,0.10978636725182245
1825,0.10139954583935351,0.10103614038535236
1826,0.1040593686089768,0.10407999444969174
1827,0.11678382013392108,0.10737866912875105
1828,0.11192936744136484,0.1425034617209826
1829,0.12086842657811947,-0.5958343190205706
1830,0.10809942322254651,0.12970147066750592
1831,0.11711666163378354,0.11131310981550313
1832,0.08201020789072544,0.09288496404753288
1833,0.11373822367040187,0.1003000787797037
1834,0.09813693326985695,0.11247877579877397
1835,0.1205323299725769,0.1087807503871363
1836,0.12361079190538415,0.10955050233650421
1837,0.11111299022085763,0.1091458920831927
1838,0.09326651777112849,0.11526155648327152
1839,0.11816533449976219,0.11168186909331856
1840,0.12377496181341008,0.11646425699733043
1841,0.11140103454305317,0.10125278556296857
1842,0.10423634041228791,0.10934993986025399
1843,0.10241397943347552,0.0977272458523164
1844,0.11579872623111287,0.08078512079493061
1845,0.11436558572257916,0.11089222028639445
1846,0.10276049168293033,0.12258615793738548
1847,0.11924211088556036,0.09376885078982511
1848,0.071908852639891,0.10990171364792833
1849,0.1083808583755812,0.1383429678866812
1850,0.13036318541876923,0.09444180444177919
1851,0.1373273998205411,0.08491466355393418
1852,0.11161000714291047,0.09873261830010138
1853,0.10884706068595285,0.1106754081857464
1854,0.09964410405123525,0.10582428830726665
1855,0.10200480478734852,0.10870809153993188
1856,0.10698758490782367,0.10454816649464083
1857,0.11184800400428307,0.1017719938321211
1858,0.11636889269392459,0.11038716418159211
1859,0.12486078927878963,0.09850381257885243
1860,0.1191038681403993,0.10784630626420966
1861,0.11663292724180163,0.108985083232777
1862,0.11472623046908237,0.12090877235905717
1863,0.10668376486863651,0.08740279177058485
1864,0.097912027022935,0.1019677328343016
1865,0.12671173518954038,0.1151234358677824
1866,0.0953875548698544,0.10716425761571613
1867,0.11400518118097769,0.09407004755735082
1868,0.127824267254391,0.11708171878586082
1869,0.11444373929358309,0.10918767729747136
1870,0.11146861889710591,0.1426625109725157
1871,0.10265893180306929,0.10377843635727513
1872,0.10139155668149491,0.10849659464999162
1873,0.11093385235440545,0.10408065528313637
1874,0.11027816668411461,0.10734250945940627
1875,0.09283382650044736,0.12236327626829557
1876,0.1126651396744256,0.12459554317271038
1877,0.098709280759961,0.12665815162371286
1878,0.11338062145576067,0.104845922744087
1879,0.11989293839371884,0.11085127813678985
1880,0.10048694726670493,0.10467345096509573
1881,0.13424589025701494,0.11100348641144131
1882,0.11620676465278645,0.09863426738991476
1883,0.12423706373855792,0.09943732357699653
1884,0.11103836765366881,0.1245488204054277
1885,0.09980031876400308,0.1152072999080822
1886,0.12666874876098677,0.12250597004652519
1887,0.11284315966208425,0.1112877783081676
1888,0.11398048865265498,0.1314337592760022
1889,0.0844485420224963,0.10808080947145138
1890,0.12594309639527634,0.13548051507631076
1891,0.0952040161196257,0.09468198811310291
1892,0.12108664888853937,0.11497647071522477
1893,0.11768419783568662,0.10851054421769546
1894,0.11563725903847333,0.1033637503444389
1895,0.0987762904661027,0.11439732265613345
1896,-0.49923150762783675,0.08665298554675749
1897,-0.7175291849974261,0.10514464620792996
1898,0.09950617474918033,0.11885510130985688
1899,0.10597993091720581,0.10573465306383611
1900,0.1294057077046309,0.11213085988457983
1901,0.08913809140903428,0.10887543514703868
1902,0.09701727932990334,0.09851285924277886
1903,0.10020802024562658,0.10771024229482351
1904,0.09977036718861232,0.11446716522625677
1905,0.12512914576867695,0.11255804510075484
1906,-0.5937109145651944,0.1056823447780777
1907,0.09857752897780547,0.10626131729631605
1908,0.12662550359286406,0.11373013146164745
1909,0.14041468497988285,0.11369271729727592
1910,0.12974149180273264,0.10354192664105222
1911,0.10167563523700895,0.11978228479928732
1912,0.11578541146293597,0.1082644640164463
1913,0.11013897378401127,0.12835858162231495
1914,0.11344112543003759,0.10555393228589938
1915,0.10713449054127189,0.12078465394266535
1916,0.12078515244974364,0.10074362634018597
1917,0.11934228610441555,0.14006853489356175
1918,0.10582586526424986,0.10240274680201944
1919,0.10328449914762161,0.13002332218127055
1920,0.10752527586379923,0.12045595792095454
1921,0.11117461457036071,0.12138988399040462
1922,0.10853132033343127,-0.593427398289953
1923,0.08935910736677832,0.08906145146732403
1924,0.10275064345204665,0.11049972345781245
1925,0.13063407730982712,0.11789562306220858
1926,-0.2748365618140818,0.11541800594966167
1927,0.12553669652581845,0.10684503059119921
1928,0.10584830010698498,0.12618954139398153
1929,0.12050244652944264,0.12652860872668326
1930,0.10355881904704844,0.10420229963541394
1931,0.12811115815265017,0.10818870884307752
1932,0.11793322021955022,0.11563619165023709
1933,0.11329086477669903,0.11835996148613304
1934,0.12822795287446098,0.10689256377350409
1935,0.11816141205465192,-0.3172777228079462
1936,0.11652832506649569,0.09971293348765276
1937,0.10590565073142155,0.10599497881595399
1938,0.11423546931687079,0.09774877022848716
1939,0.12909284904208862,0.11110477360049642
1940,0.08967152357140784,0.1085559273084511
1941,0.10075304290149156,0.10365228771020107
1942,0.12225738493961069,0.11360184829421449
1943,0.1270949622591997,0.11720806608255452
1944,0.11125450132844361,0.12477292974872478
1945,0.12444448970694566,0.10645520867930869
1946,0.10138930607453345,0.11535907934717415
1947,-0.6020477255708084,0.10892810731239777
1948,0.0992857667627467,0.10565718842776728
1949,0.10899266218342274,0.09941226117797641
1950,0.10822279004801305,0.08987716735429485
1951,0.11458833680103453,0.09899073505411993
1952,0.1265164515297985,0.09987599099455546
1953,0.10513943658874725,0.11003562139403988
1954,0.12106171383760866,0.12124256563909941
1955,0.09964630482735659,0.10645040777001613
1956,0.09878951370351996,0.11605997428807857
1957,0.11816561696600014,0.12370816971103182
1958,0.10602754264141079,0.12908695735399212
1959,0.07297889356917886,0.09573496831472994
1960,0.10417635927867663,0.12234157862866568
1961,-0.6457048066860319,-0.7401242699873793
1962,-0.3023766744058348,0.11427735489245294
1963,0.10343816501267322,0.13323913595805115
1964,0.11880858223523294,0.10269955285588162
1965,0.12197414141777818,0.11399697435058043
1966,0.11095484640625575,0.0992056439985165
1967,0.09161024519327432,0.09658852119327799
1968,0.0965193464386247,0.12693142388453293
1969,0.11755227590348638,0.13043482744477441
1970,-0.391521928656011,0.11312562290142325
1971,0.09616090369689956,0.10776433420391784
1972,0.13167911499986462,0.10420793321091448
1973,0.1205665621938965,0.10113292950772879
1974,0.11181633207682062,0.10497836406974104
1975,0.08772910417300284,0.1178860988229018
1976,0.11152654159538522,0.09770214546523537
1977,0.10628159265572035,0.10697165482472326
1978,0.10946387355976683,0.10274890951372107
1979,0.12251675632241277,0.1097990713503676
1980,0.13681737817425277,0.10803604606636297
1981,0.12391311619518075,0.12475618232082053
1982,0.13447181457511537,0.10595281497688092
1983,0.1103137421083058,-0.5610569677026259
1984,0.11347629330307685,0.10656530656323016
1985,0.10852590719607891,0.12540070678341286
1986,0.11065536929758779,0.1127377361541666
1987,0.13025184527404665,0.12494553301687628
1988,0.11811181561903394,0.1169990561321792
1989,0.12419818823701978,0.09959741218402329
1990,0.07548712767989474,0.12811282525918433
1991,0.11379382102725799,0.09962153404238427
1992,0.10338216875758222,0.11121265914573741
1993,0.1177324801582793,0.09735183542497317
1994,0.10496171136721322,0.10226556614545457
1995,0.12100861951180919,0.120441281824329
1996,0.1133541768629458,0.11507640725889057
1997,0.1124692632753932,0.1228173073588108
1998,0.11082756354626166,0.12181154218496926
1999,0.10831912227086815,0.13279147879095965
2000,0.11063920615169764,0.10553133171673079
2001,0.11711059331677909,0.1203816029777014
2002,0.09857788556712932,-0.5176848285929103
2003,0.10332957923695885,0.10380959636951825
2004,0.10166945792227633,0.12093674807373156
2005,0.09959907481382135,0.11749279625911324
2006,0.12525873236314045,0.1271562831863844
2007,0.12194770712449765,0.10726313547577604
2008,0.11418426957563521,0.12377999519733018
2009,0.10911685581160957,0.09783789434768164
2010,0.12185178181118417,0.10419677565845098
2011,0.11567742026243999,0.11615853255027031
2012,0.0971034947244489,0.10493184606389505
2013,0.10313296564998753,0.10226660856681136
2014,0.09511808903460306,0.12381137460596081
2015,-0.48938585973608273,0.08856925688091266
2016,0.1175316538299902,0.1097884556258637
2017,0.11040120921270757,0.10718328296120472
2018,0.11319979679829006,0.09915830625227695
2019,0.1216456656736935,0.11632583345184155
2020,0.11456155382838307,0.11990810153015485
2021,0.1051416994218688,-0.67541948767771
2022,0.10407167541583773,0.12573841654611795
2023,0.11772037953393388,0.11490967922221729
2024,0.11412096671642225,0.08791166955941465
2025,0.0822500631117411,0.10967983281696281
2026,0.11206902424197196,0.10591750799918431
2027,0.09908549516493004,0.09780897009350364
2028,0.09684712803882833,0.10022907049033214
2029,0.11491247486280942,0.1291206764410302
2030,-0.5900138528815668,0.12375255710659339
2031,0.1038791432820505,0.1156494948652218
2032,0.09963488353417849,0.11331217626836976
2033,0.11949895678895239,0.10336647978947844
2034,0.12010804363857908,0.11541571138808959
2035,0.1124806545352719,0.09703411863367006
2036,0.103551641347718,0.12851514187487934
2037,0.10686208280699816,0.11428278357802757
2038,0.11656791478223139,0.10585132278586151
2039,0.10724641674209545,0.10252031813841667
2040,0.11024297276150086,0.11764015264131578
2041,0.11407247904183859,0.126437365322301
2042,0.11518771039386144,0.11407815822997924
2043,0.10091806593555819,-0.526396322817948
2044,0.10700915161469648,0.10337640025247197
2045,0.10654176874013488,0.10149228646990571
2046,0.093524604056757,0.1144782571192493
2047,-0.5372348830854721,0.12162461563549454
2048,0.12278067532918557,0.120058005589601
2049,-0.7064846637285107,0.11456729490481665
2050,0.10751416512057355,-0.38227352858993424
2051,0.10286801361352449,0.1309260647721251
2052,0.0949212930412473,0.1385779341242488
2053,0.1203659154754455,0.09152988015064123
2054,-0.6162454735995,0.12455995859607216
2055,0.11801134921666545,0.09314148831998592
2056,0.09949253804019653,0.12258337122999641
2057,0.13184308799871292,0.10947981814938834
2058,0.10759813348971847,0.12310177377644216
2059,0.09568429249151977,0.11040664898533659
2060,0.1119623302437609,-0.5399408517322988
2061,0.09486380417726448,0.12866840515721356
2062,0.11474697690397728,0.09844378004428944
2063,-0.5640701326936052,0.12278296274261802
2064,0.08985257732626084,0.11847012202226437
2065,0.11519028491201522,0.11254555339573602
2066,0.11452414826183466,0.1116974614420061
2067,0.11164019336223108,0.11242343233692753
2068,0.09211654907003641,0.10378737196316679
2069,0.10582280618078022,0.10606133847752242
2070,0.10520476643089482,0.11077707593584707
2071,0.11359791755931492,0.11320856982959726
2072,0.10605753590599476,0.09027532325481746
2073,0.10332487170184956,0.11381848888228085
2074,0.11393667283648856,-0.4971604090024693
2075,0.09315853552067055,0.11563263212691455
2076,0.10847045600029914,0.11090265357359286
2077,0.11094979796032955,0.09905506008301024
2078,0.11178726873665279,0.09928452581668856
2079,0.10299425783635119,0.11266055829871058
2080,0.09808766511320144,0.11389325258631988
2081,0.11807700683630307,0.12084209572893667
2082,0.1080205686780964,0.10548538005161823
2083,0.11334189933077488,0.12458554197394767
2084,0.1180334652555084,0.1224835687239545
2085,0.11825168524304974,0.10297745589877771
2086,0.11157016405686582,0.12528153284532384
2087,0.13212137343624786,0.09784167729790427
2088,0.11538266262973873,0.1090313787708499
2089,0.10811482273207118,0.09973236482313497
2090,0.10203223234151304,-0.5052393995746101
2091,0.1147365578498476,0.09810981176493017
2092,0.10436911359944978,0.11043040567917828
2093,0.1111877724334045,0.12016361007511223
2094,0.11769322997159426,0.11386781389052802
2095,0.10907033674731736,0.12157476608023887
2096,0.1010981011641916,0.12823862301938416
2097,0.10417837011398068,0.10294133486079549
2098,0.10723041791180532,0.1198768468153042
2099,0.10410951951828928,0.09663440520893962
2100,0.1079175406820827,0.10919030158823761
2101,0.11095682523166595,0.12479902697209155
2102,0.11329118044912634,0.11898820676373778
2103,0.12736915726702946,0.11140961663499405
2104,0.12253681476229406,0.09535095001541127
2105,0.10791524404391906,0.11184455178262387
2106,0.10725855496922976,0.10974259839741363
2107,0.10848302399028875,0.1002689471208118
2108,0.11090730060947873,0.11803915944159171
2109,0.11805049271946322,0.10933845134111175
2110,0.11807668463326215,0.11965338731503494
2111,0.11322339605060439,0.11775492407129651
2112,0.10056581015173749,0.10877232745383658
2113,0.09996364146941006,0.11875707033403726
2114,0.10688826814341001,0.10917992119768605
2115,0.11091588704018585,0.11659891756593743
2116,0.11032873967028278,0.11563487761934255
2117,0.11794906245555414,0.10582248282744033
2118,0.11893128933673824,0.10440064355176859
2119,0.1110131907859111,0.09976447565392599
2120,0.10077348173878531,0.09653781518073057
2121,0.11844641590149974,0.11438096869188419
2122,0.11790543031141465,0.10227656876885893
2123,0.10782187578356672,0.09814885475997803
2124,0.11191588530838215,0.11765230649881242
2125,0.10934038890729081,0.12659535244091558
2126,0.08432196908628886,0.10914133244325552
2127,0.11892937049760133,0.09295293528333826
2128,0.11396089419632105,-0.7054681827482219
2129,0.11131745612314448,0.1256082521433619
2130,0.12189927508892473,0.09720925710134254
2131,0.12431114623021378,0.10212118486344801
2132,0.13515642196258515,0.09866653382554746
2133,0.10484748270679733,0.12058785109471826
2134,0.12473324168509614,0.09540883613192785
2135,0.10896944899704009,0.12670685602238718
2136,0.1189212903732253,0.0929142501932092
2137,0.11358454198944079,0.13042139511520157
2138,0.13923430545337645,0.12049353303739196
2139,0.12906615558353018,0.10600130801506591
2140,0.10798492101322399,0.11312970765067232
2141,0.09522572671155172,0.11190249295463439
2142,0.11180742867599713,0.1129345587497479
2143,-0.41389231420805284,0.11446041426016307
2144,0.11831942743111479,0.09849161744029877
2145,0.09758868597093628,0.10383142542837831
2146,0.1061526492793492,0.11522075664854503
2147,0.12152597013573407,0.1171412644567289
2148,0.11756024519516406,0.13332958052480692
2149,0.1144701923640925,0.10768949128802041
2150,0.12070988317079379,0.09436860586977391
2151,0.10984509837235779,0.1021966290923535
2152,0.10740253279694745,0.09446948132443578
2153,0.1331719717618174,0.11996709614016865
2154,0.11449279969596948,0.10360740626400178
2155,0.11231613784284677,0.10131214992845616
2156,0.09911318565470384,0.13118404151601748
2157,0.11513300807132998,0.12034454859399824
2158,0.10663434434991004,0.10994991673515542
2159,0.1273304452131363,0.13258997402466632
2160,0.1019746661735601,0.11153368453827883
2161,0.1176882820038816,0.12097163195891536
2162,0.13007220904954275,0.1081678840847764
2163,0.1201893432208625,0.09827443625640542
2164,0.12486144928725706,0.11611943035911665
2165,0.11801182960767176,0.0996382254785122
2166,-0.553854525186825,0.11461430450211507
2167,0.10022396881776174,0.11917929543905803
2168,0.09678172521794481,0.1228224585421378
2169,0.1168035564630141,0.10743229123209863
2170,0.0925205342539015,0.09229885288221262
2171,0.10516543526732325,0.10495760110022134
2172,0.10646467342983246,0.12158119419561375
2173,0.10543346829874078,0.10518634036664443
2174,-0.5031533502330074,0.12404167242674302
2175,0.13360373491915079,0.11627253848403263
2176,0.12202770578225541,0.11982587467791261
2177,0.12101005090521455,0.1052859492496443
2178,0.12522146110959032,0.11508408210610233
2179,0.10388237436021175,0.10628479251059897
2180,0.111426536628628,0.11078808637783566
2181,0.10793231582845886,0.13272980459949135
2182,0.1369573927318919,0.10984880596519764
2183,0.12342043234403155,0.12205613661966641
2184,0.1154754196297838,0.0977905013479925
2185,0.08783566192527936,0.10573077002518771
2186,0.11711810061059147,0.10544931345201447
2187,0.11425771759651981,0.12163170368752363
2188,0.10523985429233207,0.11542140238231147
2189,0.10909029480094667,0.09710191150983571
2190,0.11494083100434693,0.10439264567916728
2191,0.10635296367479641,0.11667779459501881
2192,0.10357619862126444,0.14670123896450238
2193,0.10108871065163672,0.12127810881464551
2194,0.11760855265564052,0.12255527775291752
2195,0.1168436252978029,0.0911361066063825
2196,0.11565291663592037,0.1040563211890786
2197,0.11235874860877404,0.09393715766791377
2198,0.10869066627370838,0.10909052894813231
2199,0.09247212663280457,-0.7323129484333679
2200,0.11245781678932243,0.11772944660765261
2201,0.10301675184460612,0.1044663185799577
2202,-0.43755473653462595,-0.5578775196584854
2203,0.09769592796816728,0.09861026240571258
2204,0.12108136710918616,0.12510197913177867
2205,0.10611282703449021,0.09804338137327417
2206,0.1169526833121508,0.11670939970499372
2207,0.10167047162030496,0.09644914947713645
2208,0.09634716476843463,0.11457800505297677
2209,0.12069346478373011,0.0980619625710919
2210,0.108097760075341,0.10962833377843384
2211,0.13070608540371587,0.09481068986041175
2212,0.12128029728924683,0.09056403730406282
2213,0.11335016503424411,0.09570889708427455
2214,0.11734174413816612,0.10934533746699437
2215,0.11755593376705908,0.10036182663790005
2216,0.09894895505589063,0.09892373075624739
2217,0.10614822511955246,0.13184438515722818
2218,0.09717578859718135,0.11663901610650562
2219,-0.46827114731985464,0.11344454790530367
2220,0.10668113619445885,0.11477574478752595
2221,0.1168143989685595,0.1109599657576168
2222,0.1278012347305666,0.11709355464065552
2223,0.11022834876677612,0.1097080653960052
2224,0.1141902725176196,0.11648503265450438
2225,0.12143707432925388,0.10789589913096131
2226,0.1144427419741818,0.12286366524001924
2227,0.09679230182870158,0.11407198701479526
2228,0.1005253198807563,0.11299100020674402
2229,0.11814733031506841,0.1032861724747216
2230,0.1011028133004257,0.08772863969842093
2231,0.10555403167646227,0.10365237905520086
2232,0.11596461665822178,-0.6531335446477822
2233,0.09246056777172185,0.1270573798244261
2234,0.11800229294030595,0.10809044755563524
2235,0.11955175562314624,0.1263531416167185
2236,0.10668416492173005,0.11937418056158733
2237,0.07410580740427664,0.11066100611916307
2238,0.1066681817874211,0.12004339862164404
2239,0.1060815560086652,0.09937777881926602
2240,-0.6527939752805687,0.11045462076206336
2241,0.09501849444207933,0.11083597169567772
2242,0.11958803025194453,0.11330179427143716
2243,0.1041286398479857,0.10419040320611117
2244,0.11446629914711703,0.105451819937594
2245,0.12210579304381008,0.11387518338804115
2246,0.10640973388869845,0.12518692372450735
2247,0.10044148370665984,0.11789836105543006
2248,0.09454472935794311,0.12757113952735222
2249,0.09403334281476061,0.11206787259296291
2250,0.10956584204671449,-0.60331165718296
2251,0.09904382031060233,0.11465048139965806
2252,0.10109383571485364,0.12474128028687215
2253,0.10508519870191768,0.12325272082756977
2254,0.10838289818281233,0.10393206281520051
2255,0.13494024887418443,0.13928713628632172
2256,0.11448660173170988,0.1280168592252786
2257,0.1101025913289253,0.11906313244591593
2258,0.10997926718016138,0.11641931397701821
2259,0.12218464452359834,0.11023853612950374
2260,0.11982192745674536,0.1163942204302586
2261,0.11121670262195305,0.10383984970989646
2262,0.11763601269505441,0.11372594568682448
2263,0.11318790530277267,0.11081276517336547
2264,0.11010273551239425,0.11092984849564314
2265,0.11303126267504848,0.10951495250329302
2266,0.1261813062775563,0.09302059980509392
2267,0.10176753942662686,0.11553544316368436
2268,0.137576770341435,0.10497036152162664
2269,0.12263002797222122,0.10396224273862398
2270,-0.7104169101126263,0.10679437292613003
2271,0.09799554128996246,0.10490515281514545
2272,0.134074961328996,0.09639898281488946
2273,0.11688431706026603,0.10984959593176713
2274,0.1066116254095657,0.09148354680091875
2275,0.12032735698613473,0.10553141061617644
2276,0.13306798767946137,0.11354333682064444
2277,0.10467013692501825,0.10822615855269024
2278,0.11754788982238185,-0.6175405573307491
2279,0.10148690730822829,0.10692300851041381
2280,0.12734098153825668,0.11270940057416423
2281,-0.43427033581355456,0.08922001939583435
2282,0.14012914900101814,0.11534744636487315
2283,0.11775344489599004,0.09673466817039045
2284,0.09094315299752398,0.1109860331766388
2285,0.10941323719315599,0.12668817280511524
2286,0.09798070496128397,0.0944293913635974
2287,0.10264290358785577,0.10687008548734989
2288,0.10391725123995665,0.1065707008259662
2289,0.11847768875764175,0.1217073391813166
2290,0.11730621440387057,0.1368994423203218
2291,0.1081335657096063,0.10209209485484871
2292,0.1133571526566326,0.1126933673085615
2293,-0.6665086444146471,0.10877878577814415
2294,0.12403613925049584,0.10639048142257312
2295,-0.6189403359362984,0.1217541439901415
2296,0.11027368631305845,0.1030017773516465
2297,0.1222328609359542,0.11178199107988496
2298,0.10932360002540742,0.12148314063634769
2299,0.10826814240061555,0.09287579237454757
2300,0.11002671926829866,0.09304335297443789
2301,0.11432387728230853,0.10924827582327268
2302,0.09918693690416003,0.12474456772874398
2303,0.11970758203832754,0.10484270079020508
2304,0.11944591267345772,0.10839929919945179
2305,0.11064524952381283,0.10587631478239223
2306,0.12821429537118312,0.11213204650969533
2307,0.12086302659765513,0.1091065158799005
2308,0.08240895080252897,0.09561768517807678
2309,0.12524950385935973,0.1200302083413014
2310,0.12205954221858928,0.10580083497479609
2311,0.11095471025432957,0.11351814323349974
2312,0.11030729879601742,0.11942841931599912
2313,0.09811402194536156,0.11139344743278956
2314,0.10847405922359621,0.10041313801659402
2315,0.09944294924597608,0.11214207902720474
2316,0.11347815010224971,0.13397631191258474
2317,0.11015295446029683,0.11366699486471132
2318,0.10295626498705968,0.10708989674741964
2319,0.09382740256861322,0.10773478425159189
2320,0.1472129761937242,0.11167415826112004
2321,0.10746588331746687,0.10959355413191574
2322,0.1195285782786788,0.12454581349260696
2323,0.10969841582802387,0.12739483549133856
2324,-0.5781763302138971,0.13127500530504377
2325,0.12545099592991127,0.1201822696857342
2326,0.09847707035862996,0.10597513824855209
2327,0.12139348147684337,0.12468679309437025
2328,0.11068596234123151,0.13121985959545168
2329,0.09988532956083196,0.12700863260175632
2330,0.1146868034603159,-0.598972347654736
2331,0.10178813516808183,0.11388398107131104
2332,0.12206139791709969,0.12053961797601898
2333,0.10499583644815091,0.11007997590747065
2334,0.10504377305088952,0.11227352021057735
2335,0.11575671206977023,0.12016904271780593
2336,0.10965819887951178,0.08990946363706898
2337,0.11172598992806715,0.10559996506475433
2338,0.1209955302746657,0.10647356577619616
2339,0.09848940795147643,0.10009914912478424
2340,-0.675100148408154,0.11679545890382403
2341,0.12325346243915059,0.10407038948336167
2342,0.11227066773921113,0.11578917854380277
2343,-0.6308039523410552,0.13465199590944232
2344,0.11012306279772943,0.11357320376684887
2345,0.11158785456312414,0.13090936174458756
2346,0.11347912764214407,0.0956959352770892
2347,0.09849772719289884,0.13294983697694795
2348,0.09044793075651802,0.11996367075124481
2349,0.09504940189157529,0.11430255651681365
2350,0.10423237982083067,0.1026490735936827
2351,0.12579520355502627,0.11468029356886711
2352,0.1309213099196227,0.11239902268674173
2353,0.11509395393683608,0.1077834791388339
2354,0.1159457016656329,0.10197979564574111
2355,0.11232006889872648,0.10134280323751255
2356,0.11697850716146285,0.11500160389823
2357,0.1196815720620914,0.10258217038399842
2358,0.10853334188174246,0.12619254779659173
2359,0.13348382028515804,0.12063924850263819
2360,0.11370187804742304,0.10536237273343585
2361,0.12386516360885436,0.10912924692605319
2362,0.11048931284499108,0.10712242946507922
2363,0.11400372841196504,0.10996423477821327
2364,0.10639924572731307,0.11498466117854189
2365,-0.7159933861711711,0.12490105571943433
2366,0.1408267736851181,0.1305490566865639
2367,0.0932476067494532,0.09823394918350248
2368,0.12480671524792286,0.14818638041672116
2369,0.11559957834079482,0.09978028863402222
2370,0.12561590874080242,0.10450333039410498
2371,0.11235091753748172,0.11621493015167772
2372,0.10182618319686898,-0.3528469694319232
2373,0.11913490686093753,0.11644677467243003
2374,0.10777112958983626,0.11772222054227832
2375,0.10729949065179634,0.11839485817212192
2376,0.11688915111350329,0.12229086991502469
2377,0.11270845726957246,0.1153805122927527
2378,0.12109245490589915,0.0991173725332739
2379,0.12123687671520744,0.10659989382860746
2380,0.11852029989327795,0.10579315191692529
2381,0.11723496816766965,0.11574594810661254
2382,0.12538031910602943,0.08888699545593148
2383,0.12519333037823532,0.10805826665044815
2384,0.10680463815734775,0.12219092239494822
2385,0.1356855097759997,0.13069746224940326
2386,0.12054543168281784,0.09807908631941009
2387,0.1062079175587014,0.1168530754303152
2388,0.1013992674378641,0.10696612219996782
2389,0.11913348853578287,0.10764147428333315
2390,0.11891271626671429,0.09491267968839545
2391,0.10972154034663761,0.11972139362138168
2392,0.11504045712782474,0.10878926382852505
2393,0.12682157846539344,0.10486439539197434
2394,0.11279791659380023,-0.691070263350787
2395,-0.7747592393875569,0.11209533957634266
2396,0.11444236809361974,0.13232928020970736
2397,0.1131911229103324,0.11685218909126216
2398,0.11724677494914837,0.12194155357700276
2399,0.12605403049438735,0.10267899448857754
2400,0.0844854956717136,0.10090646540646664
2401,0.11755414903330164,0.10013554318886775
2402,-0.7760668447869976,0.09900930506678618
2403,0.10869588066456948,0.13126394788188045
2404,0.10892357713807499,0.10432267806034878
2405,0.11316086535766434,0.10444401542790382
2406,0.09667807387665706,0.11892513834893292
2407,0.12207635857783372,0.1224609042101854
2408,0.1211002685282212,0.11012218383681782
2409,0.11298353047084575,0.0980702508380551
2410,0.08751086557664056,0.11268114062018375
2411,0.11793638583175259,-0.44024042860436585
2412,0.10379862358373781,0.12083833858520521
2413,0.12540247196762455,0.09724006353530612
2414,0.11141854819593755,0.12781558051066644
2415,0.1246228036464947,0.12545992510574266
2416,-0.6838449604605068,0.0989236113809695
2417,0.0998151781332981,0.11895247373286688
2418,0.10792114038962874,0.11097713488698902
2419,0.11625810920717594,0.12010028129749539
2420,0.1179959175895573,0.11002839684720533
2421,0.10824702198978953,0.11870744534071753
2422,0.102070910623552,0.09350451999605514
2423,0.09106171964450782,0.10437731565816044
2424,0.10835595506598228,0.11788667212585491
2425,0.11815333764812075,0.1041187047709713
2426,0.11111810498653729,0.09475797847507605
2427,0.12654135515409992,0.11514567260318165
2428,0.13068256299314562,0.13734218592558678
2429,0.11117478146628024,0.10936759560778353
2430,0.10419348343852364,0.1023297892307602
2431,0.1331569324814339,0.11758812488310366
2432,0.10922580888028621,0.12264700061523737
2433,0.11647637199271843,0.07657786457070781
2434,0.11702257890059298,0.11593894364906698
2435,0.10755724443035697,0.12773527915350247
2436,0.12071016274508062,0.11062683500866477
2437,0.11645542006585186,0.12340937717859135
2438,0.10623912411174063,0.12193761437725636
2439,0.09454083761773502,0.12140554860748165
2440,0.10477427311702714,0.08809316551241442
2441,0.11328948535146721,-0.456310075694066
2442,0.11010096352754428,0.09681750865304473
2443,0.1068461438695496,0.10406494468505922
2444,0.11812186352902843,0.09772136458923208
2445,0.1044618238322963,0.12047914990447506
2446,0.10782583279251945,0.10556323062466877
2447,0.11835873281916642,0.11385433223916341
2448,0.10344973280937309,0.11280180852169819
2449,0.10932023819410186,0.10283361857639561
2450,0.09268504631397789,-0.5030275939974929
2451,-0.4630889341305221,0.1364620385218025
2452,0.1318291888777554,0.11295081020143427
2453,0.09467605247161459,0.12656761291130625
2454,0.11840828695632655,0.12870769547144456
2455,0.10311169767336814,0.1175930702908885
2456,0.10165692858716091,0.1162067347706992
2457,-0.4068722568414229,0.09663168846325121
2458,0.11586073730511393,0.10543017898019702
2459,0.11996515915861372,0.11519432943276242
2460,0.09810774760227514,0.1278530467632586
2461,0.12098050214479383,0.09321171752946711
2462,0.11108093629095928,0.11679642483445152
2463,0.12465582067127556,0.11164143138182947
2464,0.10336687061984073,0.11595152078789495
2465,0.10752377100330368,0.1045931970105598
2466,0.11073540318849262,0.10525843763331633
2467,0.11883493144812474,-0.5913359399461418
2468,0.11144712094269038,0.10835125025294912
2469,0.10114376340327369,0.11696565510341017
2470,0.1082653993605136,0.12334501377604923
2471,0.12846624578624533,0.09280264815504524
2472,0.11853063414389098,0.11774864184031975
2473,0.12358130802655332,0.12226208513360759
2474,0.13505188932384438,0.12427055585810431
2475,0.11234796166275363,0.12394397456648565
2476,0.10100700137885199,0.11720697935809365
2477,0.10712637013915205,0.10328160275397469
2478,0.06936241814679556,0.0924190778155034
2479,0.10447299015170897,0.11625544245808062
2480,0.09836866250197729,0.09437263801462148
2481,0.11630351369442682,0.09822724096186985
2482,0.12936897778888268,0.10124025333633258
2483,0.10598075979593569,0.104951965430917
2484,0.10818053238337,0.12004867553447962
2485,0.09597200009426321,0.11824533019309946
2486,0.10428591448221414,0.11431539805496116
2487,0.10731249150758582,0.11625658446886566
2488,0.10434802185930914,0.09987120938023764
2489,0.09982359609391778,0.10209498626254998
2490,0.10397373964245848,0.09844517124152197
2491,0.11540023742890737,0.114626029842686
2492,0.105243189785448,0.12534301212770926
2493,0.10583418264525224,0.11960969211768191
2494,0.09260428981314028,0.1003914109242876
2495,0.09350558623274874,0.11717190079149975
2496,0.11044393211355308,0.121650155087488
2497,0.10373178200010713,0.1069535029985913
2498,0.10736500515217218,-0.5995385368709258
2499,0.09973607736997514,0.11768686145455654
2500,0.09355345261607129,0.10530954484164545
2501,0.12426563488362197,0.1328235699102318
2502,0.11464065706806514,0.10013329465083487
2503,0.10970728922093453,0.10591189327383987
2504,0.11395781584594489,0.10850561960642846
2505,0.11662815400480442,0.11713736927352958
2506,0.10772348659683195,0.11561123885307634
2507,0.09860804329001449,0.11923638238288081
2508,0.0938114662763534,0.0989240962385407
2509,0.10654058851259318,0.11961026991251811
2510,0.11814016620110213,0.11685110962833023
2511,0.10674518641273845,0.09682725136452541
2512,0.11361135073600215,0.1387331455167009
2513,0.14371093890226505,0.1071092562513194
2514,0.12199855116093361,0.09690563778311567
2515,0.11490536634924675,0.09371325202417724
2516,0.10192380108377552,0.07687879184390711
2517,0.10505270770459996,0.11082185881573836
2518,0.08880568925708143,0.10888107373625466
2519,0.09364235777123198,0.11426190049132656
2520,0.11429206127506375,0.13511312630179195
2521,0.1120947147822633,0.10931824961247028
2522,0.11329396969464867,0.10087300638910568
2523,0.11328714212325885,0.10417471682740032
2524,0.09225848943689274,0.1203833642229073
2525,0.09994949051625346,0.12257162357128748
2526,0.09276072000829338,0.10019288205724175
2527,0.09843985091289453,0.1181051826133892
2528,0.1008202132614433,0.10919991840656929
2529,0.10122755582337684,0.12613431066095515
2530,0.10984684854634463,0.11071176584238351
2531,0.13498335976508624,0.1116269002074517
2532,0.09949217315330938,0.1011494948811178
2533,0.11244033283255117,0.10731353231965524
2534,0.10326197251231717,0.108183319612835
2535,0.12413726306852046,0.10958648594748177
2536,-0.6865690467970094,0.11462917354330204
2537,0.09890794401202663,0.11074351978703478
2538,0.11431513661817183,0.11567052902763075
2539,0.11469064402140527,0.12260229006115386
2540,0.11036596343454574,0.11529483618621073
2541,0.11483908532255471,0.10191639076469161
2542,0.12275786711042302,0.12447382299225795
2543,0.11413941241457959,0.12296617042220492
2544,0.11768200227360937,0.08358415058011426
2545,0.09753149628551605,0.12938481179843575
2546,0.09231781328655897,0.12378243533637434
2547,0.12489765340801662,0.11051813908716768
2548,0.121006925394894,-0.41443320706354747
2549,0.11439891286157344,0.09750636352318853
2550,0.12540263769830795,0.12503014431894455
2551,0.10425189745228214,0.11291635763631458
2552,0.10816188399271875,0.12209871341859846
2553,0.09385963890786875,0.09500314319643066
2554,-0.534719032551064,0.11793513592705573
2555,0.1045018616961535,0.10923087783228902
2556,0.11322583705344402,0.106266359478012
2557,0.10623428566847348,0.11265196988327886
2558,0.10850092976356751,0.09616004228967712
2559,0.1091965912147228,0.11461437570923438
2560,0.12287899442284833,0.09110331311782405
2561,0.10458352160606288,-0.5615962370769583
2562,0.11935762687554652,0.1028221029371954
2563,0.10634994063538628,0.10944519136058761
2564,0.12288226525276702,0.10677565441969561
2565,0.1203592093345347,0.11481178734752917
2566,0.118346293542537,0.11400382700274614
2567,0.1030149077776108,0.10887469181319309
2568,0.11609767019638428,0.10026182025929309
2569,0.12073776668209946,0.11224928656983746
2570,0.09645452872431193,0.11128569981972469
2571,0.11171198216780587,0.09739055707386246
2572,0.11118292305550415,0.1169020958925242
2573,0.09764450445407724,0.11401652137630247
2574,0.11983277922431901,0.10205070948232597
2575,0.11872522642641892,0.1113821546552729
2576,0.11311017205695029,0.12189941082903033
2577,0.12469790076276555,-0.35790026065622804
2578,0.126421692041921,0.11470519368388032
2579,0.11202175419421856,0.11140275589849336
2580,0.1097638651304369,0.09086118798437748
2581,0.10406678794154334,0.13597368422592115
2582,0.10530215760944617,0.10934601591125204
2583,0.10386697151702218,0.10721797277883494
2584,0.09823784335197971,0.11485738096721976
2585,0.11178506263165922,0.11524746121313978
2586,0.11541173756709178,0.10991748724693329
2587,-0.5320144914322356,0.11036144713739193
2588,0.11618935619221094,0.12819117270771008
2589,0.1071754103701037,0.10588523245166637
2590,0.13064658339224944,0.12210443842752072
2591,0.12483880302785755,0.11599968500899482
2592,0.1365993000194219,0.10589832127515675
2593,0.11974990943184882,0.10437073491367976
2594,0.11487687826118553,0.09810492487074463
2595,0.11388171213977571,0.10122283766193396
2596,0.1246332404254844,0.12621072143780676
2597,0.10761341013575265,0.1080456241699157
2598,0.12418185948201366,0.1111772675505085
2599,0.11747073305451128,0.11726715818680722
2600,0.10596963175045859,0.1091342397904762
2601,0.10970400807636405,0.09805559409360742
2602,0.11204704806895527,0.1337077571991936
2603,0.11564980875624031,0.12651303199431196
2604,0.09538198101011286,0.12943529190545644
2605,0.1055991290824636,0.10851629613525193
2606,0.1199919051704168,-0.7143329295605669
2607,0.09978208311622971,0.1061819703752449
2608,0.10363549659049598,-0.5994679552867972
2609,0.10953476672132134,0.117295247131191
2610,0.13225710764438858,0.1254653681253186
2611,0.11551386397591501,0.09559269963929307
2612,0.10112530335023129,0.10015487079075558
2613,0.1318500838560306,0.09129780389808295
2614,0.11953725887231292,0.09309853179623429
2615,0.09898106882679825,0.11056777387419192
2616,0.10692014468416167,0.12219234874955598
2617,0.10799018777463698,0.11822730337103016
2618,0.10284325054955379,0.12059919980529155
2619,0.11304013589463202,0.11459212526164442
2620,0.08975851896913434,0.11783113996559957
2621,0.11399984129090823,0.11758457407458756
2622,0.1243129955241502,-0.649981560849701
2623,0.10456786424296927,0.10492288337350453
2624,0.1083136444260746,0.10341118220367407
2625,0.11216225227490728,0.12111139094917411
2626,0.11428668679239506,0.11857415929461745
2627,0.12003086244229766,-0.5965855535139627
2628,-0.5803453325996202,0.1004731712151603
2629,0.11639075040924074,0.11568113192883778
2630,0.1109498531862898,0.11280280864281078
2631,0.09963411690229274,0.12853722699396042
2632,0.1202306833194835,0.10972262159812973
2633,0.0986812762376632,0.08043535357689513
2634,0.10747445572734948,0.11994669762547838
2635,0.11326897115809764,0.13030678848219113
2636,0.10254684532986835,0.10985251470655477
2637,0.10630466975553388,0.10040814110547802
2638,0.09844119140550966,0.11255185600758844
2639,0.09989616879866148,0.10947334161292344
2640,0.12425647879868129,-0.613242750876597
2641,0.10396852363264242,0.11631251633057671
2642,0.10953046890370799,0.10757891232410732
2643,0.1100942304552377,0.1222325593738236
2644,0.10153168521260003,0.09665492709044066
2645,0.1281121084634418,0.11646479847140712
2646,0.11116881223552832,0.09910976461322107
2647,0.11152247896166068,0.10246185548081277
2648,0.12581718521852303,0.10052204697332745
2649,0.11957381390120969,0.10352796878700565
2650,0.11542361282820379,0.10519573312674502
2651,0.10842690772579222,0.11668183702659096
2652,0.09921860535188576,0.12458683858064368
2653,0.11597645994021111,0.10028126354034583
2654,0.11633129879365711,0.11395691736189684
2655,0.12532326365293267,0.10583275895545863
2656,0.114292730950315,0.12538145991607097
2657,0.11896667071153688,0.11849431487333617
2658,-0.7676754187668258,0.12367682467193841
2659,0.10770613143584273,0.1190839301184361
2660,0.11719877328850647,0.12032260754685664
2661,0.10401769781179016,0.12844297643831593
2662,0.11209138740272917,0.10157193516859331
2663,0.10757601191792587,0.1249435411924058
2664,0.11549307460700975,0.10026883558173738
2665,0.09951500471920771,0.11257000796853078
2666,0.10979736005203367,0.11655222238078267
2667,0.10966477857156076,0.11966057677800523
2668,0.09496021564873813,0.10901323232424942
2669,0.11849607500366255,0.10582710072994561
2670,0.12254888849996037,0.12379768000849856
2671,0.08592749498995533,-0.56337691966884
2672,0.10436132153398336,0.1143200649884426
2673,0.09377797014983869,0.09662941742686781
2674,0.10137797492727496,0.09436910218214156
2675,0.12566368784701476,0.1238818912903974
2676,0.11028214278311443,0.1229403609716202
2677,0.1193182685406724,0.12057687072362966
2678,0.11550797120006084,0.11091387912060346
2679,0.09071345610977599,0.10830525961665916
2680,0.11636081072051652,0.09609497459581773
2681,0.12020394134407097,0.1053441660667116
2682,0.13688774707206264,0.1061295390522572
2683,0.10479690464709468,0.13645939776969263
2684,0.09648340356593055,-0.6819583502627791
2685,0.11602725644929013,0.10445077860989072
2686,0.11356351979508572,0.11494734445612731
2687,0.1070698658011271,0.13176236278047426
2688,-0.5982536072255096,0.09908665859370425
2689,0.12325020725166724,0.10468285949807976
2690,0.0995662576211036,0.12611238237396605
2691,0.10747034826571378,0.09192960487296764
2692,0.09360780394043244,0.1252264109583332
2693,-0.4860292131810571,0.10165501834587509
2694,0.12186241679182741,-0.37631129032736965
2695,0.11005414511796041,0.11503335458781727
2696,0.1149407163924101,0.14688986079394994
2697,0.09743416048251308,0.10913808079741272
2698,0.12419570785568146,0.09123882233515634
2699,-0.5185345575079612,0.10393896734743113
2700,0.1089018129731063,0.10190095747840022
2701,0.10722145417800388,0.10912457475595039
2702,0.10775639926136171,0.11452273987036743
2703,0.10066216964221342,0.09472621690721295
2704,0.1060809023948659,0.12015881113529825
2705,0.11382737088498929,0.10180611151447883
2706,0.11317864807566869,0.10708687812000783
2707,0.11189294008971795,0.0789582967076814
2708,0.12330507173784744,0.12136833165770833
2709,-0.5649376126006282,0.11334761622343459
2710,0.1108627923989185,0.12021458679861197
2711,0.10905941747463688,0.11497741841300924
2712,0.09648771645094212,0.09966382177837207
2713,-0.6149573216665831,0.12426724768900876
2714,0.10414583598167981,0.10611208211591272
2715,0.10270635068350464,0.11865148103296241
2716,0.12177329233903933,0.12233788747259156
2717,0.11579838984700674,0.12006012679781897
2718,0.1197020634123398,0.12091023653143673
2719,0.10533568833645823,0.09248158718731414
2720,0.11154875603188641,0.12776565000129714
2721,0.1129607173595315,0.12022696927073473
2722,0.09214638413811271,0.10606042834260454
2723,0.0998041814069841,0.11116868900714039
2724,0.09620428248886514,0.118470239168597
2725,0.12872957134687235,0.13214849725844346
2726,-0.6106606133147081,0.11777717417188782
2727,0.11739329819479338,0.10180412268814587
2728,0.10819260269692021,-0.6316481915771988
2729,0.10560780588978025,0.10663706658825678
2730,0.09962406444503769,0.12747498481993613
2731,0.12664972285610965,0.10992872764518458
2732,0.11716153148221542,0.10997628791626624
2733,0.08136754817437875,0.1005001830872283
2734,0.08761396021875179,0.12578421434122022
2735,0.12411909393938281,0.10289132480436014
2736,0.11402487343892864,0.12535046019117257
2737,0.1173697424728044,0.12250827610701998
2738,0.10037312056830738,0.11661798950702318
2739,-0.5506776765461291,0.09664384704665618
2740,0.11968231482787317,0.12378684069219426
2741,0.11786192097880033,0.11473062891314822
2742,0.08064516604581007,0.11743507359529937
2743,0.10498554300924767,0.09330495006525052
2744,0.10960261371474678,0.11378140225161837
2745,0.11591408070277187,0.09059258952878801
2746,0.1211375749067336,0.12746855722323347
2747,0.09880139069572635,0.11794156871170669
2748,0.10110010561686833,0.11191177196765656
2749,0.11069641830251453,0.11779769262373518
2750,0.10620759890812925,0.11701673170339855
2751,0.09975674306422544,0.11710624663913216
2752,0.09858060981671746,0.129049422212419
2753,0.11093718140569031,0.10406445951679633
2754,0.10776525997951181,0.09774719234738294
2755,0.1084367735568812,0.1120713819052106
2756,0.10374910843146878,0.0816619866262418
2757,0.11714148767600241,0.10888880774209864
2758,0.12769659553728285,0.1097326766047313
2759,0.11818953095364315,0.09484939784093327
2760,0.11181649642515068,0.12202583113748222
2761,0.11618991228538356,0.09308921560237704
2762,0.11178110968919208,0.110571930631848
2763,0.11649142979675986,0.126469830337419
2764,0.12839522576984885,-0.6617552590022389
2765,0.11319314200462549,0.09230982788296838
2766,0.12446269780589803,0.112134110119678
2767,0.09816929249042117,0.11743667972513516
2768,0.11099653246487984,0.12078607597874536
2769,0.09942294497888082,0.0984682613365564
2770,0.1189105294229833,0.08077468464009407
2771,0.11906781381045262,0.11148053628892884
2772,0.10641734875464559,0.11435926518849437
2773,0.1188558839908136,0.11015640180955621
2774,0.11965417335613382,0.12042562598107809
2775,0.11144813448150859,0.1080909328354207
2776,0.11596398670476549,0.10047933398473385
2777,0.104291898112153,0.11833882845371235
2778,0.11589451122535266,0.09228225717004168
2779,0.10168897408647748,0.10815771680768504
2780,0.11389605075925058,0.1065508715218757
2781,0.09592811320120886,0.10098619477658843
2782,0.12555131081721593,0.10917187117578053
2783,0.12157731216265288,0.11970710134778728
2784,0.0931137534948474,0.10593830556553052
2785,0.12585910347786244,0.11755978734371153
2786,0.09445427165675446,0.11129539722509763
2787,0.0989639875195818,0.1100038447090057
2788,0.08844461441282658,0.08371538429975423
2789,0.12256236523292885,0.09500197210076
2790,0.09394207556279888,0.09576106192944889
2791,0.10700536400257143,0.11493935574139669
2792,0.10973079521085416,0.10635889142228327
2793,0.10843430945791344,0.10946502503531352
2794,0.10926714178135821,0.10894507786578811
2795,0.12315419652939674,0.12294926947504181
2796,0.11278035176114876,0.11740464011690199
2797,0.09710403946720425,0.09927039008684257
2798,0.09313576170395588,0.10015169936874102
2799,0.10542807157354028,0.09418225902905109
2800,0.1158477043374142,0.116503981035043
2801,0.1279095467467517,0.10110645810409635
2802,0.12051762766415552,0.13049807682226477
2803,0.10218742295716599,0.11769520596440008
2804,0.1102837939391832,0.08404513513302647
2805,0.08701790493378692,0.08197574973340638
2806,0.10203619347893622,0.12478225458709757
2807,0.12439816810585214,0.09473649070801016
2808,0.09507681006316226,0.10105766100903457
2809,0.12472837096284217,0.13316635750059813
2810,0.10649231413944604,0.11714449832881058
2811,0.10943142629436275,0.10477355199497973
2812,0.11098338235926986,0.1155725330740025
2813,0.09603931704001889,0.11004352781294013
2814,0.103689910645957,0.11288859903340875
2815,0.11909422404841497,0.12727877121775633
2816,0.09365620389118434,0.10420309754610702
2817,0.0923285274244483,0.10742142271572286
2818,0.10275192161746083,0.11380989346405745
2819,0.09116113885346167,0.10872896499970874
2820,0.11876576639138281,0.10642275668813794
2821,0.09904132617882433,0.10675503583530399
2822,0.12077888264125591,0.1036104768402899
2823,0.1419095174231697,0.1159430932590606
2824,0.10942290337051319,0.10843526696034256
2825,0.10141148614136797,0.10546728803545236
2826,0.11846877549260748,0.11285063256506955
2827,0.10108921781776004,0.09467931773536131
2828,0.1109671176672018,0.11918972379601933
2829,0.10005710570511428,0.11087702125483978
2830,0.08834377083899803,0.12792882843821074
2831,0.10026570716814698,0.11516287916079926
2832,0.11205753482727498,0.08870669658998076
2833,0.13795797493255968,0.13034346578007483
2834,0.12596878671729295,0.12075999790584535
2835,0.11651152783876939,0.10757831926953743
2836,0.11442870249832904,0.11358860450796437
2837,0.12179399129180113,0.12495750345028545
2838,-0.39661898497978076,0.10464417669824533
2839,0.1119486249059316,0.12329956421398447
2840,0.12574479965407126,0.11086429678054777
2841,0.12672852761239795,0.10053119108427766
2842,0.09906411973019669,0.11022093584998793
2843,0.10627697670436942,0.12260554060259277
2844,0.10525412253147493,0.1195398209935381
2845,-0.36621567068198524,0.11250682184040772
2846,0.10851980106573245,0.11167335107084142
2847,0.13481009683467748,0.10588687414198983
2848,0.12188597142130697,0.1013193229463134
2849,0.1101657300570944,0.11093780467661207
2850,0.11406424635616075,0.10711188625080181
2851,0.10378952318095314,0.09587229545835063
2852,0.10683601017017574,0.11683028028834608
2853,0.1256016598342231,0.12131899682731562
2854,0.11715475385172769,0.10893877830082555
2855,0.1296086866626871,-0.4889232906637877
2856,0.12256893164222937,0.11781179112803031
2857,0.11251969208748758,0.12344082619328867
2858,0.113179389316995,0.09945225963385074
2859,0.11422007457495553,0.0852020161328153
2860,0.1189631508768818,0.11270214991487415
2861,0.09828624465690994,0.09778502607857775
2862,0.08842813956560391,0.11840319040535752
2863,0.1250522059898751,0.13450012131282474
2864,0.10223711792686263,0.11702956075268545
2865,0.12146126045093353,0.11008106380035554
2866,0.11567120626585448,0.08871425217463158
2867,0.11673962428329121,0.10468110456720003
2868,0.10753985300530355,0.09822467489318187
2869,0.11718397015399762,0.11900625288318523
2870,0.1182369781351571,-0.5295624282131908
2871,0.09797866382718978,0.10933013110351952
2872,0.10795023295070183,0.098344139731118
2873,0.11746700558743162,0.09729911648039802
2874,0.1257490576806073,0.1251912359650209
2875,0.12169118605798035,0.11789583841348295
2876,0.11359288552107305,0.10569948731622647
2877,0.1145337206845971,0.11345939855914944
2878,0.11979415972288532,0.11429267786880892
2879,0.09138491829013318,0.11587115277150395
2880,0.11455782231984113,0.09210624664732014
2881,0.1224800228060472,0.10526231343960624
2882,0.1292848666113251,0.08931757365591775
2883,0.09732903125140724,0.10132245196540901
2884,0.11436719512997362,0.11174441271464075
2885,0.10478648429963244,0.11022377071169442
2886,-0.4767711985228673,0.12477886618487255
2887,0.10136979736643004,0.09851529277561655
2888,0.11743585618378427,0.12427913276199387
2889,-0.34908351788042213,0.09340923702546844
2890,0.09680235889095368,0.10453258386769115
2891,0.10253688181124532,0.11494517117446379
2892,0.11171384779258164,0.11244607099370252
2893,0.10529749550950052,0.11763811918729572
2894,0.10541640835657096,0.11570935400943783
2895,0.11087202582888778,0.12097846365527998
2896,0.11391493030370126,0.1108428841926985
2897,0.10595029586734284,0.14010860703967065
2898,0.09977337851986867,0.10758277252758797
2899,0.10561789726133486,0.11646315652024897
2900,0.1272395745526762,0.1087406030454896
2901,0.10438012058276414,0.1433139673318713
2902,0.10262595951789244,0.1089928009971406
2903,0.11082327168334438,0.10045727414044947
2904,0.08986785910219708,-0.49118787536452646
2905,0.10534824966011858,0.12649160665059145
2906,0.10059810252828516,0.11382616265943701
2907,0.10902415112454733,0.11075568536180902
2908,0.11881261780406893,0.10266448839616271
2909,0.12105232948815048,0.10185369245854736
2910,0.11893613545141735,0.11597108084554142
2911,0.12798471861599214,0.11812228205156261
2912,0.1011064946769511,0.1129633272499928
2913,0.11497260827307954,-0.6618893128454235
2914,0.1134837352447493,0.0840596287780202
2915,0.11823389838452392,0.10351439968554299
2916,0.121413584662587,0.1004958375734093
2917,0.10730960309591642,0.12155671913160093
2918,0.11674090446674534,0.09280078414037884
2919,0.09596095545284244,-0.6298470685581117
2920,0.1186464951802344,0.10066045503943388
2921,0.10329345915655219,0.10983901035764831
2922,0.13298715690524743,0.10610782624940174
2923,0.09884133757521618,0.12392966145532447
2924,0.10711377233950459,-0.43009206870408423
2925,0.12506663049306632,0.10672321184793954
2926,0.10708135186797274,0.11993983237702421
2927,0.09052442123409277,0.10947755663798864
2928,-0.5376021168225165,0.10490743912575318
2929,0.10291747923446692,0.11957843120475387
2930,0.11381605036107967,0.12745588346152803
2931,-0.7430287115639149,0.0984165867341138
2932,0.13436751241331057,0.09423842246771863
2933,0.11137329518218442,0.0971570107171651
2934,0.09902669979086176,0.12077765254669592
2935,0.1123384291028402,0.1338523798107789
2936,0.1113380450592325,0.1004949549230052
2937,0.11834793088745776,0.10591822502452763
2938,0.09810745940534416,0.10944555574011927
2939,0.12683765320999663,0.12146908118538735
2940,0.11219253064326473,0.09041615286721272
2941,0.0939244565583508,0.09278189176669804
2942,0.10374322650133871,0.11701315801329226
2943,0.10882814770952876,0.11943777265169486
2944,0.10901725811788698,0.09535586191811563
2945,0.12209763760752912,0.11009682564203915
2946,0.10781577831620148,0.11063326590039835
2947,0.10249310523098232,0.10313018456729584
2948,0.12008016948227285,0.08931115809803569
2949,0.12797812048694457,0.1273194292266533
2950,0.11546467986525899,0.1117674024540074
2951,0.12424760956330072,0.10268057427723432
2952,0.11598588961993994,0.10603997419204214
2953,0.1196829941698041,0.1177126294000237
2954,0.10129422117535802,0.09849925245232316
2955,0.1143113651312031,0.11341210253831702
2956,0.12494578399741307,0.1034759405752308
2957,-0.6274113862139491,0.10415343363763463
2958,0.12539280821319876,0.11530956722895125
2959,0.10984246266018305,0.12030617419039036
2960,0.12020784647674843,0.1191391009316698
2961,-0.486177377245703,0.12607053923053502
2962,0.1033514746529749,0.12567392148795897
2963,0.12837745618176855,0.09697213786511427
2964,0.1077520792683202,0.08418339927564711
2965,0.11163195483290744,0.10072160469611768
2966,0.1088397583665357,0.12415215075271946
2967,0.1130642144749292,0.109703630302872
2968,0.13585554640390418,0.11310234721471035
2969,0.11986161139733387,0.10809950211860286
2970,0.11052794561725654,0.11407927344562063
2971,0.12111103482626562,0.12085134853161006
2972,0.12207175772801415,-0.42859081635217
2973,0.09674038649516103,0.10852944886598448
2974,0.1315598507235256,0.08610915214979675
2975,0.09839116149199079,0.1301525673650672
2976,0.12228223615316058,0.09329685466871296
2977,0.12022101301343113,0.10874798649155282
2978,-0.6617130374059708,0.11690189915146054
2979,0.11354239969540703,0.11515566799393051
2980,0.12311533863097357,0.12862216286429984
2981,0.11782353210308694,0.10713607347167353
2982,0.10812985190313373,0.10669765383442864
2983,0.12058798079793176,0.12368884332964059
2984,0.09794597067607103,0.09362489576910393
2985,0.09106582943669905,0.11500720123636876
2986,0.10462109387194429,0.09970600501774829
2987,0.11411785995871582,0.11509267868661688
2988,0.1027342932409796,0.101092027152196
2989,0.11727438760375208,0.10134241615951378
2990,0.1059007656277422,0.1153616409323941
2991,0.12328190627112345,0.13046679354640323
2992,0.10795913434731141,0.108002820839183
2993,0.12167585853861107,0.13142883359490254
2994,0.11793223168171907,0.09612955097623366
2995,0.12094564188954227,0.09335591220306294
2996,0.11787074484031446,0.10588217708124081
2997,0.13535463544095805,0.12400210742241469
2998,0.1314365939018043,0.12500051705478787
2999,0.1211124698091186,0.10874782776841263
3000,0.11073638118662443,0.10318663568392727
3001,0.10503786124942471,0.11868389405470325
3002,0.10972901968631499,0.11582992519939816
3003,0.10597211426134256,0.1159229594907456
3004,0.08143621238556853,0.11024973618388723
3005,0.10292653857655654,0.10036118046932918
3006,0.11406316829185426,0.11353409617260768
3007,0.10618340516433955,0.09477118737395052
3008,-0.6790723834080962,0.1280758245027076
3009,0.10663619840892435,0.09609619060369967
3010,0.11052119483352074,0.09343745628277778
3011,0.10337571013561009,0.12497599424502259
3012,0.1082007290538416,0.11226490422484603
3013,0.11407035846357694,0.10229516335419464
3014,0.12099681471425461,0.12087488420609804
3015,0.1025577863238556,0.10380228248854606
3016,0.12805594514966012,0.12310898175092122
3017,0.1167173667800201,0.11029810291162878
3018,0.10984920264144571,0.12428712305861334
3019,0.1021446611887511,0.10739294392912968
3020,0.10020372948775447,0.12656207898488914
3021,0.11756001079719414,0.11715517888294924
3022,0.11206003572511336,0.11153800072870035
3023,0.10064723421878874,0.11587154854355641
3024,-0.6865812293564717,0.11891502682753297
3025,0.10616134190078008,0.11410931603783081
3026,0.10853878151270013,-0.6524070430609958
3027,0.11685646293128826,0.10929267180733682
3028,0.11070082005467885,0.10058882509051048
3029,0.11463711180699421,0.11990864561050607
3030,0.10514848633197738,0.10836334531505876
3031,0.10316188252881231,0.09893719039921622
3032,0.11203309140643136,0.12831753038484273
3033,0.10770200291425125,0.0980052076004787
3034,0.12516645788038128,0.11177877320167817
3035,0.09329060632064468,0.12518595744676708
3036,0.1361450851891659,0.11387537652910407
3037,-0.6193927584485335,0.11277716401502369
3038,0.11494189420153367,0.10593463516532098
3039,-0.5576995523340375,0.12890387902678047
3040,0.1087549080461947,0.13307981559419746
3041,0.11217168678022227,0.11475752375860337
3042,0.09740016653036854,0.10494110150311431
3043,0.08385137184338243,0.11129568402517309
3044,0.11699034142912001,0.10449773361754566
3045,0.09112967242196879,0.09545420600462151
3046,0.10555991679275034,0.11690836850118402
3047,-0.5742246938126044,0.11392205011045387
3048,0.10272388486728401,0.11364758347598802
3049,0.11916641000857608,0.11075475231708443
3050,-0.6599706242786424,0.0973623564808197
3051,0.13006120810459154,0.09903100826530475
3052,0.10466512609143286,0.1266129527541877
3053,0.09741000760695795,0.11132098966098303
3054,0.11023808666597357,0.10048342066335825
3055,0.09966752571232318,0.11074239624233284
3056,0.10833781054459579,0.11444273364695734
3057,0.0913921952269896,0.11999361647171325
3058,0.10741685476683727,0.11666818691994219
3059,0.11404023833929444,0.1309313202769269
3060,0.1089588398104846,0.1100151253880115
3061,0.11312723194638585,0.09600635911786592
3062,0.12455322913666711,0.10471874126718084
3063,0.09916094266163,0.10670948491000276
3064,0.10605137226396488,0.12264116900934274
3065,0.09762078399337604,0.10627606131676592
3066,0.11313457344072209,0.12392386187108939
3067,0.13116650444357703,0.12499178680121137
3068,0.1089337406939086,0.10805004451200961
3069,0.08298463540837364,0.10143156498480366
3070,0.11435561789552784,0.09930014601126969
3071,0.10934038080959385,0.1211322734873772
3072,0.10483465695594196,0.11495278873840609
3073,0.12835360950686114,0.10263104231980025
3074,-0.46686435396420223,0.13358176187281257
3075,0.08140170479806019,0.10791040017748221
3076,0.08384791903821243,0.10760762785667022
3077,0.11358867760027214,0.10917976926908834
3078,0.10101305644191672,0.10207182357450373
3079,0.12452259394129439,0.11880906498293431
3080,0.11046444840927938,0.12884453228199577
3081,0.1298698230266817,0.13479025729319938
3082,0.11015304997913744,0.1029097743405869
3083,0.10775793476367834,0.10142653591477369
3084,0.10051097915654239,0.12096166065750813
3085,0.07774135226167167,0.09998924415535249
3086,0.10930056146518785,0.10792849737891075
3087,0.11662800775390547,0.12074277589185889
3088,0.10279331256211299,0.1200287298658187
3089,0.09708872788137102,0.08198129366595208
3090,0.11017002713651314,0.11704377779562813
3091,0.0989408578219797,0.09976573001766531
3092,0.11559958305665052,0.1085489095060228
3093,0.12082853963076579,0.090983656178244
3094,0.10274097458907927,0.10729174008854958
3095,0.13692797832447634,0.12462992025285846
3096,0.11940847035552515,0.10893340463766288
3097,0.09579037125755141,0.11031262872136627
3098,0.11412563172575307,0.10217699464406316
3099,0.11795562840954843,0.09875164793269109
3100,0.10714119990982685,0.11676434376038691
3101,0.12142365277648848,0.09068168404569033
3102,0.10842503946884507,0.11274891142707233
3103,0.1268132203505823,0.10300106258343478
3104,0.11859245623244541,0.11285850973145073
3105,0.1254000572757068,0.12698576560314634
3106,-0.6015307418220004,0.12099233809597054
3107,0.10979933800236719,0.1419082731873551
3108,0.11177787012199736,0.12372653979213655
3109,0.11158125790792206,0.11135191492356733
3110,0.11170931851411492,0.12663414312373678
3111,-0.592498928149856,0.11585465649854654
3112,0.11936309086166141,0.11000096933118608
3113,0.10744106109027096,0.12605975275956394
3114,0.10152551604430826,0.11001306670023259
3115,0.11841801005783514,0.112407788782114
3116,0.09900030787851621,0.11029964774719292
3117,0.12344519206616145,0.11330162660905874
3118,0.11300807638243793,0.10290347679866207
3119,0.1143199957213561,0.11871334373224318
3120,0.11162848393410507,0.09200170137260422
3121,0.12449042364857887,0.090171086257548
3122,0.09835859354466558,0.1007433453998785
3123,0.11407850623531912,0.10236367809085434
3124,0.12055406081782016,0.10212508538706544
3125,0.1041536665566043,0.11113389152309994
3126,0.09309170430698233,0.11387070126999821
3127,0.12615281461723193,0.11920181439558197
3128,0.09906028534294764,-0.7273666157205421
3129,0.10377458131871631,0.10575237154332573
3130,0.10772608847920528,0.09703790911358023
3131,0.12511692011879427,0.10742491279531152
3132,0.10243839303198876,0.11260964960143927
3133,0.10590183252150553,0.10095050866797028
3134,0.11213197792472829,0.08766141786990689
3135,0.1059996977312001,0.10774107283602619
3136,0.11137315560321759,0.09837892049430597
3137,0.10654850157899465,0.09247300119192614
3138,0.12811357838126658,0.10695640888917213
3139,0.10306268167497734,0.0915030275455544
3140,0.12042282482279965,0.1332854325474908
3141,-0.5678470031052676,0.09370124802499369
3142,0.10424779253553362,0.10228142331141488
3143,0.11220800379935225,0.1012952492364283
3144,0.11136086772014853,0.11369358124202766
3145,0.1096283271368046,-0.47194999255776904
3146,0.1161178436032424,0.1174091930300789
3147,0.11316937417883488,0.09351170012194165
3148,0.12532091532487022,0.10340166559551411
3149,0.11150261339927159,0.10397781769390879
3150,0.10571549975580852,0.12201178807295254
3151,0.09334101111279525,0.11311182375857931
3152,0.10025241885206393,0.10427398795316023
3153,0.11062778292836284,0.0953699838639348
3154,0.10318478089449346,0.11017085194343679
3155,0.09558711170842349,0.09313857097020795
3156,0.11363902169640894,0.11703363031902492
3157,0.11124675351462554,0.11696707563487152
3158,0.10902095022039493,0.12392644901536443
3159,0.13256246279100248,0.11874155630400418
3160,0.11746563846048863,0.1096216523210094
3161,0.10465488684113011,0.10412256203578862
3162,0.08747587992517603,0.09800602743304543
3163,0.10568239684398884,0.12898390580241736
3164,0.10753447721160359,-0.6297827293402071
3165,0.11081860105759889,0.10961128999544045
3166,0.1124624615666181,0.095560682592287
3167,0.10067547611097005,0.11672193205068715
3168,0.10137822390996343,0.11225677312642524
3169,0.11458396810107141,0.10292541054542648
3170,0.10079871577106414,0.10757652542790597
3171,0.1178907500174009,0.12225180624376364
3172,0.13954583757208328,0.11099475764781364
3173,0.11213714289531129,0.11537324891553791
3174,0.11721892256050315,0.1292592047449379
3175,0.11255784384683576,0.11709886537701464
3176,0.12567337155889668,0.10480680542887821
3177,0.100591694370056,0.10981597300828061
3178,0.11485523676228482,0.12300653568689679
3179,0.08945539227957289,0.10276282700682526
3180,0.11597807339433386,0.11043724944272282
3181,0.10284940663158637,0.10539677152169391
3182,0.11631561316082295,0.12532720649524864
3183,0.10363883248680872,0.10631592619157804
3184,0.10481232232333748,0.11035824533607985
3185,0.13983253831881526,0.11369458655527342
3186,0.09860165701312851,0.1061479271399608
3187,0.127774176855612,0.11943567327550042
3188,0.09236703832879023,0.10616153092407621
3189,0.10448513286455907,0.11075141738453342
3190,0.11896358015099096,0.10880805467412524
3191,0.10249990847014057,0.12761595767284417
3192,0.10343679627306601,0.11656319565021622
3193,0.11079084114489235,0.13154963382359686
3194,0.09663917046072212,0.1097373097815868
3195,0.09218454562595757,0.12976117485534377
3196,0.10211365147135987,0.11522970879703731
3197,0.12256452332587142,0.1037427750638662
3198,0.0998975809972471,0.12190956995694235
3199,0.12361949378006365,0.11190167834273734
3200,0.09646145049998478,0.10240071364718806
3201,0.1276026642874002,0.11255476551360011
3202,0.13692564341135638,0.10080139982785341
3203,0.10428734131328388,-0.5684594590288482
3204,-0.6394006555563193,0.10340529834147083
3205,0.10909979813535275,0.10511869295071019
3206,0.12029492488531934,0.11976668587717665
3207,0.10788694504605001,0.13035710221300656
3208,0.1099598718306447,0.12638230766959158
3209,0.09613360150795836,0.1191911034407307
3210,0.11672387920132166,0.11517034098459056
3211,0.10146423722974718,0.09920942901916652
3212,0.0952520486183408,0.10912839207017244
3213,0.11561626061387553,0.1293851808654436
3214,0.10374492162243754,0.11863848934728605
3215,0.1217417497627884,0.11788040225874874
3216,0.12156625084130335,0.09993457967329289
3217,0.13043378386486837,0.09893377868357156
3218,0.12261439510960859,0.12824974793708277
3219,0.10492711817361311,0.11904375569603931
3220,0.12535155094919137,0.10690475273943956
3221,0.10351703491913922,0.10698171772372667
3222,0.10680411809802193,0.11687350417038989
3223,0.12352333976770513,0.09826642962606913
3224,0.10321111421013396,0.1037634253026194
3225,0.0932427835105305,0.11906534717810802
3226,0.11463944641926704,0.10841386273776621
3227,0.12373436617866562,0.13051331854188586
3228,0.12169299013817536,0.11570976879688666
3229,0.10030169974453074,0.1070179102685982
3230,0.12081982303651073,-0.6383460331758399
3231,0.09723885345737693,0.12483697286355921
3232,0.12623735017569016,0.1165265372853741
3233,0.12603064751914328,0.11394096375316054
3234,0.11021737827656475,0.13355868089886425
3235,0.08855133015182881,0.10387833866352492
3236,-0.5090144966267736,0.10379951930346443
3237,0.10366656862769541,0.11732788483752188
3238,0.09902791606446337,0.11887022288948978
3239,0.1073940143667742,0.11112090303260791
3240,0.10787921056533234,0.11954221526384812
3241,0.1076181382397079,0.11049401648962687
3242,0.11606900887710991,0.1096938169371855
3243,0.11668984591254894,0.10818938820031843
3244,-0.36034394377363954,0.12231029898584778
3245,0.11616754383166294,0.10698583340475976
3246,0.09980967063052648,0.11414645346224805
3247,0.1145927996756384,0.11852229042764129
3248,0.133297110234335,0.11968332921133817
3249,0.12480207058338988,0.11219429737442121
3250,0.11514747424832295,0.11613568421823839
3251,-0.46324621076446193,-0.5676552814154483
3252,0.0946983502092218,0.10006068497771925
3253,0.11457646463680637,0.10153412841792608
3254,0.1128383356631173,0.11302425505758285
3255,0.10263441421751285,0.12196371035778908
3256,0.11752005187014403,0.1186430197123407
3257,0.10427901654016547,0.10230266135258659
3258,0.10729357822534391,0.11874623728668543
3259,0.10503026455427844,0.10315973624266261
3260,0.12519838331012845,0.11421939578967266
3261,0.08983243571552912,0.1287532128678477
3262,0.097182321640787,0.09583827331982064
3263,0.10936816979778019,0.10285801622273372
3264,0.09640500498479909,0.11171445935795021
3265,0.1134679759424424,0.10561023657574986
3266,0.12444245337705073,0.13220644628458533
3267,0.12335844332080592,0.09647933967056721
3268,0.10855839321547078,0.11526036584118904
3269,0.11896687843794385,0.09696851663070127
3270,0.10582882601923727,0.10010845466807661
3271,0.10658867998094346,0.1316163790640208
3272,0.11182075814389592,0.12400596871259828
3273,0.12505259574144367,0.12368137346606756
3274,0.09665529144906215,0.1034957116401547
3275,0.08801720868670904,0.09710145062277187
3276,0.10801033524016179,-0.7864592193422459
3277,0.1031429659195795,0.1093211897767079
3278,0.11338385831785414,0.11132532244154714
3279,0.10300973886008125,0.10879096887522532
3280,0.1212354945481735,0.10389199499102997
3281,0.09554560135905543,0.09948759385902717
3282,0.09916671747373762,0.1154289428255888
3283,0.10444903813374973,0.10530790480070484
3284,0.08993588394980101,0.11221303363297253
3285,0.11100251913210224,0.11459028424230899
3286,0.11005469303119964,0.1247099334885382
3287,0.11303902793235299,0.10918560376620223
3288,0.13280215972980636,0.10427283783182117
3289,0.10106151148560727,0.11764094957198212
3290,0.09671458683769196,0.11929580643356785
3291,0.11407591914563375,0.11658216185711123
3292,0.11906815439717233,0.10585373940933107
3293,0.12739715628716075,0.12088201590063696
3294,0.12808734002681166,0.1045452763365371
3295,0.10429592223417483,0.12231726847687496
3296,0.11325904091881567,0.13614717132131982
3297,0.10819142538653437,0.08992823526026772
3298,0.10614011825870517,0.1031139138121171
3299,-0.5797009777880713,0.12147419662830239
3300,0.11135235731756743,0.1212611023436525
3301,0.1134600093339877,0.13343436528792574
3302,0.13286750242575307,0.10810606079016405
3303,0.11236544003731463,0.10548754815981831
3304,0.1246120878062087,0.11656513987758133
3305,0.10018683467729628,0.11007136649352045
3306,0.10211811772051704,0.12100399153669472
3307,0.1122509371473368,0.13163767464177956
3308,0.10746539451927828,0.1167435161939252
3309,0.11223634581435493,0.13124800633330347
3310,0.11051647547723231,0.10377781240869721
3311,0.11544548958243173,0.12257557472304725
3312,0.1106110687499049,0.11442955407919242
3313,0.10359087973481107,0.11306933409413267
3314,0.10399110747389906,0.09619332571363093
3315,0.11499813623275146,0.1086058494733595
3316,0.09722987598899135,0.12160324490527086
3317,0.11492904258428172,0.11579252963738784
3318,0.12478782480316708,0.11000234128915598
3319,0.12361963778639895,0.1082555285087825
3320,0.12516888241972235,0.12975930574295202
3321,0.1227141523319435,0.10361046738883628
3322,0.10623096319260594,0.10931380273153057
3323,0.12032124040239278,0.10579174861925811
3324,0.11180209497655569,0.12384598743126274
3325,0.1163064719967648,0.1094995901560325
3326,0.11216243777216284,0.10643488570145165
3327,-0.45899915629032184,-0.34578484220134975
3328,0.10910356468284532,0.08392437998843127
3329,0.10010539469969104,0.1158865494089405
3330,0.09922218415907125,0.10369307238474246
3331,0.09923480587642342,0.1308090632966079
3332,0.1110636488519623,0.11025402009971486
3333,0.11654572496581617,0.11293736455499759
3334,0.10297168297315329,0.1012145366425814
3335,0.11397715486626558,0.10042766785643953
3336,0.11573742478104343,0.11126055805729829
3337,0.11180234829721458,0.1088435644005934
3338,0.11828901833015881,0.11881279172567982
3339,0.10217989155775986,-0.6183402015984321
3340,0.08911864939478664,0.1069462925965643
3341,0.09489736856825526,0.10345774145301823
3342,0.1111861432104937,0.12318109307138636
3343,0.1186505137697833,0.0917881141140997
3344,0.10745469214162151,0.10240545712197524
3345,0.125319499012998,0.09556302603134226
3346,0.09919311919022222,0.10997638322936032
3347,0.10358732288285633,0.09972509699980336
3348,0.1228640357849804,0.11722040386415378
3349,0.1038271904353294,0.1128188345218144
3350,0.12050530459296982,0.12484767147746045
3351,0.11058549418409669,-0.5368395913274991
3352,0.11047977004547938,0.12366840167004423
3353,0.1161617860879327,0.12203755828806595
3354,0.11455910476911058,0.12363511086801848
3355,0.10812584130038916,0.12636941224280962
3356,0.08346334661475652,0.1064811940063981
3357,0.1142929090666791,0.11265886915704493
3358,0.08979031865909692,0.125056738578327
3359,0.10584900159633381,0.1038757700233659
3360,0.10479956282343772,0.12306153934896225
3361,0.10333654364926548,0.1280605809807951
3362,0.1185042628442683,0.10635196056800744
3363,0.1179427445099539,0.10507505968430997
3364,0.09499582958888642,0.09956278382506123
3365,0.09858233062784283,0.12136681863124021
3366,-0.46836132034188693,0.0997966587786614
3367,0.09318645157555117,0.09730665272282257
3368,0.10800655754282196,0.09840663705143271
3369,0.14382137391829852,0.12227078262000401
3370,0.13399846038857222,-0.3678645202610362
3371,0.08998375523208413,0.10364471853408386
3372,0.09516983151256686,-0.4796516088988655
3373,0.09441551615338306,0.11067587200721984
3374,0.1267099180527873,0.12265991470737148
3375,0.10870994690039981,0.09505273944767434
3376,-0.632381561734227,0.08694659456300768
3377,0.12052061495308708,0.10587402968118109
3378,0.11987782079598164,0.09809664230381676
3379,0.10072166292587892,0.11118674315235233
3380,0.11475476766234904,0.10839673335739342
3381,0.10105390737234177,0.13793473992534366
3382,0.11125157317263934,0.11646749477360085
3383,0.11853416247616844,0.11751748398840833
3384,0.1052428001459913,0.10402933520894009
3385,0.09970762870649663,0.11310259095710329
3386,0.0945548112116763,0.11204700934483847
3387,0.09265299357835133,0.12258328146489839
3388,0.11848115365602863,0.09807050682334184
3389,0.10577847598477419,0.11108478774301633
3390,0.12957538646171107,0.1255240315819568
3391,0.10764339857697136,0.11421678677732494
3392,0.11194741987460688,0.1041747136269977
3393,0.10501225660263036,0.1104246829873401
3394,-0.6323954528987964,0.11361306233333157
3395,0.11492024092381481,0.1116302180023856
3396,0.10490015999658375,0.10737109243295517
3397,0.11558449517738323,0.12253522400733652
3398,0.10521033135067492,0.10826428686422274
3399,0.11011804164429373,0.1346153754765962
3400,0.09912912436323396,0.10564151721572212
3401,0.1350673235365596,0.10846696975583514
3402,0.1047343389401405,0.10223105562088497
3403,0.11616352458264578,0.08342873094823555
3404,0.10019921271053067,0.11324563406106591
3405,0.11684580801235511,0.12002471657085545
3406,0.12207790840632016,0.11087405192722
3407,0.11795641333312967,-0.325649289827741
3408,0.11303090934172255,0.11558860255687708
3409,0.09648605964855528,0.11744796180813144
3410,0.11230786778382762,0.11429985997938164
3411,0.10280311020667177,0.10362171164465717
3412,0.11028457896464205,0.11345384691786342
3413,0.09760009557694604,0.11228048173506844
3414,0.10756564583144246,0.10762392703084056
3415,0.1168487389256645,0.10721015198694306
3416,0.11463337130951023,0.12646510442419134
3417,0.10260633831986254,0.09899256208091867
3418,0.08930049567772191,0.1254045485551789
3419,0.13280631443419866,0.10845770836266921
3420,0.09581033890987123,0.11287217755956958
3421,0.12029390851599597,0.13342588162692492
3422,0.1097244694086017,0.11681063539123127
3423,0.13329930664921674,0.11981477959585618
3424,0.09762016568566745,0.11137434362942167
3425,0.12017042133963707,0.10862718395801663
3426,0.10332564012084888,0.1200383795965041
3427,0.09623390613990379,0.12010107375511359
3428,0.12860518891170591,0.12251729536235834
3429,0.12498140544527536,0.10118264995739557
3430,0.10092392713772624,0.10431069365762213
3431,0.10516215671313267,0.1099897384825752
3432,0.09923641339647671,0.12314767501517299
3433,0.11499762112379619,0.1047819419828917
3434,0.10600488625865001,0.10754675781870615
3435,0.1353012571603751,-0.6041789178322692
3436,0.11628442140555051,0.11817591434850527
3437,0.11635160118900312,0.1148806704980363
3438,0.11647065780408439,0.12055955707244559
3439,0.1022369012331854,0.11257279391148578
3440,0.09951736915471998,0.11536113676004711
3441,0.098478551588284,0.10035116879139383
3442,0.11972136443690773,0.10171819174268837
3443,0.11025321116407372,0.1157282031114002
3444,0.11212148168572522,0.09740719155114519
3445,0.10260430930433229,0.09411119354977404
3446,0.10656407354068764,0.11032493143632616
3447,0.10875602885078761,0.1380845205098944
3448,0.09069224325289893,0.12065199142907157
3449,0.10576072951205795,0.12259428658095217
3450,0.09921700839971481,0.12070356614615507
3451,0.12003412150553228,0.11482023864648117
3452,0.12280136185982315,0.11774449708903356
3453,0.12550369844962916,0.11530738664181017
3454,0.11129506289694935,0.11335446644020708
3455,0.12138925979958692,0.1061518094735665
3456,0.09093870750568644,0.11796071645082429
3457,0.13972765123269015,0.1124130175031186
3458,0.09700818227960761,0.1184964357435565
3459,0.12337885836769535,0.11791135040978595
3460,0.1171536275076468,0.13384921092942292
3461,0.10224963995485847,0.10933534582711646
3462,0.10850595757244097,0.10900296434883372
3463,0.10621070919136999,0.10102815389852937
3464,0.09381019926083933,0.11456040794367106
3465,0.10133227197648842,0.105228890308944
3466,0.09812461442706333,0.10032575639367947
3467,0.1028409851748564,0.11164760296420728
3468,0.13882942673499077,0.12490451468436636
3469,0.09584374974724463,0.12085061873414427
3470,0.09285030452185006,0.10188446349414493
3471,0.09625124404962082,0.1131610178141702
3472,0.11591394016802892,0.10137745786965291
3473,0.10582001178252098,0.10466056016604952
3474,0.13299451889945213,0.12442048529112637
3475,0.11365938860468239,0.11210513937350308
3476,0.10524498381358982,0.09836094556085428
3477,0.1269826575550539,0.1027912359784442
3478,0.10736789561368476,0.09292643924667177
3479,0.1193630235300831,-0.41619686356748786
3480,0.11763424192753535,0.11783390892037127
3481,0.0977768806710273,0.11262434942983135
3482,0.08072972099074915,0.09631598640003358
3483,0.10328009746377576,0.1318066099900077
3484,0.10616581757751731,0.10892971861426126
3485,0.09824089584129636,0.11646769334151474
3486,0.08203454002951993,0.11425093076921611
3487,0.09287608323426166,0.11908460645452257
3488,0.09524529267442516,0.11545236945985038
3489,0.11238816435409005,0.11510980417253402
3490,0.10804789056088149,0.12236006961959434
3491,0.12296280821235173,0.11488855399300446
3492,0.09799333542904787,0.10195241845074854
3493,0.11131135403945325,0.09761596986427823
3494,0.10914082430580696,0.11591953399997346
3495,0.10218379713337566,0.11373387621723619
3496,0.12849734174857108,0.11275583503696462
3497,0.12417091791011559,0.10389421318969738
3498,0.10768316057643545,0.11832267572853805
3499,0.11880377162973899,0.10610501711389375
3500,0.09057510633035415,0.11840968641678651
3501,0.09975187355456794,0.11617470122858853
3502,0.1106441343494744,0.10673849789034962
3503,0.09132555118904828,0.11508233568370141
3504,0.10761459896329173,0.10652126675748996
3505,0.12872740495732127,0.08783677206626828
3506,0.1079101821424624,0.10839324403290296
3507,0.11025289359188739,0.09348691147283383
3508,0.11229817401998865,0.1124469550012066
3509,0.10634900872382858,0.10829072269530271
3510,0.12234114232209548,0.12848043342752558
3511,0.10858971328436362,0.11290136593830535
3512,0.11307315388451222,0.11500032250397152
3513,0.09591651540937507,0.10792993559114827
3514,0.1079106070406497,0.1154740565489294
3515,-0.2878572015628791,0.11954467321203932
3516,0.11463010342754743,0.1097544174872016
3517,0.11551172037299651,0.10798304791793933
3518,0.11280565577213708,0.12962606993304404
3519,0.10402280928912688,0.10943935966825191
3520,0.1276465812592389,0.08935208551799123
3521,0.10396565054557061,0.12351716801162893
3522,0.11772587514752675,0.11479924924077722
3523,0.12071533622274044,0.0980963453744641
3524,0.10742164359034856,0.08675184391038604
3525,0.1109435634477538,0.12775330441722743
3526,0.11412451349492514,0.12685675668818508
3527,0.09775361659244242,0.11309424086326292
3528,0.1106314609999941,0.12760534315392524
3529,0.12917578326394707,-0.5724847448738672
3530,0.11482893500477842,0.08804784490743778
3531,0.1175608731059512,0.10309955264776716
3532,0.09429818926225808,0.11155359287107514
3533,0.1200895293629527,0.09925192865732568
3534,0.13153930618670917,0.1106010610551933
3535,0.11891330632900998,0.14236845913310492
3536,0.11933218686144165,0.1174605433174718
3537,0.11616708136672704,0.09556850269297112
3538,0.11774469093467155,0.11067396143210018
3539,0.10160784866941008,0.09321693526497432
3540,0.10180306868658828,0.10710553492669628
3541,0.10974819544308545,0.12750948904017445
3542,0.10137225915573467,0.11510082817470524
3543,0.11629339465640665,0.11643019449336989
3544,0.09774310817738763,0.09881774872694837
3545,-0.6971445387536144,0.1133908528993246
3546,0.10483613038493367,0.11996157078293757
3547,0.11568668983631514,0.09288382740448031
3548,0.11202206297254347,0.11407922435794982
3549,0.13126533287353093,0.1074466636088871
3550,0.10958324137339925,0.11508803615453811
3551,0.10446460281131742,0.11017777449147959
3552,0.10939067479004416,0.11019207573111012
3553,0.09987637083155487,0.11316485089233108
3554,0.08881199473335633,-0.3786975697257273
3555,0.1053093884458558,0.12155773771160128
3556,0.12235403926434296,0.10880214149061973
3557,0.1046618820664944,0.10790649880825343
3558,0.11438105374068219,0.12082214942832548
3559,0.11746446445850434,0.131858813185316
3560,0.11655185830272963,0.11865446365061927
3561,0.10890433866310922,0.10830395516973423
3562,0.10841092128053109,0.1057212149175848
3563,-0.2863613589632936,0.12262790455596129
3564,0.10781072924020307,0.11478606417501269
3565,0.10929255453525011,0.12492772612805969
3566,0.10934513361395148,0.12207198326569535
3567,0.11510480224677977,-0.6233949468762597
3568,0.11106883761996444,0.120332022427172
3569,0.11736296527619072,0.10026596803168641
3570,0.12137872441270803,0.0894960108204701
3571,0.10952252246549521,0.11009127937765384
3572,0.11499817553851344,0.11164187081769272
3573,0.09092277517833147,0.08580096939986226
3574,0.10246089590198748,0.10514562459405208
3575,0.12283646482163468,0.11126633348225479
3576,0.08415144812084607,0.10097741230354318
3577,0.11108411687320974,0.10917231737913835
3578,0.1041959970200177,0.10747049677552778
3579,0.10986823443999216,0.11410576275217355
3580,0.10627781611059395,0.09522386966372487
3581,0.09635476214946559,0.1040122619720758
3582,0.13135165380309477,0.10808929116791544
3583,0.1182439745443955,0.13074978255143788
3584,0.10686549270699652,0.10633213563511701
3585,0.1171686202455191,0.1200868250366045
3586,0.09539453896928896,0.1174101845821578
3587,0.0989028344563665,0.1123025378407152
3588,0.11609761385229977,0.10991122266981557
3589,0.10685185280843301,0.10252518727981452
3590,0.10916098701200405,0.0971992692221959
3591,0.09155222862415568,0.11131359250584172
3592,0.09611283760144529,-0.5797098735639489
3593,0.1196381865350773,-0.5787802607255546
3594,-0.41351531758393123,0.09977118875495417
3595,0.10655018669693161,0.10923334170782995
3596,0.1012980588931427,0.10859149367698606
3597,-0.4755529752733155,0.10543793864198903
3598,0.11154208976848712,0.09460906287663717
3599,0.10656426859832124,0.11912611625037672
3600,0.11127693637814073,0.10426111252568782
3601,0.11061647818295883,0.11430033056101685
3602,0.10096983980859853,0.10907604709989527
3603,-0.4438095701534738,0.10907507011115358
3604,0.10971338481543857,0.11092633069304081
3605,0.12865226813213138,0.1299264084464553
3606,0.09452046411877646,0.11616809059380628
3607,0.12201326149798031,0.10099875708466888
3608,0.12153314395472026,0.11719947582115564
3609,0.11476881808854955,0.11830659313604563
3610,0.10814965290516287,0.12118440587743318
3611,0.11184961894582734,0.10260985892285457
3612,0.11272521178192485,0.09793090749777944
3613,0.10368666588501463,0.129011351876112
3614,0.11315384766219361,0.11071878373589628
3615,0.09985367026257697,0.11298373414472795
3616,0.10725614791835758,0.0924853428422574
3617,0.1281648223636398,0.10694539849112261
3618,0.11427175519266064,0.10421593924736161
3619,0.0983055439330145,0.11151148180314041
3620,0.10858552386251619,0.11537280089758073
3621,0.10821742174744364,0.10516453480246413
3622,0.12000173713736939,0.10562812739164373
3623,0.10370334614490728,0.11588505035121877
3624,0.12823437574582464,0.1204905127806013
3625,0.09373494961516804,0.10993295730259289
3626,0.1085199420842764,0.11065879487637953
3627,0.13322801470379608,0.10806391264549853
3628,0.10268539672743793,0.10098738820548747
3629,0.11248378072808096,0.11001821026790903
3630,0.10674923605299536,0.10392398478831444
3631,0.09738748074461312,0.11849176360251423
3632,0.11638927049484038,0.12676938698788454
3633,0.10901739867014082,0.11121401893495597
3634,0.12190049984242779,0.11622344385810002
3635,0.12987797338529616,0.10387407590755404
3636,0.1158737277207107,0.1282766393740007
3637,0.10263711296216904,-0.5749045617768661
3638,0.1137416657970991,-0.36421585208936413
3639,0.10465998443442848,0.1096839507982601
3640,0.10579841940055146,0.09125185489545151
3641,0.13083748249314398,0.12110720677562359
3642,0.12407502666404024,0.11435195982422086
3643,0.11538027184335364,0.12898060294491698
3644,0.11626991566037082,0.1194132774176635
3645,0.12506324265971025,0.11442883447579888
3646,0.12631569033003998,0.1013033354260422
3647,0.11066940355673682,0.11539454410558259
3648,0.10102520457256214,0.1124031742699938
3649,0.08902503710287579,-0.3402860700806625
3650,0.11654602041127005,0.09631207610463499
3651,0.08724449003893597,0.10823089817642262
3652,0.10889593790478158,0.12219762915136889
3653,0.10170287748299378,0.12263233140839058
3654,0.1050138443453763,0.09538538621944403
3655,0.11335263248401328,0.13922215471035582
3656,0.11758827466090938,0.11964584205812168
3657,0.12023671980808692,0.10539201421454836
3658,0.11213231158023129,0.12683019999045997
3659,0.10281654325052858,0.10871867732312501
3660,0.11771008489906087,0.11683993840500118
3661,0.09345962139224984,0.10545019370557474
3662,0.10904488042932448,0.1333024686789368
3663,0.11036667138237188,0.10113900679896748
3664,0.12655310050817525,-0.5164752532650762
3665,-0.7791017193188584,0.11316014700074262
3666,0.1008999980714651,0.11023599414950191
3667,0.09582893707592754,0.10965840569401952
3668,0.12912869914384095,0.10695766254473482
3669,0.09794561054474071,0.08406427328895694
3670,0.10492754775325519,0.11954941300330191
3671,0.11131071809671744,0.13176158738262833
3672,0.1034697462093459,0.09708029042275723
3673,0.13258834483721338,0.1086206585500562
3674,0.12001097658105642,0.10548913618643141
3675,0.11186274722467582,0.11653229010990396
3676,0.1101314652490224,0.12137266077075615
3677,0.1074609062324452,0.0996081155593187
3678,0.11173236678260823,0.1137623333933655
3679,0.10826913445726372,0.11346730545336303
3680,0.09099401726230516,0.10809493600633435
3681,0.11542795379700332,0.12283481361835724
3682,0.12873495301092874,0.11540537809613838
3683,0.10062949180069292,0.11225400591575152
3684,0.11236080882179089,-0.6113197576293465
3685,0.10335740044985231,0.12876843070430466
3686,0.13191940074927877,0.11035093803620089
3687,0.1218128677426995,0.10333402933262681
3688,0.10483455632528327,0.07917623191432854
3689,0.11625884928661212,0.12980919385561318
3690,0.11834010107194626,0.11624369111559907
3691,-0.5206436404075941,0.10354621997644076
3692,0.1257178097615992,0.11440266621446193
3693,0.10080222516591553,0.12942171583323514
3694,0.1510209402894871,0.114037739228676
3695,0.11005656575590339,0.10217684661086102
3696,0.1124539336025896,0.10894830463527883
3697,0.1021376818037838,0.091774647706099
3698,0.10481250411995813,0.09728913288070418
3699,0.12470099164948967,0.12799737745313933
3700,0.09189795609898166,0.12041037899699547
3701,0.09229614011990916,0.11035876596228889
3702,0.10785246341525911,0.11442853888162108
3703,0.13238496464350624,0.10489737009860223
3704,0.11636606104446612,0.10671154016270812
3705,0.10682641125050285,0.1186103991472558
3706,0.12799230024944253,0.09908059830784177
3707,0.09376137398824391,0.10015951613541785
3708,0.09894035442461302,0.1023246215931013
3709,0.1080122948821125,0.1232818488874936
3710,0.10915222205530606,0.10534074492843759
3711,0.10319927241133109,0.10508692807894682
3712,0.10837918096606414,0.1059206479935797
3713,0.12817928177308469,0.10607208621139064
3714,0.10925774081847228,0.1268335751086036
3715,0.12017003463317755,0.09751438417528258
3716,0.10288347200966519,0.10738494389799413
3717,0.10131812390080097,0.12194571934563636
3718,0.11356873991871974,0.12126047642351745
3719,0.11547670384740982,0.12482189745768535
3720,0.09612397317230292,0.12815666893009126
3721,0.11793725933970123,0.11831239701368546
3722,0.09671978295975636,0.11423440303080556
3723,0.12113894873009601,0.11251835833632406
3724,0.10957757447693384,0.10989592160686801
3725,0.09867536647289632,0.09799994776900123
3726,-0.4532338533451543,0.1267621674708712
3727,0.11800765422920478,0.10773142948235548
3728,0.1254867132827353,0.10992353690157208
3729,0.12242058100032471,0.1171740382983304
3730,0.11645778400282492,0.10581401255506706
3731,0.10414537446988015,0.11650818458328915
3732,0.11175015492967999,0.12541066816828073
3733,0.11832280123461003,0.10827660190483313
3734,0.11053951369535775,0.10817644710865348
3735,0.11835263981235422,0.1381660524753665
3736,0.12491205718759146,0.11199873627590295
3737,0.08559789952932695,0.12038897138194393
3738,0.13062370921369704,0.1063807100834806
3739,-0.5073070106019832,0.10491503290031634
3740,0.1027618295464865,0.11898153644493226
3741,0.11810672894592811,0.11964015042415421
3742,0.10335442590139432,0.11871731709960653
3743,0.1062336600206284,0.12030441042519491
3744,0.09561849648446397,0.10117767155555346
3745,-0.4290387426971468,0.10185877755403472
3746,0.10075265358174801,0.10935030631895826
3747,0.12046982428153852,0.09810051792116248
3748,0.10743648817405038,0.1121854091994714
3749,0.1167422206162938,0.13706495197111335
3750,0.11156284992054477,0.1043877617966038
3751,0.1069543388220795,0.11094541018767634
3752,0.10699478766879933,0.11113540367784891
3753,0.11924027785629687,0.09657341252691065
3754,0.09423695135297794,0.10569814020505053
3755,0.11263806067042181,0.09986705133553198
3756,-0.5825332607326952,0.10297410262089923
3757,0.11981367619608152,0.12410942681235437
3758,0.09408338466040123,0.1171226283883986
3759,0.1268947247801706,0.10657444061702082
3760,0.12010460148957569,0.12181900953659963
3761,0.11209105235537353,0.11278809172850024
3762,0.12593751817670773,-0.6128151565704433
3763,0.11526216803051903,0.11786793317958777
3764,0.10345014359131466,0.09562644190477276
3765,0.10210953558154512,-0.5235057525378298
3766,0.09753408462127577,0.11779112780058965
3767,0.1095385995519571,0.11671790617152622
3768,0.1054153841895824,0.12511564689547994
3769,0.11662503529794632,0.1088853152545306
3770,0.11319276490253682,0.1290506331035215
3771,0.12350610077654012,0.08585497220373473
3772,0.11595591750508771,0.13334217135510484
3773,0.10981087569012993,0.11717094468214961
3774,0.12896014902610786,0.12481788257868542
3775,0.11545777488335451,0.11387478824368658
3776,0.10937263866424218,0.10785186826405435
3777,0.11056515726318827,0.125833626197128
3778,0.10716624011472531,0.1054240947563927
3779,0.12080255009627061,0.13366007066361307
3780,0.09918753110442258,0.10230650668809371
3781,0.10259935541341503,0.1175419282493575
3782,0.08058334089362962,0.10086899984861764
3783,0.11413337217903297,0.11246587489325943
3784,0.11197802293798587,0.11026197006734151
3785,0.11056085748264866,-0.49131732896636626
3786,0.1304266063291375,0.11413861422488236
3787,0.12080774742845324,0.11701082273562724
3788,0.11164153578036795,0.12669823815404002
3789,0.10922041574365338,-0.4848757696533815
3790,0.10755585936780587,0.09981259650414276
3791,0.09192150976707825,0.10748110260408894
3792,0.13233473187612876,0.12012799792118778
3793,0.12022768666572703,0.10515404076068169
3794,0.10713333499856481,0.10383130744364766
3795,0.11369816389449716,0.1223645415118797
3796,0.12233806472399911,0.13415273917357817
3797,0.09428400247807955,0.11342199489325777
3798,0.11568309512709041,0.1229602493746309
3799,0.1120622538994549,0.0969790338443488
3800,0.11722258936210017,0.11702934909330653
3801,0.10153257491155476,0.10027657416391467
3802,0.10161842841726676,0.12743763491789428
3803,0.09761980174420204,0.11033312251704985
3804,0.11190478243124069,0.11265044368786237
3805,0.1025230081109656,0.12504205292290238
3806,0.10956622327942123,0.11388762212516945
3807,0.10361550025363697,0.13977265239858183
3808,0.10992720337160677,0.11007748416891139
3809,0.12138149539015797,0.1175738057142297
3810,0.10601792412131017,0.13726391234839364
3811,0.11537367179773983,0.100397836271094
3812,0.10658817820468247,-0.4689986615506091
3813,0.10330511745570914,0.10577572380323508
3814,0.09012508249714535,0.11123678343434196
3815,0.08992643305634851,0.09678646650321499
3816,0.1074360482958594,0.11279620265088752
3817,0.11499728693497335,0.121138635074441
3818,0.10442062090886783,0.13084165298804207
3819,-0.7254951115794783,0.10675353519287611
3820,0.10883556859842392,0.12608421745628906
3821,0.11423917299039266,0.10456709144743659
3822,0.09661630168781121,0.11665615854251166
3823,0.10344789478005345,0.11427161265372576
3824,0.1106268884342616,0.12404206240118953
3825,0.10686423561339287,0.11928855549619599
3826,0.11232374891335817,0.124872887633378
3827,-0.7659162375260545,0.11117451054523131
3828,0.12450615423909817,0.09513376103585403
3829,0.09228388181890912,0.10971253887458787
3830,0.0885891815467379,0.13336274777045043
3831,0.1160286872561771,0.11917773732178327
3832,0.11638310675078123,0.11008105093496368
3833,0.1033576147062103,0.1125020163697974
3834,0.1198162296795402,0.11496120463568715
3835,0.1090684056618767,0.10351234613532645
3836,0.10486478056902504,0.1187090076559787
3837,0.0960928840153652,0.10175139146116763
3838,-0.6212530765047886,0.11052738248150695
3839,0.10018340436573792,0.1006012600739088
3840,0.11683521481078274,0.12216198502422082
3841,0.11899597913634552,0.09875167233206117
3842,0.12394147022143032,0.11262093018937258
3843,0.11228395393875878,0.10034781460035358
3844,0.11863531769033142,0.13175609759728313
3845,0.13175734236526537,0.09723251851056691
3846,0.11822045278419901,0.1173084526187902
3847,0.14462830734209464,0.10052295429986202
3848,0.10524630833905957,0.11250760980600538
3849,0.09741048035232414,0.10856899460484448
3850,0.11734789323445494,0.1275514339731174
3851,0.11618877316538523,0.1321147168837149
3852,-0.546961341078528,0.10993212905214911
3853,0.1116655223938523,0.09788680580130249
3854,0.10076218849458618,0.11634010588166421
3855,0.11227112389364491,0.09140085465124748
3856,0.09651993400972914,0.12312653228903114
3857,0.11253901379173992,0.12184449209995396
3858,0.11451553166840833,0.12281348534678149
3859,0.1182811355772051,0.11651177890827658
3860,0.11217455193702053,0.09712005889016062
3861,0.10531221529098844,0.11350474256082355
3862,0.13028471867624458,0.12036400268954761
3863,0.11457081411152248,0.11644351162441446
3864,0.12376102818214219,0.11747064177037592
3865,0.11524375067977544,0.11851324910143979
3866,-0.6286483392286912,0.1041571013696132
3867,0.10624621841589654,0.1207667780338586
3868,-0.5904375738501401,0.10608120093999296
3869,0.11548298435162052,0.12170689204684737
3870,0.12542413928303353,0.08969379063684113
3871,0.10398957463692593,0.12348887965625166
3872,0.11814918000848151,0.12223932646737823
3873,0.09925354113373674,0.08588893774288064
3874,0.1230583277902515,0.10805217799294886
3875,0.11999158336617888,0.0984968783779332
3876,0.0996065572519158,0.12168030529026064
3877,0.08862398581792341,0.12236547617808347
3878,0.12921005585929346,0.11467520605456794
3879,0.12912679990660303,0.11042916850724516
3880,0.115879169297322,0.1419936669703441
3881,0.12455076571748247,0.09367294810454263
3882,0.10104741044260512,0.11199994741843544
3883,0.11275058751589606,0.12562720725781062
3884,0.0967713669178496,0.09745283011964112
3885,0.10469581375547388,0.09571865313715078
3886,0.12033659791351115,0.11664929390422252
3887,0.11308475170289878,0.09935376276181418
3888,0.10310621212599269,0.09366955011913758
3889,-0.7083669849977465,0.12443791391401904
3890,0.10475737403749563,0.12425724177089226
3891,0.1159501476655389,0.10119606593722441
3892,0.11458148463653783,0.11146250383067668
3893,0.12410879596505198,0.1373289036087142
3894,0.10389217008755591,0.11938606665064677
3895,0.12402644319252376,0.13356870604450166
3896,0.11455635020911692,0.11437286339536512
3897,0.08460978217610293,0.12315160023178606
3898,0.11377041026925494,0.11898087871634111
3899,0.10979395585495721,0.10335489824502986
3900,0.1064764014506141,0.12636525960637934
3901,-0.7908346025082786,0.10164347719422384
3902,0.11374624580162718,0.11242717371705657
3903,0.1282040510250495,0.12001803747701434
3904,0.10737461534268578,0.0961885673595495
3905,0.10709550960964331,0.12555424965244377
3906,0.11651272682207603,0.12386354326053328
3907,0.1175011627609639,0.11410145376539993
3908,0.11850155476260249,0.11564021117046619
3909,0.08064660186569594,0.11450176013690472
3910,0.08914481963478571,0.1205297643895904
3911,0.1231507273558281,0.12040012984010695
3912,0.11346418566951377,0.11534253266125294
3913,0.11324474018308872,0.10136682775233208
3914,0.0968358488674852,0.10125693244955447
3915,0.11408991507645028,0.10512800530794153
3916,0.11589872250780875,0.10091743853743096
3917,0.11215160571837868,0.10911232531282122
3918,0.11882687769875933,0.09694655237418659
3919,0.11717167119348426,0.11997585277133282
3920,-0.665005594850556,0.11921800071159216
3921,0.10508750281821855,0.10120485705214932
3922,0.13806159671770413,0.1125410008441039
3923,0.1269619614608135,0.10266731278981589
3924,0.10437578429280814,0.10311466091635668
3925,0.12060421902096818,0.09978591150404137
3926,0.11455839965534875,0.10572287461867602
3927,0.10307444153625323,0.1197676476286158
3928,0.08719532271526043,0.09263685919660913
3929,0.1272769576828785,0.10593346923321478
3930,0.11417810403301165,0.11578337711260422
3931,0.12082231497217699,0.10813197661419727
3932,0.0989781898775497,0.11467232495627089
3933,-0.6370251210304836,0.12084773661176396
3934,0.11361005681883385,0.1088301174345967
3935,0.09190314739022942,0.11311068590898743
3936,0.1047577760205105,0.10675865342344504
3937,0.12566657608980147,0.117026406542174
3938,0.10645976543049929,0.11921827401306007
3939,0.120891664965459,0.13322962934687244
3940,0.09862957529485206,0.1407402535385287
3941,0.11225868433808417,0.10121508823770475
3942,0.11891064648100591,0.1184189807867253
3943,0.12686082818209488,0.09906519962485882
3944,0.1362478334250916,0.10549770578271422
3945,0.10763550100409791,0.1307162964883153
3946,0.12290757457532009,0.12033677761245998
3947,0.10563295361725333,0.10762623263464666
3948,0.12162139039734665,0.11800496251387083
3949,0.10981349447902167,0.11706923696794802
3950,0.12842784711147326,0.09990337349822287
3951,0.11013824810124517,0.09933610687326277
3952,0.1032613917910643,0.10582010821258936
3953,0.10973068471141056,0.11569975986620151
3954,0.10366624813552905,0.12218574151775807
3955,0.1225037711792365,0.10814439471062509
3956,0.09233651348261107,0.11470533778085157
3957,0.11606620910284726,0.12219080699962204
3958,0.1378893740340812,0.10918726021256009
3959,0.10620228347850369,-0.6858311521448192
3960,0.11444588963120683,0.10776974880855739
3961,0.0989292262745547,0.11372625961134086
3962,0.12544503402902518,0.11726563609464358
3963,0.10860659056487698,0.11231503344563443
3964,0.12066520660346125,0.1099362929202845
3965,0.11979959362366666,0.13578119886608064
3966,0.09307499439662514,0.1110171145023553
3967,0.11014369855867923,0.11536623372834698
3968,0.08928254276926251,0.11063248459088726
3969,0.11247552522964321,0.09682926224149413
3970,0.11634136779307513,0.1310313542188457
3971,0.08660614374183884,0.10539908288727085
3972,0.1314682540312404,0.10599430840496127
3973,0.11066791350545446,0.11031573269249861
3974,0.11125388097151778,0.09971597639941399
3975,0.12970671139663104,0.12274785208048744
3976,0.10951624263928617,0.09128376237993097
3977,0.09974063912310394,0.12155609435396642
3978,0.12231580726429359,0.106813689798549
3979,0.12900378495315046,0.12328364719956353
3980,0.11084541461358799,0.09133694669543302
3981,0.10158185354293248,0.1280755302142329
3982,0.10824372811095095,0.1019163029618948
3983,0.09722530284820552,0.11101309588133845
3984,0.11856301838710293,0.10359998400420656
3985,0.10776448882990297,0.1264999537218654
3986,0.1133338447930261,0.12180010638206262
3987,0.13295540376392068,0.09402460550522052
3988,0.10987958870619874,-0.7140316302182554
3989,0.12661733756472016,0.1108142047637477
3990,0.1068617110122736,0.10149869874562811
3991,0.10797829026091166,0.09806142015353125
3992,0.10020345903870265,0.09845762397996616
3993,0.08846296462113434,-0.45971519971994623
3994,0.10107941522609942,0.10803404323135757
3995,0.10007658624725435,0.11965037479853757
3996,0.12243785714791167,0.11780637323414056
3997,0.11449066045903766,0.11107257023717554
3998,0.10300752745401343,0.09243536518115536
3999,0.10775518459330358,0.11291622730710893
4000,0.11733585147466563,0.10722724544612783
4001,0.11595039215226177,0.11854366853996634
4002,0.11428225351498411,0.09691273321429761
4003,0.11339285434214852,0.0974974802014128
4004,0.09910208329599057,0.09495433021404875
4005,0.11822202449928465,0.10849504457938308
4006,0.09283891958706358,0.10968957339916541
4007,0.12054216148934427,0.10088794425525638
4008,0.10252132301561345,0.11183356070821349
4009,0.10901896738763517,0.1316240155243824
4010,0.12110959650167352,-0.4006544455919008
4011,0.1286439120488736,0.1251032414633666
4012,0.10525658905739022,0.13216196313343764
4013,0.08900191686667203,0.11276110674141893
4014,0.10299997716744747,0.13503408031180508
4015,0.10098702671068271,0.12628913794433583
4016,0.11341387593256269,0.09728222778255313
4017,0.11925299811933199,0.10402452116606975
4018,0.10506251199083438,-0.7046249329748785
4019,0.12217361319444686,0.10750802500558332
4020,0.11896360880596424,0.10702705013923852
4021,0.11562608181314338,0.10759624599587636
4022,0.10414472838698163,0.12356866051848692
4023,0.10855250184565834,0.14017907513148842
4024,0.11326865869622171,0.11078189963349616
4025,0.1131491593405598,0.10802348958424579
4026,-0.5159086442347198,0.09134232821870425
4027,0.1063271648617008,0.11756892094783833
4028,0.10678876623780154,0.08800361054269645
4029,0.1243107032962143,-0.3193682164577262
4030,0.08779930763822685,0.09946183427933519
4031,0.11862010244979282,0.09667004791051426
4032,0.10936355414631227,0.11019078684487837
4033,0.11899839528594192,0.12469240556646555
4034,0.09809592132646627,-0.672174396637935
4035,0.09479260746079188,0.09756664381346614
4036,0.10059023765374775,0.11044445460898622
4037,0.09620425486333062,0.10275155169431094
4038,0.10669353460923592,0.1150020785080681
4039,0.12167912270546877,0.10365353638083885
4040,0.09542459923100322,0.11740988351027548
4041,0.12036291621149298,0.12507271335819414
4042,0.09584960564378875,0.10155646498110205
4043,0.11626709093559628,0.11949438663455969
4044,0.11508965381610814,0.11624888017051593
4045,0.10863674870789142,0.11928996777423118
4046,0.10469572748321565,0.10606186645952564
4047,0.14744573775791037,0.09903019009294423
4048,0.10493220019651828,0.12333931998438397
4049,0.10398800142069953,0.11011275644354357
4050,0.127586726094306,0.09122354036118585
4051,0.10366631175861496,0.10617090060704748
4052,0.12811607098067102,0.11626830761928719
4053,-0.40861774951609553,0.10317258863818424
4054,0.10287900596085087,0.12173171336457589
4055,0.10274100189249569,0.12153676048692108
4056,0.09730585013414994,0.1204888294540507
4057,0.12151208581437167,0.09704266614239465
4058,0.09352415615631982,0.11489730599029424
4059,0.11742170980522304,0.10556858638761701
4060,0.09356489654099165,0.09951901992368928
4061,0.1006588928840193,0.11125687526071926
4062,0.11625207718950814,0.1098823037160035
4063,0.1173985802324169,0.09717292635993768
4064,0.10181785420964462,0.09607440682125556
4065,0.09448159029191228,0.11838355173176884
4066,0.10918107824841172,0.11830681329787818
4067,0.11468247031955792,0.12191148750325786
4068,0.10644770620990496,0.13046213529073425
4069,0.10853513654398594,0.10826274567690941
4070,0.1085682699955548,0.11330651730697361
4071,0.12848113525661886,0.11616438284378328
4072,0.1088966228323005,0.11992693914165775
4073,0.07450716278006864,0.10686091007954612
4074,0.13171769769128105,0.11765866085336696
4075,0.10814453274927383,0.10702043262241423
4076,0.13279736139970333,0.11066809417956391
4077,0.0908821608234498,0.1250748866577056
4078,0.13525056076619513,0.11696663171199417
4079,0.1260174272023522,0.12504989619716955
4080,0.1015568098141193,0.10097213428435015
4081,0.12657775943447191,0.1298212721313834
4082,0.11640579841998844,0.12040470813620674
4083,-0.595401033633894,0.10935708222127616
4084,0.10954052946959902,0.11802294290902027
4085,0.11500443457960907,0.10342939844871424
4086,0.1257375495465305,0.10610545044110409
4087,0.11433073626262535,0.1128770951553546
4088,0.09692236724134462,0.11144786607830648
4089,0.09804625614602314,0.09946406670541652
4090,0.09455110386276533,0.1172256507279108
4091,0.12111444490935885,0.12272363717291901
4092,0.12209009520397807,0.11853156201577231
4093,0.10272113719465392,0.0977423557425452
4094,0.1115250001195236,0.10858292883324294
4095,0.11067734390800221,0.10001979951220563
4096,0.09529569472441568,0.13036735273806377
4097,0.09787928198636431,0.10384156316354898
4098,0.11143091724121623,0.10922315079875045
4099,0.135262201565314,0.11698357928248182
4100,0.09243950258576406,0.10371172363073233
4101,0.11586347550821463,0.112828037874799
4102,0.10169730616764872,0.1131253244696826
4103,0.12595225695740986,0.10592322192127113
4104,0.11530751723298138,0.09886484706672749
4105,0.11464743353106766,0.10577413432658966
4106,0.10491731589180708,0.0992494877581438
4107,0.12104515269735727,0.11089130024540972
4108,0.13593908680439903,0.11995037860433522
4109,0.10993533926360377,0.10708058419032329
4110,0.10408792494276109,0.12610100286384407
4111,0.09272329597119122,0.11397570730440365
4112,0.1277583667914648,0.113900362453355
4113,0.13308972475763614,0.09616719805453933
4114,0.13400388083626158,0.09321909959521335
4115,0.10638243992064322,0.13724039122211185
4116,0.13652943515095517,0.14341508612717613
4117,0.11256450987131195,0.11507818870083342
4118,0.11680158013004127,0.11816236162750937
4119,0.09683888972512222,0.10176624428481995
4120,0.10726819417054201,0.11299334000592509
4121,0.11292064166963822,0.11859084309556911
4122,0.1241955327132771,0.10779330939368514
4123,0.09186975900573668,0.11209318681791514
4124,0.09380108942321885,0.09687124652593493
4125,0.12702074906437355,0.10722551129254243
4126,0.11284383436539347,0.12159364578174148
4127,0.1200551370207954,0.10354992028318533
4128,0.10062623068439369,0.12391602351993725
4129,-0.3718705377200535,0.11004836536952012
4130,-0.7272372172640444,0.1212085907881264
4131,-0.43996536945640297,0.12533076030890578
4132,0.11220715314524421,0.11209004100392228
4133,0.11977757245717946,0.09754029033313061
4134,0.10613896549283885,-0.5184510917631713
4135,0.11197071677474946,0.11422616653895701
4136,0.11954979434714641,0.11773355402045516
4137,0.10582648357607294,0.1034160433835416
4138,0.11188819722190502,0.09622686986525886
4139,0.10311389704318352,0.11706134297225779
4140,0.10997071451312168,0.13209427204133872
4141,0.12483168947681067,0.1289906415064801
4142,0.12244578999654498,0.11049425392701462
4143,0.10292720598024663,-0.5800365443221938
4144,-0.5438502502659319,0.11991890033871777
4145,0.09458454803075411,0.10825110193347731
4146,0.12233585002765457,0.10610228805221711
4147,0.11336722318816306,0.11999447794293472
4148,0.10520152571569885,0.09567131206273416
4149,0.13365354478574076,0.1155509053351893
4150,0.12007233174433707,0.10182902658868209
4151,0.10791166204432523,0.1295997798808075
4152,0.12254330216316989,0.125539272945687
4153,0.1079339872112044,0.11133725924332194
4154,0.1232803614186031,0.11058926380072864
4155,0.11216013128795832,0.11495040299777082
4156,0.11975036720287635,0.1089288663568615
4157,0.10233740275663483,0.11016945836877245
4158,0.11857706195923412,0.12760868548931015
4159,0.10096614962471828,0.10936110697820345
4160,0.08908318271804605,0.12334327475642826
4161,0.12124770980844102,0.11165961581968786
4162,0.09991531843163304,0.10285444175349556
4163,0.10815729148043629,0.11767490534176006
4164,0.11347460731040937,0.11681114139917126
4165,0.11739481096059068,0.1145342035832293
4166,0.11464394003389233,0.11178069424996084
4167,0.1131519429594916,0.10723644913931829
4168,0.1118902278189724,0.12297825366611437
4169,0.10127753828036656,0.11722718444236935
4170,0.10129428539024721,0.13026617392781437
4171,0.11199628667550354,0.11913116648953004
4172,0.10220783546349654,-0.6976525588857596
4173,0.11388472494042157,0.10173732208960407
4174,0.11876918293945748,0.11706642992318872
4175,0.09828985925907419,0.12212515270947044
4176,0.11548562567555587,0.12574599549033727
4177,-0.6645304650194623,0.09983502504877495
4178,0.11463742212292494,0.10416787487417101
4179,0.1072508520083495,0.1263573327819607
4180,0.11644007052408023,0.11284099450715357
4181,0.10923577087317327,0.11501557302389176
4182,0.092718180268623,0.09830406849499873
4183,0.10673960032577301,0.11374846487275514
4184,0.08773854239577639,0.13663201722519558
4185,0.10927820065934557,0.12328498386778919
4186,0.10190879002791475,0.0906436183706576
4187,0.10172679979770427,-0.5880831438702003
4188,-0.5597890370786871,0.10959611069853148
4189,0.10380296974963343,0.10106128467519881
4190,0.12637594976472188,0.10577656120915435
4191,0.11608648862901871,0.12071231300451779
4192,0.10355993731259572,0.12036818557752249
4193,0.12586647039201693,0.11704614733228413
4194,0.11687059596958727,-0.6430321751858548
4195,0.10145836490742544,0.13819696284339256
4196,0.1229386052098711,0.10837032564367788
4197,0.11662735266893276,0.09355853774867295
4198,0.12048038816179774,0.09161108676669971
4199,0.1161506558827663,0.12348897413454685
4200,0.11591929068599294,0.11192014120779725
4201,0.1237444729018764,0.09816029899164458
4202,0.1352998170381774,0.10578120651378597
4203,0.08797269484153158,0.09558025791164737
4204,0.09177035401820977,0.11875464021799442
4205,0.0983111821636824,0.09922023487030729
4206,0.11643349410821702,-0.6033348829048071
4207,0.0983032810913973,-0.40977596981016784
4208,0.11671014184933992,0.13549075977713554
4209,0.12091987455000663,0.11542918291240967
4210,0.09553211805282613,0.1227420344041994
4211,0.09979494618930573,0.12323038123314367
4212,0.12377947128117306,0.10420011570125554
4213,0.10456944197886231,0.11092652990681073
4214,-0.45385851148283296,0.11946524842267281
4215,0.12358471295733509,0.12317479982556767
4216,0.10792798735403752,0.11483898998043052
4217,0.11926318157112847,0.09114349646779285
4218,0.11322664755701672,0.10915781630028465
4219,0.12749048955911402,0.11926781153174293
4220,0.11222155236010734,0.09665682635590622
4221,0.1174092436742693,0.1300639740091436
4222,0.10236606724302955,0.09831438529940839
4223,0.11089611640314212,0.10680750992383525
4224,0.11211687389462632,0.1343976763814243
4225,0.10224583795509101,0.12196487562836555
4226,0.09577744607086758,0.09831548530772749
4227,0.12348050272255962,-0.5865228557581837
4228,0.08071690927800601,0.1274977704731899
4229,0.11080303191507013,0.0948762474931546
4230,0.10925346353796583,0.11400107534006398
4231,0.09198646972589297,0.11390804242093866
4232,0.12760066230529632,0.12939566810099135
4233,0.10184731069631114,0.09804679503973524
4234,0.08814891471107278,0.11369631692292326
4235,0.0923449108368728,0.1374109114890818
4236,0.11248787343066602,0.10712401158260776
4237,0.12004251949697275,0.10754966003614319
4238,0.13044141716711732,0.11540104966866505
4239,0.12028916957991131,0.12434710704474794
4240,0.11757945850160256,0.1002617686115761
4241,0.11085390437359388,0.1165933489948463
4242,0.12595606533937098,0.10449425847696725
4243,0.10280832978841348,0.08327067651360043
4244,0.11128264595832049,0.1273768074520083
4245,0.12392295635610107,0.11264458987839787
4246,0.1323487494093647,0.10748085094553272
4247,0.13391879031024012,0.08787991466562217
4248,0.11473580506038683,0.1040161720511914
4249,0.11468990796982781,0.11306746409258839
4250,0.1044640058284283,0.11019963414142908
4251,0.11446907904158121,0.09922258501815095
4252,0.11244640742182077,0.09178662594674858
4253,0.09983912263395012,0.11007109893844591
4254,0.11932545508820258,0.11401730993925474
4255,0.11036563360240126,0.09986925408769443
4256,0.10860373617603769,0.10624011263431443
4257,0.13607817175276304,0.11836276337496265
4258,0.11123279056178315,0.1011699541162665
4259,0.09450009938702242,0.1070952561527645
4260,0.11738113288976293,0.10176659930527299
4261,0.1112840408073037,0.10636083131379737
4262,-0.353234523182819,0.09866744557186236
4263,0.10625792343122153,0.08977843462658508
4264,0.12042641781473251,0.10365467648778148
4265,0.11941188416032489,0.1041385602239091
4266,0.13794954693826922,0.1097209235567862
4267,0.11882155257867,-0.4567038445282441
4268,0.1235372745832315,0.11829542730882214
4269,0.12542161678898056,0.12243354342686552
4270,0.12809058057527878,0.11957328588424776
4271,0.11997387689682992,0.11289466963656714
4272,0.12754234021474287,0.09603923102204792
4273,0.11093387809591126,0.09277169896640935
4274,0.11361600263817473,-0.7261206255003803
4275,0.13759171592314545,0.11016790395932907
4276,0.126039147761001,0.13867376001358966
4277,0.11206543902214627,0.12427938908511349
4278,0.10256345137705836,0.11515426393946271
4279,0.11435538793606148,0.11577438954933106
4280,0.13677806644238966,0.12380967457780523
4281,0.11379825173778824,0.11306962919405339
4282,0.11947574829197372,0.0983427052059147
4283,0.10991989588743811,0.11530018200830527
4284,0.09716578146098143,-0.7053108131694433
4285,0.11926530116377121,0.1197695307225668
4286,0.1002837337202156,0.12176376154328827
4287,0.09261879839146925,0.14799342526519932
4288,0.11587937447767138,0.11710666357193755
4289,0.10012197648478627,0.11711448064114927
4290,0.10387649166901047,0.1399048024246774
4291,0.1112547162834423,0.1066700103083913
4292,0.11153590594745255,0.12528001808518208
4293,0.11037445980886984,0.11923881067633402
4294,0.10328562645276795,0.10388212369594707
4295,0.10193412145522118,0.10398989340773923
4296,0.13050727711315813,0.11949828479739111
4297,0.12160560535014486,0.11145153577969347
4298,0.11566068900712367,0.11738371787585677
4299,0.09379017662702505,0.10303342746744648
4300,0.11091031439974275,0.12109876478675097
4301,0.10226584628853042,0.1251350122504511
4302,0.1109008872271442,0.11365350152304199
4303,0.10284502201038048,0.12024485886139957
4304,0.11384949001942313,0.12792261361403567
4305,0.12001959285906083,0.12270719021276455
4306,0.10832754782200182,0.12130175358587048
4307,0.09046558017337913,0.08964503798862333
4308,0.08893262662372248,0.10862523755365316
4309,0.10421248483215173,0.09858640956856868
4310,0.10011420630914869,0.13209692419267394
4311,0.10556763917044121,0.11568981826821712
4312,0.11398912851965415,0.10023005759991377
4313,0.11651245940540234,0.0994416128865081
4314,0.09955940059936452,0.0988911890641937
4315,0.10304147788168305,0.09754148299808474
4316,0.12048174973558656,0.10841925268157526
4317,0.11862908555730223,0.10932537773297746
4318,0.12163615712179632,0.10131439819587218
4319,0.1212306638650722,0.09896204703344891
4320,0.10789339894850714,0.10402721571932094
4321,0.1221024909552424,0.11419744543940391
4322,0.0935496786478498,0.12149863014304696
4323,0.11977760401736037,0.12592783557155252
4324,0.12043910780379896,0.11530844388715811
4325,0.12360007387759042,0.12049518088397204
4326,0.11213750132306854,0.12956077928920462
4327,0.12061032247664394,0.11080802867715533
4328,0.08740903902157249,0.11017304578896625
4329,0.09148261079368303,0.08703767021848274
4330,0.13003103444389041,0.09691807664150187
4331,0.1228872143074855,0.11320338754222892
4332,-0.4132953302680217,0.10486931556046697
4333,0.10463690441265383,0.10487017508337204
4334,0.11162608404279006,0.13594470239263323
4335,0.11118903071618247,0.1095466438098629
4336,0.09585741239957102,0.09104906257585643
4337,0.09261170370177152,0.11853918544335063
4338,0.11259507547291236,0.13564971921854174
4339,0.11156384781182926,0.1051803014512136
4340,0.10070081427401134,0.1031307581930263
4341,0.09239831578583146,-0.6116947867703264
4342,0.11525273403831715,0.11333098245029483
4343,0.1374448141168696,0.0953125281077436
4344,0.13028683683988507,0.11092867075020085
4345,0.097126158888172,0.11324949879918722
4346,0.1152361264199604,0.11246428269014275
4347,0.1019255039645055,0.11632880948508961
4348,0.11204690594083844,0.10289921917742317
4349,0.12140362412453021,0.13043081632080544
4350,0.10746288108337221,0.09409210598829287
4351,0.12347669381594928,0.11526557553541372
4352,0.07796708693832599,0.11677707749432842
4353,0.11423886828932228,0.10966419178135478
4354,0.11602748708457766,0.09856770695663197
4355,0.11430385447826574,0.10488163900170488
4356,0.1080996163015302,0.11431162480881363
4357,0.09770060991568785,0.11808952789826566
4358,0.11262224153243938,0.11246023354912271
4359,0.11226485443606671,0.11167940392812148
4360,0.1175146461232246,-0.742768144038817
4361,0.10196740016215244,0.12681774866625095
4362,0.12634693790052842,0.11451344734034508
4363,0.10631623712393345,0.09230531050459345
4364,0.10158965100602368,0.12040782007966122
4365,0.10153647802288046,0.1177783450457981
4366,0.11635658337745403,0.10402079234194406
4367,0.09906640890811813,0.10579151921115804
4368,0.10064444087508706,0.10563019650408223
4369,0.1154856269301443,0.09642329937569527
4370,0.10879514502620946,0.12577266696348843
4371,-0.5234736701928933,0.08448934162866828
4372,0.10938372084268377,0.10217660084611757
4373,0.13186863348919475,0.109313962294453
4374,0.11106335832955483,0.11534668809088577
4375,-0.5627735493380224,0.11029051072743856
4376,0.12218210884701719,0.1181480531938972
4377,0.10015100265579835,0.08596333980351578
4378,0.09516695209863424,0.11984302867829544
4379,0.1289929023347891,0.11277469371978954
4380,0.11414501469487415,0.10908589199555596
4381,0.11011534463521544,0.11460329696043914
4382,0.10530855699575681,0.11527548122606968
4383,0.08350141845189452,0.10959975112424014
4384,0.1260281460550774,0.11446181230374686
4385,0.09272767868607645,0.11499068155075531
4386,0.11146827108998836,0.11962387528878549
4387,0.11368253354713453,0.10892539897664855
4388,0.11900285909406616,0.10969584983908365
4389,0.10260006677449396,0.09905880617086615
4390,0.12919299964483688,0.10237011872790958
4391,0.1113502616735238,-0.7526516494349879
4392,0.09192560533499727,0.09664671950120352
4393,0.10697133198215414,0.10089963784375366
4394,0.11066459313493437,0.0986751205347749
4395,0.10511924338734557,0.10172493835519836
4396,0.11974203875857659,0.10936933966391371
4397,0.12382804757818144,0.10960808918169063
4398,0.11354486854219448,0.12036306705179345
4399,0.10223241365658398,0.10717670799761114
4400,0.11086392021467928,0.13000478995020304
4401,0.11491763348762873,0.12125906757029359
4402,0.11659321134050304,0.12614253338175807
4403,0.10998607517955383,0.11681961260310292
4404,0.1304687614312754,0.10245167070874972
4405,0.10603104851096035,0.11578017437646282
4406,0.10462868786123725,0.10732347689202282
4407,0.11082710218023584,0.1273845179137425
4408,0.0848588554407721,0.10985898014452422
4409,0.13518843041239226,0.09405907498979982
4410,0.11118966512537276,0.12120805051001748
4411,0.09749411285412135,0.1185803912059995
4412,0.1203419291003085,0.12297324378113195
4413,0.11118333244651457,0.11660240235137498
4414,0.10855354761486602,0.11847066696800157
4415,0.10615592492090897,0.1193788023095812
4416,0.10582585343128659,0.12212768575236499
4417,0.10452420008490648,0.11629524193627727
4418,0.10060871280992334,0.11765032608296133
4419,0.08601605011369307,0.10455519467926422
4420,0.11641341255629256,0.09425792519767273
4421,0.10457123265503765,0.11249261533695543
4422,0.1165971195977511,0.11197440851870066
4423,0.0936140423021854,0.12027591029121787
4424,0.10566896312073104,0.11212129808715399
4425,0.11124246064721532,0.10437328933631917
4426,0.107728681949121,0.10183904510750041
4427,0.11922309989494106,0.11095687499516038
4428,0.10971083427726058,0.10338135422158468
4429,0.11004438237034297,0.11442315763922095
4430,0.11142283612883808,0.11081094183348617
4431,0.0958192541675229,0.10522584303941729
4432,0.09381499555313355,0.10614125578092048
4433,0.11421738940486503,0.1175543257850109
4434,0.11694043355100403,0.09771719564918757
4435,-0.6551816857548063,0.08922693749390209
4436,0.12404845264663722,0.12187683336250843
4437,0.11326259919117376,0.09895760111279883
4438,0.12162857878772071,0.1228358184546594
4439,0.11062546714582644,0.11042320581601794
4440,0.12169468059543576,0.11646105179620436
4441,0.09072529351933833,0.11943319258614693
4442,0.12344876706623586,0.12093919424353183
4443,0.11149552374589544,0.10104058498850343
4444,0.12171173498549082,0.11277053301283146
4445,0.12815320254680063,-0.4618764041410073
4446,0.14531238031143712,0.1155376076693273
4447,0.10449121552539875,0.11948582856082801
4448,0.1087642735089338,0.10253724986955448
4449,0.11972495236131397,0.11661546599959727
4450,0.11486344518939351,0.12371873528100785
4451,0.10882029132104809,0.10819561476328787
4452,0.11327886635960405,0.1031330433674047
4453,0.09850170210202802,-0.6387264851977557
4454,0.11478557976972681,-0.4869549432020732
4455,0.12149544626293718,0.1043883536987058
4456,0.11023599401125583,0.13161653069822732
4457,0.12270695173798996,0.10788754936481348
4458,0.1208439460200641,0.13037848874123603
4459,0.10543111683357376,-0.5093782985394354
4460,0.12550517293251695,0.13387311353872922
4461,0.10060951166856813,0.10550839781947374
4462,0.0897966418705809,0.1129480701764336
4463,0.11239456555811267,0.11248360570126481
4464,0.09948275408279383,0.10848310389203353
4465,0.10991830070723108,0.11647063286847215
4466,0.12697189944538123,0.13541041238200036
4467,0.1047173024727408,0.12210426368400706
4468,0.10182567886885718,0.13705417258010621
4469,0.11099090027403946,0.11732555799059075
4470,0.13214215869353452,0.10442498462753891
4471,0.09798476971991454,0.09839339348787135
4472,-0.5028023013812607,0.12185932712599268
4473,-0.46089160796390527,0.09575363609088683
4474,0.1005357945546983,0.10165419700406875
4475,0.11155286079739879,0.11227511998168693
4476,0.1117278710259968,0.09533385153308083
4477,0.12145269198794062,0.10897400993423823
4478,0.1064916488028933,0.11724616418073563
4479,0.09694666807450303,0.10853487510887438
4480,0.12299032289026002,0.1264099935612346
4481,0.12844238679382736,0.11525510916804071
4482,0.10325101370881296,0.11159535133451626
4483,0.12106045977814173,0.1131870358086684
4484,0.10586275491754438,0.10538982742229153
4485,0.12279544834875344,0.10504146078435972
4486,-0.6601658397812211,0.11836114635015527
4487,0.1128456427464608,0.11213030332447715
4488,0.12011705937779871,0.07864568143457307
4489,0.11870299119377181,0.14610936210301606
4490,0.11066152064933532,0.11998523760111501
4491,0.10265833632126076,0.1093402671142083
4492,0.1262933989779873,0.10850209337177552
4493,0.11182093130979709,0.11010274446096835
4494,0.13940067532796374,0.09275567179898125
4495,0.11653382861177519,0.1131872367295248
4496,0.10701707833650564,0.09519951252042658
4497,0.11064900034221625,0.11106229411987156
4498,0.10421919311697891,0.10173232544507371
4499,0.13010387936009216,0.10489479553354175
4500,-0.6555318665562513,0.12323020254961925
4501,0.10668994037866009,0.10208738313110999
4502,0.11142265488536718,0.1074562651576465
4503,0.09213597868317236,0.10766487139297243
4504,0.12096498081789986,0.11978435756494776
4505,0.12298964771187104,0.11999701331734491
4506,0.10503013963945773,0.10850527669825594
4507,0.11255604857069756,0.12432102615558183
4508,0.10123995131957853,0.11086454536197476
4509,0.11296476291151558,0.10318459574372185
4510,0.09135765705677779,0.1052832102811907
4511,0.1213390404049337,0.09732181373706816
4512,0.11035602979869985,0.09912954117950545
4513,0.12029038968629657,0.09888898059390905
4514,0.11405538103844659,0.11743913539835349
4515,0.12218122739726,0.09736943753207639
4516,0.09863073581933524,0.1231041243043891
4517,0.12247203837653164,0.13598198234222414
4518,0.1209762708907034,0.10985670815575954
4519,0.11208150895991009,0.12151869800268678
4520,0.13849913491819366,0.11224046093012863
4521,0.1002161454906052,0.11051248889790655
4522,0.11451077816490285,0.10277728845987588
4523,0.11217646346330357,0.09153592478128503
4524,0.10097571319251752,0.1191711488535181
4525,0.11102932682878142,0.10438759388841756
4526,0.11199769835152873,0.12762958556597237
4527,0.10826259457904563,0.1116592403082719
4528,0.10745682964867553,0.10201125032217928
4529,0.09794030100593987,0.12311557525879513
4530,0.11647938361162469,-0.3362599246364333
4531,-0.5385330954921559,0.0970966538308109
4532,0.10105555036487734,0.13044331491329952
4533,0.09913843753973639,0.10484694114972992
4534,0.13979878736728124,0.11424538675791363
4535,0.11527042784377395,0.09070794614659117
4536,0.09181172108315794,0.12145807793905261
4537,0.1166190898791406,0.10700843817067018
4538,0.10600162907383837,0.09741882044208383
4539,0.13925401891531308,0.10759287313435717
4540,0.1018976687633466,0.09810046825997665
4541,0.11132567807361426,0.10429973549709382
4542,0.11252466635462466,0.1389402144799381
4543,0.11473766440505506,0.09466751363970305
4544,0.10993505832622907,0.11505471606533235
4545,0.11866471250303712,0.10912236022071964
4546,0.12031915626399492,0.1026733933729782
4547,0.11893425454788842,0.11805560125115777
4548,0.09516981470091768,0.12076871275726253
4549,0.12432304704417318,0.1142758325986657
4550,0.11415929654827406,0.12148353114575383
4551,0.12429871290821248,0.1078480224256253
4552,0.11822182471342879,0.10108084611874357
4553,0.09291811603842626,0.11265752920725403
4554,0.1126984224010239,0.10522468222389758
4555,0.10940102198849022,0.11895254636355057
4556,-0.5586746667393261,0.10330133628747595
4557,0.11463048998418324,0.10895363720759366
4558,0.11309499500070208,0.10914398243406254
4559,0.1178040070729931,0.1220804801440627
4560,0.11123070809881463,0.10740477032701623
4561,0.13548174637539057,0.09656609613742373
4562,0.10574027954903276,0.09934362111669293
4563,0.0928658875726791,0.10827499000645302
4564,0.12504320768451427,0.10686757290188531
4565,0.11702004318771397,0.10540317256681297
4566,0.09075550491053574,-0.5510150785358334
4567,0.10577714603694632,0.1220012825298673
4568,0.12269540770999554,0.10839240623382795
4569,0.11700022865826987,0.11268559974800363
4570,0.10448345474890885,-0.3536890082983174
4571,0.12083105506826808,-0.4812299026947514
4572,0.10498900215329598,0.1330117579483452
4573,0.09500594464892953,0.11178391907227381
4574,0.10847689844338682,0.11572582599375725
4575,0.12846070372811114,0.11445125061768135
4576,-0.6533142322223737,0.11467787371694005
4577,0.13542678117302498,-0.6925694014103527
4578,0.12740872660143232,0.09321168830049542
4579,0.1156186969075843,0.11199743101188764
4580,0.11452018852409762,0.12081879631758952
4581,-0.6837392580423538,0.11819825975069409
4582,0.13211468570174412,0.10425863137303093
4583,0.10273692744243235,0.11111789298086161
4584,0.12547129722220118,0.10548059638964191
4585,0.10536221118557743,0.1124726789569801
4586,0.11105913932171485,0.12663043968277643
4587,0.130766667828758,0.11428947910543008
4588,0.1194512621969177,0.09293826448081877
4589,0.0938047676532936,0.10347579411563723
4590,0.11570495863103125,0.1284256134645796
4591,0.11350647981376905,0.1030671838124364
4592,0.11100300273641506,0.12874116143130876
4593,0.10492526232400978,0.09687933841300067
4594,0.11917147475886991,0.11992003421799691
4595,0.08909466198324423,0.09924381348328293
4596,0.12241302345614558,0.1124409632491512
4597,0.10492847445657105,0.1140317487205933
4598,0.11840153286754673,0.09553553471001752
4599,0.12186480780420506,0.1185026522052508
4600,0.11607314054670326,0.10323196567145354
4601,0.12571812619527556,0.12291534048426334
4602,0.12695112386923313,0.1147900119338503
4603,0.08545100208331946,0.10281065902262743
4604,0.11538349921766233,0.11329052241055826
4605,0.10750567812746592,0.10946992696595093
4606,0.09558053742899708,0.10619827940675264
4607,0.1228764938278124,0.11411693029159209
4608,0.1267476135537149,0.11590563323354353
4609,0.11167186762118897,0.11854686024613881
4610,0.09223525324727011,0.09339198286308759
4611,0.10225164384410212,0.11913975015197509
4612,0.12698096061349862,0.12249664688379469
4613,0.11803219049403157,0.09633793879802344
4614,0.1141538410094931,0.11493716982680513
4615,0.1091061523545045,0.10554402695589138
4616,0.10807008916676142,0.12432262520065596
4617,0.09195232819280741,0.1354588756269821
4618,0.1222675607611643,0.1336068828470538
4619,0.10459559144290509,0.11636558335931513
4620,0.10729280492394566,0.10103691265398762
4621,0.1213311440670628,0.11661074724775244
4622,0.12463030718956936,0.12767723282040144
4623,0.1113193408213704,0.12287390783202867
4624,0.10586513017736188,0.09739913442093773
4625,0.11856312002676117,0.1010037809661708
4626,0.11222043169402385,0.10968172780954188
4627,-0.44717136020217985,0.12001940088452989
4628,0.13577273106520615,0.10858710846798836
4629,0.09871430392946401,0.12060907354580741
4630,0.10773175400161983,0.11241450314389811
4631,0.11690573046298902,0.12490443338053225
4632,0.10890998357603121,0.11091371552801088
4633,0.11801767591483658,0.12273716053486772
4634,0.10987720665502576,0.10558996625892791
4635,0.11159706362436927,0.11179268194001057
4636,0.11596252144665442,0.11508274260704465
4637,0.10668790060521349,0.11368345570093719
4638,0.1205881070450141,0.12416174655419177
4639,0.10813061501972365,0.10306594976235117
4640,0.10553308304673159,0.10869639133748299
4641,0.12410882566410786,0.11505085092208112
4642,0.11956716363777664,0.10124539708644642
4643,0.10980807154105343,0.10340269912470013
4644,0.1073816382564281,0.13759555702063775
4645,0.11472092656275956,0.11484428102702515
4646,0.10218427369915628,-0.6573718948198164
4647,0.12259915737780691,0.12828624324634763
4648,0.09682675035886512,-0.48207337346714696
4649,0.11925617650373166,0.11344120294272164
4650,0.11082096954963205,0.13856870164309099
4651,0.12091292963510014,0.11396006586208163
4652,0.10551557741981887,0.1259332726983886
4653,0.09735316354473555,0.15444368429941413
4654,0.10242421781303279,0.11585602321427868
4655,0.08467455317209005,0.10743366346373961
4656,0.0867909270167202,0.12289933094952321
4657,0.0902741863840133,0.12872086745981992
4658,0.12821649379913547,-0.643678348994195
4659,0.13017558436953425,0.0964876572341482
4660,0.09539012971029193,0.09872382970617033
4661,0.09758422770704578,0.08862172386561329
4662,0.1186294910416823,0.10343913412960992
4663,0.11143243327431462,0.1092875906520101
4664,0.12121547456316595,0.1092623508230246
4665,0.10829900600374653,0.10886418870522885
4666,0.11316881746082497,0.10650427987450972
4667,0.11200480716637151,0.10105642074777821
4668,0.1150648479389893,0.10842813815699959
4669,0.11381046145464824,0.11047511205886273
4670,0.1277313634481485,0.12370416406653661
4671,0.10536218536821007,0.10212276376789808
4672,0.10140395240859901,0.10617265320217273
4673,0.1108721691260337,0.09701565761670006
4674,0.10967539473556065,0.11647059167782503
4675,0.11642333272218286,0.10702979078446151
4676,0.10712491726257722,0.10623883172553161
4677,0.11769464749128744,0.10683348142891491
4678,0.10568658118383611,0.09041784636189765
4679,0.09858264339673983,0.11200032340706723
4680,0.11641650690419847,0.10463646343149846
4681,0.11403614898562231,0.12039001416089601
4682,0.11413093054269363,0.1008756203937411
4683,0.0947405032558386,0.10440891741464164
4684,0.11707144762124999,0.10782445350708336
4685,0.10767409676518502,0.10197414188532794
4686,0.10278459035531551,0.10721065182867084
4687,0.09452413605637688,0.09856566475322048
4688,-0.732667673434982,0.11534214117210295
4689,0.11106314333234057,0.11796401150810731
4690,0.12229526395893853,0.12349746810993589
4691,0.13069216181149845,0.10133928161944739
4692,0.09983176428512586,0.1086692531897222
4693,0.11754498132326119,0.14223260545538774
4694,0.10362783409760001,0.11526543492366192
4695,0.10581341848441861,0.09647060205737867
4696,0.11264537522182105,0.10805608710871395
4697,0.11275954879936112,0.11499557797300364
4698,0.12982955272340835,-0.5171356214654825
4699,0.12258437796982591,0.11614946008255966
4700,-0.5604922152404594,0.1179271891341871
4701,0.10222236605157398,0.12116637661879937
4702,0.11693984805381197,0.1219485864101868
4703,0.10852168894540482,0.08985811208485672
4704,0.10719339668854522,0.10701458535365882
4705,0.11616157844627506,0.10204060376287827
4706,0.10408536494298448,0.11757413986149579
4707,0.11548857012272995,0.1140147421577149
4708,0.09936778879005215,0.1053059769282656
4709,0.09626274858379613,0.1244962318337397
4710,0.10485210682434021,0.10670386795504472
4711,0.12258501142480283,0.09879345560330877
4712,0.10758251004898178,0.12610011196765236
4713,0.1081036169137819,0.10961603127818575
4714,0.10883050757617041,0.10444467753789732
4715,0.10990082733053796,0.11591851935668895
4716,0.10463668570002294,0.0887127769109195
4717,0.11518515060940637,0.11267655618036065
4718,0.12019197763536171,0.11344646717055595
4719,0.08592306518794857,0.08956579239513585
4720,0.10131844697380221,0.10258122696916194
4721,0.11012193675227677,0.1292866461783111
4722,0.10823718321200171,0.11876397939947658
4723,0.0992363427130547,0.09887179325006379
4724,0.12537801829847672,0.12262465692773006
4725,0.1098119644069937,0.10586830302564842
4726,0.11876945478702661,0.11422150757181093
4727,0.12770888399350144,0.12233070200507257
4728,0.12032023236893452,0.10983809874377903
4729,0.1268549252386615,0.11015491692835244
4730,0.10719763064622301,0.12405309507561091
4731,0.10993997498815578,0.12108172023262664
4732,-0.6109059962811625,0.11678327171884173
4733,0.09482863493322613,0.09334019035147767
4734,0.12640573943961564,0.12516037656058332
4735,0.11175890517703335,0.09923755805270051
4736,0.11302049332955955,0.09744693493800494
4737,-0.694314456315609,0.10598250275647425
4738,0.10511050969067659,0.10443851324776321
4739,0.09732038858518033,0.11069214564584229
4740,0.10124700518190854,0.11616283058880317
4741,0.09723000857833286,0.12085292466247344
4742,0.0860014845829733,0.1193307781526487
4743,0.10042582785070575,0.11669226679495992
4744,0.09562178872750016,0.12063297723293132
4745,0.1057437406041386,0.11766469196508278
4746,0.10111696864857134,0.10407582181573938
4747,0.11191377096901123,0.12323032742316942
4748,0.11217751957145206,0.08143180305158215
4749,0.12215441181905184,0.0954609630142087
4750,0.11696573079897266,0.10586195719350378
4751,0.13648839054973094,0.12743327968652896
4752,0.10623942367862971,0.11975755035754387
4753,0.12053298773382015,0.11598298565018861
4754,0.1062452322414118,0.11457746483755038
4755,0.11675170827465364,0.13246064153614023
4756,0.10986248689104272,0.11608363788099751
4757,0.10804852914759278,0.08521075655217669
4758,0.09028268080116142,0.10993911429465464
4759,0.11662087609928395,0.1124171784745942
4760,0.12219581913374777,0.10632177572094292
4761,0.11162239598790191,0.11366696839730461
4762,0.10536294704967708,0.11844083973652864
4763,0.11035384597264808,0.10715515111191398
4764,0.09732885003867042,0.10850582791431185
4765,0.10267597964975295,0.10403681332105963
4766,0.1203839075735782,0.10962380245049785
4767,0.10762302468975982,0.109081671340578
4768,0.09352165361591491,0.11867352464305436
4769,0.10597080037233253,0.11964050754167999
4770,0.11987296742431797,0.1080515191189444
4771,0.126226120807708,0.11130243199580447
4772,0.0861632760970108,0.11021592233780075
4773,0.11083318734426473,0.11475775433297719
4774,0.12119560907333593,0.107748936503965
4775,0.13408051017657407,0.10262031403158334
4776,0.09871003098815745,0.11322513017897151
4777,0.11705125318335119,0.11730131383841891
4778,0.10507291612635661,0.11186864903487814
4779,0.10908338403744167,0.10955830607359496
4780,0.09364395565959871,0.12111967373142307
4781,0.12222326370024073,0.1143172088729758
4782,0.0919991366331081,0.12231590533840642
4783,0.1119231264974494,0.09960013152083458
4784,0.1284024744542689,0.10806686463712545
4785,0.12311948160964592,0.09740818708193566
4786,0.1052084173803074,0.12579066426223218
4787,0.09478126658777253,0.12265994939487568
4788,0.11702551018771468,0.11707584055014308
4789,0.10740262041143556,0.13483407150141957
4790,0.11867348176202364,0.11111172279244075
4791,0.12758056049417665,0.10734114542250128
4792,0.11705839429299458,0.12151996132330312
4793,0.1185145921316697,0.08650563294459412
4794,0.11152890837798624,0.11543934006720757
4795,0.10444665999175284,0.12915434022801286
4796,0.09035454319584346,0.11099565981836657
4797,0.09802587042531408,0.12112093641389077
4798,0.11086110155000961,-0.6674849441092864
4799,0.11160003375245409,0.09396925760170927
4800,-0.5158110107556122,-0.61941177758953
4801,0.11385939206939089,0.10342430402303449
4802,0.11384176891650122,0.09610327017592968
4803,0.13175004367038112,0.10257359798515742
4804,0.1208467469004828,0.12727856629796652
4805,0.10703106900194359,0.11502660135608811
4806,0.1269162804853301,0.08964170458560128
4807,0.10506939211015687,0.10488461159325313
4808,-0.480334076065391,0.11635241630217052
4809,0.10809594277656287,0.12156288996148268
4810,0.11612091012907921,0.09890848577862821
4811,0.11259937263009534,0.12225375020757534
4812,0.10653899146048951,0.12177562786874119
4813,0.09956921869545798,0.1159804040253476
4814,0.11048090483002948,0.10842336914372108
4815,0.11936117111105093,0.10969222832032344
4816,0.10897443565816989,0.10592048277725907
4817,0.10298784409229289,0.10784827657484386
4818,0.10893909854520123,0.10492661326806196
4819,0.13447278354334924,0.11102288275752659
4820,0.10082399351998861,0.10983930290572497
4821,0.11319183803760424,0.10105500390333666
4822,0.10679685530511285,0.10675026284287181
4823,0.11410478901431853,0.09974399259757472
4824,0.11336145717869939,0.09553760890563257
4825,0.09830300337854281,0.0960334306996502
4826,0.10247297054771765,0.10266486694402177
4827,0.11047327358682923,0.10569214482633371
4828,0.09502026896094673,0.10484944037696686
4829,0.12349436745858577,0.09776976219737543
4830,0.0999567540048023,0.10662475762393697
4831,0.11604934989105264,0.10364990401315421
4832,0.11198226192694882,0.10985819501345784
4833,0.11620220959564853,0.1064419811325481
4834,0.10464041340135277,0.0987947592454681
4835,0.11850702102679689,0.09255691836641544
4836,0.11691026278142425,0.11162669657860236
4837,0.09984932782202338,0.11544122364308751
4838,0.10140412868404214,0.11577757830810875
4839,0.09678705693051048,0.10033440423596396
4840,0.10556968406077627,0.11975333454515757
4841,0.11949976098011095,0.10551468133522057
4842,0.13531295118054487,0.1308519287959471
4843,0.12226981137253268,0.10867544969361576
4844,0.10741344548153453,0.12905982377012237
4845,0.13598512494752124,0.10591129903679697
4846,0.11777500992742573,0.12884566435446598
4847,-0.34658525161952947,0.12696944813963307
4848,0.1070133249664944,0.116101298388253
4849,0.10622926755976514,0.11074086579082731
4850,0.11885787728974995,0.12095811336331863
4851,0.12034288341244581,-0.678369166757148
4852,0.11409962503389126,0.10672651984754955
4853,0.1021696055163106,0.12200973625612987
4854,0.12085836754194013,0.10773854436715147
4855,0.1224670624689923,0.11504711373135224
4856,0.09895604983141548,0.12123297905109065
4857,0.11187152679437817,0.11165142038453513
4858,0.1095450289828579,0.11490101185499824
4859,0.10761687351027538,0.09284092907329389
4860,0.10556185309478017,0.09681661355466287
4861,-0.5914779373428081,0.10705193680691538
4862,0.10985181194243143,0.11693878338613817
4863,0.11930410637485944,0.11132599350871875
4864,0.10801242434930858,0.1134333992964609
4865,0.12163991104263383,0.09464511152246513
4866,0.13403988185809101,0.09622121024754238
4867,0.08658278147481191,0.10049409664557274
4868,0.10895606306017025,0.10458900862241882
4869,0.10424192013455835,0.08743290401238757
4870,0.09833746353600681,0.10578529601605258
4871,0.11977275034949786,0.09671587986097818
4872,0.11332051222629547,0.1234113689262768
4873,0.14012905293898537,0.10877848730932338
4874,0.11478339791578485,0.11904391756811727
4875,0.11110598932259541,0.09881186663123831
4876,0.08301515167244933,0.10206080123400696
4877,0.09545503417575607,0.114700262147023
4878,0.10703208690424826,0.10898661193531933
4879,0.1230917165416161,0.09717733158499087
4880,0.11104546811225546,0.10213101133423819
4881,0.10613227144012227,0.11003315345084141
4882,0.11696269619812116,0.10449883100583746
4883,0.11469727461156443,0.11188651030408558
4884,0.09046765950855873,0.10554003526152966
4885,0.11352722419828964,0.12876565514937455
4886,0.1157986923232932,0.1176932359330003
4887,0.11702987636606688,0.11939086162990575
4888,0.10530588275131669,0.13006788647521184
4889,-0.40856019381433806,0.10942912979079389
4890,0.11823883607454833,0.12007888847951165
4891,0.12014704003695442,0.12902238706105473
4892,0.11861004987649038,0.1286107228059048
4893,0.10320957277877563,0.11603005440227743
4894,0.10158044523571186,0.10233841720704828
4895,0.10000284501819445,0.11744783305199347
4896,0.123024078591351,0.1153362594936631
4897,0.1056929249603984,0.10994297198215586
4898,0.10679835106803814,-0.583217799405576
4899,0.1079263801178938,0.11302374795837133
4900,0.12695514054057067,0.12200234471026361
4901,0.10809813547417058,0.11436573933171124
4902,0.1198622952872681,0.10977078429176834
4903,0.08559377722090544,0.09145794328744428
4904,0.11528144184152778,0.10840477916680613
4905,0.10407918850540399,0.11177216571884996
4906,0.08774491957363084,0.1122602934528274
4907,0.1374459730767652,0.12478137780266763
4908,0.11679786898582978,0.11264241902927696
4909,0.11007467037055685,0.09014466014574851
4910,0.08101250422553496,0.11208913113649177
4911,0.10790840588372652,0.12526938437303925
4912,0.12877811062443412,0.1065789219242208
4913,0.12024739387783923,0.1211515039567932
4914,0.11791558615678,0.10613914058996454
4915,0.12443677758262672,0.12981325205390082
4916,0.11231169554667186,0.1264586303512487
4917,0.10115893313428925,0.08727950184770039
4918,0.129669327490066,0.10588633054298202
4919,0.12112232672072021,0.1253230097721001
4920,0.11711265962390183,0.12514947027661494
4921,0.09803091201791414,0.11080475365927223
4922,0.11358214749319417,0.10862467246018292
4923,0.12171971914368851,0.10828822667883542
4924,0.12188079074327596,0.124753622852809
4925,0.11770095266705694,0.09716547865336578
4926,0.12246901146470268,0.135680376581512
4927,0.13036328248911722,0.11519004334717087
4928,0.10280787437531425,0.12050141287642369
4929,0.09215062014474884,0.1263632124989671
4930,0.10951445778275781,0.12954017322411815
4931,0.13567144437382073,0.10145120695327514
4932,0.12700204106487378,0.11665041218129457
4933,0.10593032628682653,0.12689978466315566
4934,0.13097939677665704,0.10013602100856556
4935,0.09725990622418079,0.10975524924454971
4936,0.11019698925489396,0.12504067280283282
4937,0.10329844291538581,0.106371851705503
4938,0.09542765852994739,0.11688630104192343
4939,0.11475438428843021,0.11177784707527261
4940,0.11887924422145435,0.1088634030148159
4941,0.10411769255347969,0.10432089272324707
4942,0.11782711614371544,0.1315968587415821
4943,0.12150724939039015,0.11445100240425932
4944,0.10878815626114546,0.11265949895062266
4945,0.12167656603046262,0.11595801848068477
4946,0.11802216178435776,0.0988729632566474
4947,0.10413477947963146,0.11686307848101385
4948,0.09614884320926942,0.11268408456431667
4949,0.13041141100956932,0.10778948912786568
4950,0.12264805018830072,0.13252620835205065
4951,0.10920776677102761,0.10531487554366348
4952,0.10897019612918135,0.11584830455858985
4953,0.13143819180843352,0.12897102251819859
4954,0.1371347842217825,0.08972246030112685
4955,0.10874135675563568,0.10910758929643039
4956,0.12328317092678853,0.12236312690057427
4957,0.10077796559380969,0.12104921960445081
4958,0.0987344845127367,-0.4010706100276611
4959,0.09598127298774739,0.11148196882005368
4960,0.10763023312026365,0.11238502620230029
4961,0.11282324824872636,0.12072883687553282
4962,0.10940745382741746,0.10712847483661947
4963,-0.48091569852958305,-0.5575129649837356
4964,0.10984550173196461,0.11127126844168855
4965,0.09263100799578683,0.09593954068869293
4966,0.10772166163352725,0.1024451277825782
4967,0.1305366633171854,0.11728072322482008
4968,0.09878940998906471,0.12467183510295121
4969,0.11762261716472633,0.12250406999121988
4970,0.10360951474346791,0.12758939258582846
4971,0.10745294888847523,0.08514559336551608
4972,0.11218644553887414,0.10855693350742723
4973,-0.6436507442466167,0.11407095344502749
4974,0.09812285770136442,0.09433733020061075
4975,0.12016987386351485,0.10990465397281901
4976,0.12127863441719078,0.11605544029349568
4977,0.11044840004258383,0.10669050118709711
4978,0.1100512262084512,0.1135807371075257
4979,0.11713079342116961,0.1103891798376111
4980,0.12378539152534085,0.09968935275007507
4981,0.11762945752448584,0.11691364311613772
4982,0.11769990011812981,0.13194256735136922
4983,0.10753679383303938,0.10338712809700867
4984,0.13073138495612313,0.11399433180529828
4985,0.10700288243396883,0.1161449658154401
4986,0.13173007646049317,0.1262941233891528
4987,0.12220765504502129,0.13135375163938878
4988,0.10482810689235489,0.13551301756590428
4989,0.12019435596573258,0.08846262418749529
4990,0.09752444518495507,0.10796266834288981
4991,0.10613684350828634,0.1248352887302353
4992,0.10677903193662286,0.10732705378430385
4993,0.11299925607588213,0.10798273337993103
4994,0.10714779954850173,-0.737879473198775
4995,0.10423436389085272,0.09552227089993326
4996,0.11583320248756168,0.11981838145339463
4997,0.12718697531406686,0.1178611815438706
4998,0.10790317773356461,0.11826755786601995
4999,0.11129641265014123,0.12567180715592174
5000,0.09163192150007693,0.1060615686383346
5001,0.10647583866177857,0.09398079835002959
5002,0.1011958313896979,-0.7177661197514431
5003,0.10190109211475429,0.10573079325381185
5004,0.11300951822527128,0.11651392569478625
5005,0.10981026156957596,0.10934982204658916
5006,0.11624901630399798,0.10022023890857468
5007,0.1136784631864658,0.10085200381609427
5008,0.09781907193406902,0.11969219857595181
5009,0.11166884727968052,0.12543853145584238
5010,0.11268537650832533,0.11962509156834367
5011,0.11919621237878908,0.11307605403742427
5012,0.10730432526624134,0.11992560488428117
5013,0.10999459215692986,0.0960431550182943
5014,0.11557671005378034,0.1056064632751541
5015,0.1089368109537523,0.09844442193084624
5016,0.12722050164420695,0.10802959926771605
5017,0.11578538421729934,0.10417075417567445
5018,0.1002039597103268,0.12421755305467652
5019,0.10612044359939876,0.09317807145699963
5020,0.1073376231915606,-0.30199783609698716
5021,0.1165219321743669,0.10251810601670197
5022,0.10829458282443838,0.1020980068497026
5023,0.10720146574887135,0.09797383091497514
5024,0.12205245012912158,0.10542783537500222
5025,0.09746940069072729,0.10685305706825377
5026,0.09248219310716821,0.13319223707273165
5027,0.09941328455680476,0.1223647231796765
5028,0.10345989778685105,0.09643448968941137
5029,0.13478406831280276,0.116608733103166
5030,0.11674653799729007,0.11123331923504542
5031,0.10588905596809339,0.12500159302335412
5032,0.1207585295490039,0.12575797353529494
5033,0.13478247564753998,0.12730441227500355
5034,0.11228493904702574,0.12281972261000806
5035,0.10787173477569256,0.0989006196354818
5036,0.12634858110401748,0.10988214004765506
5037,0.12361648869629915,0.09839042847614343
5038,0.11191718343651891,0.09943590650633527
5039,0.09830472399301682,0.13052552216187996
5040,0.10019925215359082,0.11625825762108888
5041,0.10825808526899716,0.1224995284404009
5042,0.12216051031066688,0.12656540598972432
5043,0.10377853809595172,0.0974792476646178
5044,0.1337138734463763,0.11996631229385057
5045,0.09988150082582803,0.11926421859477121
5046,0.1240775583209941,0.10477889343939961
5047,0.1127995990969961,0.09337840741062142
5048,0.10035878490685457,0.104366202402558
5049,0.09414470085623727,0.10546764033210221
5050,0.08823239789691328,0.13017509708746866
5051,0.08867580414469978,0.10119616864711345
5052,0.11192021943712693,0.11417585654237894
5053,0.10808316587114875,0.11343790347001703
5054,0.1034582649481548,0.11292141955366142
5055,0.11011933984741717,0.11983507446041775
5056,0.1179817590709289,0.10392535101155942
5057,0.11257189814373514,0.12003293922432223
5058,-0.6455375509815027,0.143220780007701
5059,0.112259642053117,0.10463690586371843
5060,0.09199452401843833,0.13657333313980757
5061,0.10873301846584615,0.1159428218688876
5062,0.11791935403255782,0.09584818700340891
5063,0.09491567045876659,0.09881063668823353
5064,0.1298525087861504,0.11585143696163369
5065,0.11717647395486575,0.09799278293440805
5066,0.10666359533643144,0.12026535516577286
5067,0.1150716099415181,0.10783397432415298
5068,0.1293870232303158,0.11158605828685908
5069,0.11355894383698684,0.11163635328865795
5070,-0.5222264505165486,0.08793308614398021
5071,0.11234237659548141,0.12372952514123936
5072,0.10723076158295619,0.11987676678061865
5073,0.14205135908964506,0.1068309884613432
5074,0.1001921601531841,0.1261995140939136
5075,0.11476380259068586,0.09673040956996215
5076,0.10572095071381993,0.11845222970860547
5077,0.09749899831196385,0.10408253712303384
5078,0.12236218844894564,0.11445707219689161
5079,0.09301093567081264,0.1084908471680992
5080,0.1066372690064743,0.117535148207083
5081,0.11817242044183929,0.12622818578120043
5082,0.11783268086805987,0.13947120314186212
5083,0.11587755461350735,0.11180340491371532
5084,0.11270699372792325,0.10977864173408314
5085,0.08846905483157341,0.10652467768258389
5086,0.12270717278001841,0.08784787948925454
5087,0.11880616045496462,0.1083781182341641
5088,0.1044571431379071,0.12254370506064505
5089,0.09467615264333284,0.10327293821128314
5090,0.12349782313623181,0.111199235347335
5091,0.12458594577328586,-0.7092186194334205
5092,0.10168289339099457,0.1144518586962231
5093,0.12177557970354713,0.10818467946040244
5094,0.12716846399450876,0.11542242579921358
5095,0.09696021484331219,0.11563826314723635
5096,0.08895125891848932,0.11367320710827311
5097,0.11297578078235682,0.1037011213220349
5098,0.12103746459571241,0.08896558009672817
5099,0.12142227708170306,0.13028232989251842
5100,-0.7174706471679977,0.10066161082215275
5101,0.13893949596971877,0.10102472279123709
5102,0.13378420941676006,0.13472911301308232
5103,0.08766477568372455,0.12026422555431049
5104,0.1292072615286708,0.1116592412714672
5105,0.1211946795023171,0.12175663520987423
5106,0.10149935525023546,0.10280176287504239
5107,0.1201211149018373,0.11253028567190371
5108,0.0974887768275392,0.09760404198074868
5109,0.11343297813566133,0.11686931208400786
5110,0.11043984181412414,0.09344118962507864
5111,0.11054586225816831,0.11101537267454797
5112,0.11289532508683675,0.1020183211728054
5113,0.11338600785810593,0.09645678426930959
5114,0.10820933002427058,0.11925431651082596
5115,0.11645556231640963,0.13032783595627384
5116,0.11993907687059724,0.1181635142576487
5117,0.12720652742604077,-0.49889974913871415
5118,0.11203027843974311,0.11705848147879161
5119,0.10816564169186882,-0.635807800223757
5120,0.11559674628792105,0.10808726059509999
5121,0.0927765449638569,0.11197072803076802
5122,0.10335382507640412,0.10214127515425431
5123,0.10525540669132383,0.0908573258720271
5124,0.12077510475756625,0.09793768388593582
5125,0.10911382313492624,0.103182151246475
5126,0.10645280357314713,0.11652706886516784
5127,0.09006466320686934,0.12384485653898247
5128,0.1294143244747934,0.11126056424474906
5129,0.11707859942260312,0.12806851491498183
5130,0.11880954291143353,0.12044017409226182
5131,0.10318579665957062,0.11062280552570036
5132,0.11783897686281164,0.11732745635986985
5133,0.12022428522191442,0.11497591180289835
5134,0.10832233210202125,0.09831732583760155
5135,0.08968854015711725,0.08896785390917139
5136,0.12069959214472203,0.10529164239423139
5137,0.09601368360261509,0.09235867909115769
5138,0.10553494910782169,0.11508320830710494
5139,0.1151889017252885,0.11431864321513996
5140,0.11673331589574998,0.11069141587705844
5141,0.10109959581436412,0.09964733663336545
5142,0.09968133873550356,-0.5569934821411833
5143,0.10536498782824588,0.12692068654972744
5144,0.10721907459028701,0.09320142979291313
5145,0.11947565805321703,0.11003080886841166
5146,0.11706865575044567,-0.5726279085092351
5147,0.10270768343117309,0.10673117157138545
5148,0.11558933001298843,0.0866574069958772
5149,0.13090438108886593,0.10885391145546008
5150,0.11412038171630967,0.10878759470085897
5151,-0.4720686995027723,0.11360810232943241
5152,-0.6879082606717423,0.10197004244552632
5153,0.12142185496077418,0.1229020894640116
5154,0.10709190716502293,0.10647197557873511
5155,0.10686856750874796,0.10899341757949221
5156,0.12000103919374405,0.12389336036845622
5157,0.12871380913961894,0.09937577335100811
5158,0.12910275680693428,0.14356851438284757
5159,0.09380373413005594,0.09677527982040779
5160,0.11623235430573531,0.12071985367009619
5161,0.10728555287767838,0.0975594806210709
5162,0.08498716124543004,0.10897530346632922
5163,0.11980091372022339,0.10460980663446229
5164,0.10085837724914604,0.13401716140661213
5165,0.09622074902758726,0.11884882263602803
5166,0.11969897894965609,0.11636558751333492
5167,0.11967036893784266,0.09022624542817081
5168,0.10211546764904766,0.10441289275036314
5169,0.12056099677609011,0.1115450926934003
5170,0.09017764321061272,0.1104965516809382
5171,0.09429187944873418,0.10069659108235407
5172,0.11391460796565878,0.09908457776962432
5173,0.11596804964064922,0.12798224275266779
5174,0.11041274962450598,0.10062890224446663
5175,0.11488808070036405,-0.42766650751273594
5176,0.11212102934194967,0.10698827914930154
5177,0.1279393104997435,0.1188605338292541
5178,0.10776315323832009,0.10123675104907037
5179,0.11306592224635326,-0.5546622025385657
5180,0.115108599339097,0.10790449477371933
5181,-0.46000095385257334,0.12487446303646088
5182,0.1186563616343872,0.1216020347262039
5183,0.12200982130234439,0.1052513478408117
5184,0.11209237123414972,0.09843479685179601
5185,0.11914558146291698,0.10666510368318227
5186,0.09785342724745671,0.12010543741795998
5187,0.10605000052024827,0.10618484725569899
5188,0.10689233556374256,0.13136587726163862
5189,-0.6271860121057176,0.10781734801909937
5190,0.13243380178130248,0.11665819835916658
5191,0.10599965679974233,0.0940121271290939
5192,0.09408994337482968,0.12292279362275349
5193,0.12373678550072031,0.09753741509197189
5194,0.11405872000472006,0.12665075354904864
5195,0.10425280364284761,0.12075966744067634
5196,0.1129736930449825,0.11212297659406767
5197,0.1223599756937952,0.1146014211380586
5198,0.0958612698151593,0.09332849559693868
5199,0.11535007494084137,0.1276879726588609
5200,0.11551214609017557,0.09404344657498154
5201,0.11262192984425234,0.09924735415974917
5202,0.11524241272179525,0.10067850608490647
5203,0.11631007823882844,0.11282404354554254
5204,0.13707290810944817,0.11701268776333595
5205,0.1009571388689332,0.10868923499357286
5206,0.09882943927409737,0.1361029561188578
5207,0.10179625154366279,0.10734342270388209
5208,0.11571447135334334,0.12542062607565851
5209,0.12932295345571854,0.09130856375857577
5210,0.12635476313427074,0.10791888534920457
5211,0.10958110074094174,0.11793757160920793
5212,0.1194196600216193,0.11336325508368938
5213,-0.618997087852589,0.10771889909776022
5214,0.10443220692477939,0.10679346933575484
5215,0.09869719002375721,0.09779743355077675
5216,0.09940327595552745,0.10219893857367901
5217,0.12529277205063494,0.11002113224951882
5218,0.12048916773029794,0.11677025898013604
5219,0.12140370311414683,0.10436212518162624
5220,0.10546145463263223,0.10556125679006945
5221,0.11535100957922828,0.10220651805629188
5222,0.0849783281118166,0.1243044807159348
5223,0.1281120067140229,0.09721825890344782
5224,0.11805606817489367,0.10749975479837803
5225,0.12018830985708151,0.11856396023855842
5226,0.10502812772521852,0.1072239988708934
5227,0.11890936623762727,0.10969001631793662
5228,0.10940327368701364,0.11975739615565884
5229,0.11242149714806415,0.10287219783994983
5230,0.1280239654693085,0.11680509184005361
5231,0.10543109747434531,0.09652459237725575
5232,0.10721158371422246,0.10931744083945971
5233,0.11930568203602321,0.12521594617545406
5234,0.11966414643524081,0.12297763046237598
5235,0.08836352273510828,0.09922663545997157
5236,0.1100283816085319,0.09730072189092365
5237,0.12881801590228226,0.10321089714865406
5238,0.11556826072815851,0.11907227032834289
5239,0.10926922381875182,-0.5533192925671138
5240,0.10839727097313046,0.10783668026328641
5241,0.08504911434799567,0.10963087432007557
5242,-0.6843883480988113,0.08972113075707555
5243,0.11014373657231435,0.12026671079845963
5244,0.1114760420587857,0.10663358339384787
5245,0.11083532591744882,0.11393802224341609
5246,0.1264541908129131,0.07688849574047896
5247,0.10509458707684138,0.11162468004648729
5248,0.1038756762394657,0.0957742505434791
5249,0.09978800224308149,0.11430297726216909
5250,0.11748960481191717,0.0951468525166399
5251,0.13226947455863525,0.10492779728197732
5252,0.10365578487523575,0.11673096157290419
5253,0.11454672975861024,0.11648831356661415
5254,0.12134613903474056,0.11285800410349345
5255,0.10678682055679345,0.1148748867606586
5256,0.10285808940224617,0.09786134395129764
5257,0.09784894831555646,0.10837843640857425
5258,0.1197091721425736,0.11476881646081294
5259,-0.7137335897352904,0.07798620571596504
5260,0.0972921900776147,0.11333401716972236
5261,0.11998091433363456,0.11270246077428903
5262,0.11435007862459856,0.10378405732964979
5263,0.10939257520019341,0.10521467812644159
5264,0.0939639576911957,0.1138241726276481
5265,0.11938997087868941,0.12126102530203986
5266,0.11766918402455984,0.11383114817888429
5267,0.09602227770172123,0.12599678254638746
5268,0.11489031703985852,0.13556535608044795
5269,0.07496099953541435,0.10331734895146938
5270,0.10104551409472795,0.09869233608295169
5271,0.1249883354139194,0.11080510344510741
5272,0.1276352166572201,0.10894640822841839
5273,0.09883933905398679,0.1321368554632456
5274,0.1119185978653896,0.11616587913979948
5275,-0.5073474842548272,0.10582053497700317
5276,0.11063284802284845,0.12800363421685712
5277,0.10731470370233698,0.10548030678049036
5278,0.09430443876367423,0.10350708360345573
5279,0.10853198870383607,0.10333342298754133
5280,0.11891725991533075,0.11252041721521722
5281,0.09869752375759089,0.11121245924573286
5282,-0.45062068173219927,0.10899050749074735
5283,0.0987873571547706,0.11291918454769356
5284,0.11072888791353797,0.13142898804764158
5285,0.11817225750281612,0.11503889663286682
5286,0.10216294838728479,0.10303623885450941
5287,0.11985855921162436,0.11452859319927766
5288,0.10123831096346292,0.10465890550092061
5289,0.12484436611242344,0.11139056078214704
5290,0.10406345613041412,0.119847574137536
5291,0.10331007770661627,0.11696321869882409
5292,0.09537398819146925,0.11596227445117369
5293,0.10457574758396038,0.11428709647141622
5294,0.09137188423330644,0.09602514524290395
5295,0.12407935213589294,0.12166875615021211
5296,0.10259098583283421,0.11315325607084015
5297,0.11646594017335876,0.10950146815773354
5298,0.12406399950265778,0.09096265244741297
5299,0.10501268964957933,0.0995257424430902
5300,0.1140454720639632,0.11038418911186931
5301,0.11546441618947867,0.1325564233275529
5302,0.09581907749078211,0.10073989516175197
5303,0.12529932205982397,0.10853845536712159
5304,0.10864589059920804,0.10143723300050889
5305,0.10690647501370187,0.11591595660783893
5306,0.09835959407917882,0.12357330936253175
5307,0.10026431524631652,0.11357810493003107
5308,0.09866241152708244,0.10160768666260123
5309,0.1020114699663468,0.10943375561001134
5310,0.08887599951890857,0.12018068236579937
5311,0.12314944830762586,0.11674050271167835
5312,0.10947045890338214,0.11503949445753059
5313,0.11135274597978673,0.11774553754477868
5314,0.11877674739665789,0.11160418841941055
5315,0.11335786320205798,0.1055491453044135
5316,0.12138126350054779,0.12461396578671669
5317,0.10573384009875753,0.13832681076634556
5318,0.10789852591671845,-0.24902837621412455
5319,0.09884360854150231,0.11064348478189157
5320,0.12280125590247959,0.12265168520171121
5321,0.10618332897772209,0.11520778050395308
5322,0.117240331241933,0.10822456150897763
5323,0.13489881533017511,0.11055281214096446
5324,0.11392884642314072,0.12631894847223535
5325,0.12369236007025264,0.13169559126643904
5326,0.11340307823661222,0.11242847630471231
5327,0.09033914205381754,0.11082858402210705
5328,0.10967898761914308,0.11310895283139843
5329,0.10410704014722971,0.1253968259628131
5330,0.11167220281696588,-0.5615548028475912
5331,0.11792975811391604,0.09685805924103152
5332,0.10514678609852557,0.10451691980958233
5333,0.10193182081559482,0.10804547464776482
5334,0.12451380568715908,0.11434346820805952
5335,0.12680132124382992,0.10462928313035391
5336,0.12343895158928708,0.10621791599816444
5337,0.11752850439548523,0.10457713892148335
5338,0.11744086984954705,0.12472859994921515
5339,0.10869504465411173,0.11062238429958926
5340,0.10660389716677487,0.09906797611156426
5341,0.11311585963849624,0.10566764701291498
5342,0.1297677677816662,-0.6423175030474135
5343,0.10874624797003563,0.12534099373405172
5344,0.09954851070974602,0.10036669982348245
5345,0.12071374299868687,0.0939890638167773
5346,-0.6115082031056369,0.12046137180288907
5347,0.1059392568330928,0.10798900191424732
5348,0.11890245732464,0.09161721464940964
5349,0.13457692075000582,0.10731115553269976
5350,0.115018930361243,0.09964343081324123
5351,0.12141668878221368,0.09163594589704127
5352,0.10949065437771521,0.12237271417520823
5353,0.11671884951474043,0.10823833930767579
5354,0.11900904104202592,0.1185368894334844
5355,0.0878624083998516,0.1137291485606009
5356,0.0960816365629904,0.10106531305647048
5357,0.09839374093370301,0.09814003619012346
5358,0.13342643791725517,0.10409349823526881
5359,0.09387916423816267,0.10049668619555518
5360,0.12752357789645674,0.11523782480712108
5361,0.10782549726246637,0.13424041520903218
5362,0.11252251088316623,0.09490435659407415
5363,0.11265808180524783,0.0992902432668028
5364,0.0964281887673899,0.10896039602993701
5365,0.10968438234109312,0.09271759314513228
5366,0.08650434097679693,0.11938379532662524
5367,0.12499943108993561,-0.7570945687328359
5368,0.11155574331679219,0.10938709567612692
5369,0.1385314428450921,0.11934626593426723
5370,0.10740360229708679,0.11260477950141223
5371,0.12177183884998755,0.10498759259699275
5372,0.1298127965924185,0.12351670104520496
5373,0.1039371610746136,0.11547670951752864
5374,0.129940678300845,0.1064550133343316
5375,0.10835059375641554,0.10431861085614291
5376,0.10237856946017687,0.11297892753454364
5377,0.12723129516429732,0.10468165924015849
5378,0.12674638080505618,0.1040877377628282
5379,0.12573185762489003,0.1281747918431264
5380,0.1236640228995658,0.1186488576058713
5381,0.13415965185781897,0.11875715864526426
5382,0.08761093397417019,0.10537084544013431
5383,0.122296043170943,0.12123224745735817
5384,0.10518296003879701,0.12497098437745446
5385,0.1050128211533885,0.10310801725297902
5386,0.12694264686085233,0.14171552678150512
5387,0.12432406884835423,0.11049489039229887
5388,0.11159203434755516,0.11060848876193718
5389,0.1113715893584486,0.12206012930751964
5390,0.11655093469575717,0.10287136788289164
5391,0.11094727797971848,0.09380115033277203
5392,0.10747631802028867,0.12611590996134758
5393,-0.21890536777849812,0.08182725705281912
5394,0.11887551773673288,0.12155118794075381
5395,0.10486067896800022,0.11589531862993385
5396,0.10982203093001486,0.11376381633715305
5397,0.11128577780923443,0.11956462402644763
5398,0.12209422918352386,0.09858820789972311
5399,0.0990351525840667,0.11780221252411116
5400,0.12780536617601057,0.12844446319236535
5401,0.12618509301440994,0.11710928613730331
5402,0.09127822706136524,0.12201351452238218
5403,0.11333545140924195,0.11051016911706979
5404,0.11266249901440695,0.11891859288827056
5405,0.10530807136953535,-0.379334307647608
5406,0.1029663432073975,0.11078812028790574
5407,0.0994844257292058,0.08661118607189966
5408,0.10652120414797128,0.10366978928845372
5409,0.10228842246315062,0.10340647167531003
5410,0.0969170730477571,0.13352519717171174
5411,0.10051468495381632,0.09621388355439331
5412,0.1016151608512621,0.12151708259381899
5413,0.11651988937326796,0.10833236490180842
5414,0.11117746658298189,0.10552942190966075
5415,0.13515812800692517,0.09883544660240084
5416,0.10678019533095684,0.11692924491085166
5417,0.10898360923449113,0.12193619334165962
5418,0.12328497684406337,0.11208523766787337
5419,0.11302426334471072,0.10766784727081613
5420,0.11890885808103291,0.1375286742934556
5421,0.10980165100200079,0.12690058006757687
5422,0.10464822605928448,0.1107063161814077
5423,0.11694504823250695,0.09240668405165176
5424,0.11371473297310808,0.11096639200470237
5425,0.09219888136231047,0.10898155831330625
5426,0.12863243352258258,0.10398726552536486
5427,0.11292062333036879,0.12451562047721132
5428,0.10480569810409834,0.13056363152988526
5429,0.12016773754275278,0.1092398894754032
5430,-0.7012426821095309,0.08821800287002457
5431,-0.7664962262885664,0.1201275982957759
5432,0.10953008198060066,0.11578010217528112
5433,0.09893044878078072,0.10121023360195491
5434,0.10621699181654476,0.0972664980157989
5435,0.10564883539083936,0.11186837853544351
5436,-0.373010720678583,0.0878830367254253
5437,0.12833117591070886,0.11198382558689324
5438,0.12082627641587362,0.10599560730553215
5439,0.0935715658548315,0.12329133836518302
5440,0.0997104619193705,0.09839855368056716
5441,0.12604823350429628,0.13824128441407568
5442,0.09188309803383943,0.10490176748455382
5443,0.10981099270609063,0.09937326313448946
5444,0.12318409259939367,0.1277894575561933
5445,0.1131306012462967,0.11051803604434451
5446,0.1232190721358366,0.09369300555174198
5447,-0.27629687126551916,0.09092792456257359
5448,-0.6962710854778122,0.11610654337063431
5449,0.11854173292066972,0.11372762425427552
5450,0.10266432713043772,0.08513140946793629
5451,0.11516859255068645,0.11258037012312316
5452,0.1320776570838209,0.127582747605681
5453,0.10487388825387689,0.11524537414580593
5454,0.0977789703219647,0.11795844021064972
5455,0.10355208163050356,0.1179280610367015
5456,0.11112714637799814,0.09294024091857955
5457,0.10726373214968898,0.10981513123501707
5458,-0.5260078953059641,0.10355354947146966
5459,0.1211970028089695,0.11409904218610145
5460,0.10876933551601908,0.12979436564067104
5461,0.10980380713696736,0.10505877208182102
5462,0.11141908284541158,0.10166967389985038
5463,0.11721685870061127,0.10411994869257235
5464,0.09874259344719061,0.12332390470761223
5465,0.11008778353421445,0.11579651825088755
5466,0.11867059335840358,0.10697020579818184
5467,0.12052249912303781,0.09990068718737755
5468,0.12208724907123392,0.12442090111375759
5469,0.09562949065017223,0.10661011743248472
5470,0.10598838529202115,0.11326239499386737
5471,0.1118759671313152,0.08788236228147017
5472,0.11358156090019622,0.104526961983614
5473,0.12690918036626164,0.117608217779398
5474,0.10000796661157718,0.09889709171988881
5475,0.11229255842353103,0.09989648775099536
5476,0.12949025602964448,0.10083550472548031
5477,0.1103743746876169,0.11260443130803721
5478,0.12194217383855754,0.1257410025002772
5479,0.12602361520208794,0.11253584367009939
5480,0.1008620050698581,0.10611843887986394
5481,0.12069875772393956,0.10232540179967486
5482,0.11907297681126106,-0.357407778417809
5483,0.12835391287281772,0.10509749787472256
5484,0.10634900320541774,0.10778618776410553
5485,0.1219865072076487,0.10172061979826941
5486,0.09698344847619866,0.11661813963092249
5487,0.11268119131771526,0.10899005497456149
5488,0.11071228373694741,0.11519571536622619
5489,0.09192520394164294,-0.4657429081478638
5490,0.11662539401879202,0.10071015308477671
5491,0.10016005894089774,0.12536405507070447
5492,0.10501749749302425,0.11055568753696643
5493,0.10352367965190212,0.10159512755383959
5494,0.09826935255906122,0.11252718865101774
5495,0.11870114950615829,0.11285048886475968
5496,0.12806755979084294,0.13058175890772872
5497,0.12692347054570252,0.11782514874053462
5498,0.1059851140061352,0.07676891091414562
5499,0.13091533067007544,0.12367229183747463
5500,0.08769196211511954,0.11260118235432026
5501,0.12159094058429987,0.13451562050113597
5502,0.09679349839373663,0.10946652324798811
5503,0.10222823266844805,0.11515687509634587
5504,0.11910119048341183,0.12525451989826886
5505,0.0946228349440772,0.12850551083672612
5506,0.10125846283930628,0.11965628545285334
5507,0.12130265307111054,0.10437108721424071
5508,0.12632709644554208,0.1252259977745147
5509,0.12100895447760163,0.10305974450267685
5510,0.09614116381413207,0.10124228076851671
5511,0.10472169751082183,0.1053338111722062
5512,0.10271180796256152,0.1221526507335875
5513,-0.6449701451039487,0.11295228081546349
5514,-0.68135328821414,-0.5404402198944822
5515,0.10914715656163776,0.11315272510715091
5516,0.11244357323559706,0.10145496312549218
5517,0.10259097644084525,0.09196749186325182
5518,0.08764767979279253,0.11638339125782449
5519,-0.6778413230982334,-0.25970366627228103
5520,0.11040700396534997,0.09925309460414566
5521,0.11830994051965438,0.10564306455961936
5522,0.10138650814592953,0.08783883653030333
5523,0.10885743904477096,0.11668178480584324
5524,0.11400467208884679,0.10740338442189334
5525,0.10591134115591605,0.1109017464180444
5526,0.09752683250864425,0.11439338009248301
5527,0.12053405868369804,0.12717940864840926
5528,0.11874671848527307,0.10656507012585803
5529,0.10502104098267773,0.0954704796120811
5530,0.1104461335383462,0.12646093805047265
5531,0.12934276963642422,0.09835595975549238
5532,0.10559676115225924,0.12530551798673484
5533,0.10838972472061048,0.09725064540779749
5534,0.10972179623462086,0.10524099318420177
5535,0.11531505074302695,0.10427143585564003
5536,0.1155096970925098,0.1213802198915872
5537,0.12479766234355294,0.13104893811942975
5538,0.10397295321032507,0.10697726367335592
5539,0.0984365644648586,0.12553816705940646
5540,0.1228412037971971,0.10262710245237461
5541,0.11935367565883892,0.10470278597403704
5542,0.09973295591824294,0.1022095572445667
5543,0.09400180966819005,0.08634434238439015
5544,0.10981353254950421,0.1164444554850752
5545,0.12311225172960749,0.10132053267754437
5546,0.10234695201409005,0.11278462507929632
5547,0.11724081342006776,0.11083818656358657
5548,0.105863229444638,0.13160002138493354
5549,0.11748524335613553,0.11004114223810157
5550,0.11183708401251646,0.10993226613165508
5551,0.12402572785575461,0.10388485026713101
5552,0.09874100240375538,0.12237124378393283
5553,0.11504611392914721,0.1259840291028469
5554,0.11818806999583265,0.12367557522517814
5555,0.10284052800182697,0.1189657965798514
5556,0.11210628005005319,0.09988615494296682
5557,0.11056605104839945,0.10112703562204661
5558,0.11711766628383224,0.10685579150292379
5559,0.13062626499079144,0.12063533838747942
5560,0.10581182193411465,0.10328533807287998
5561,0.1267042759165773,0.1095104244910956
5562,0.11218250577288269,0.11302999261341484
5563,0.11054190568708555,0.10475048657574626
5564,0.11264968713088508,0.09917228858313587
5565,0.10231931517570914,0.11669668417404488
5566,-0.680248519736702,0.10472506647133528
5567,0.09176406480288213,0.11136722679787736
5568,0.0968718172761287,0.1173759709649207
5569,0.12462665777249549,0.11983844495540907
5570,0.13003732318332228,0.11772835307552687
5571,0.11769165060977804,0.12636050874294003
5572,0.10978683720044802,0.10244330932934975
5573,0.11602627125540832,0.10905366659014137
5574,0.11670012229506654,0.09294152008644985
5575,0.10510165104672176,0.09905057130779427
5576,0.09946128491320794,0.14003039506191017
5577,0.09974661591501177,-0.6636476990249262
5578,0.1068569926761056,0.10711088261773916
5579,0.10690019433219655,-0.27227600267077634
5580,0.10889271110769383,-0.6402902304730074
5581,0.10494885423091183,0.09776899393923544
5582,0.08705021145671177,0.10182091243445113
5583,0.11129055920468911,0.11983146742891848
5584,0.11614809999015718,0.10204704924733421
5585,0.12178497380463837,0.10409512212644478
5586,0.09944866594388069,0.10053074765404113
5587,0.11550269627533294,0.11466753630960569
5588,0.113831198990207,0.10879883267900792
5589,0.12079117446510335,0.10803534765413336
5590,0.11233488859552532,0.12823845125288136
5591,0.0920102865289274,0.11426586887242829
5592,0.10403216210264521,0.11700520241663726
5593,0.11180252908058397,0.09808151855571956
5594,0.11720244314926975,0.11140692186912227
5595,0.10707421536604556,0.1349142032700923
5596,0.10166208569244906,0.10241985885885607
5597,0.10504666453896339,0.11351774340847198
5598,0.1108390665411354,0.11636666274295537
5599,0.12714656098448507,0.1186863853224358
5600,0.11193160414719272,0.0973479911037809
5601,0.10471765703405689,0.12489552775488799
5602,0.11583900931748325,0.11501981751381907
5603,0.1181646244343173,0.10966980470545495
5604,0.12252702753857037,0.11728951579927172
5605,0.08646475119554853,0.10850659286326825
5606,0.12697549703469724,0.10729025103999978
5607,0.11766353117120043,0.1185811195003108
5608,0.11353801025196253,0.12035133582913926
5609,0.13782153889784698,0.10643079756587626
5610,0.09463560622729572,0.10481105968383253
5611,0.11504967964576696,0.1084067924798604
5612,0.10289425761937543,0.10278537749985994
5613,0.11607574165956303,0.12475194921113286
5614,0.12892074634128958,0.10960960584363644
5615,0.11634380530008004,0.11402974300652291
5616,0.11256583665621989,0.1105212664005728
5617,0.09773591960712391,0.1211752997175033
5618,0.12012096311475862,0.10026103102145445
5619,0.10748768312052714,0.09748619917445778
5620,0.11728468595760644,0.12756949904402193
5621,0.1045589549722088,0.09156882503026198
5622,0.1223895758499074,-0.5471002941042958
5623,0.11740687749812184,0.11630073949830066
5624,0.11820200419790639,0.11236720361972408
5625,0.12334007716384532,0.09054202700330105
5626,0.10990788729206669,0.11198090479654721
5627,0.10228961079536103,0.11644590026648705
5628,0.09999871857748954,0.10778093371589037
5629,0.1026290345049703,0.09879796449694367
5630,0.10197786752100457,0.12147601045912415
5631,0.10390609095939918,0.1043029387042762
5632,0.12954739869645815,0.10666322451369203
5633,0.12948661776302317,0.10689248057128653
5634,0.11321295459436231,0.10007193807655335
5635,0.10751354045598505,0.11015296674007602
5636,0.10820636527693117,0.10978574031081689
5637,0.11548712145226459,0.11892871278531847
5638,0.10634460417719649,0.11375178153591547
5639,0.1256328793846253,0.1117556177011454
5640,0.11910335457452703,0.10629872853674516
5641,0.10762287209976895,0.11912798389580237
5642,-0.6734530203452657,0.0842817056897569
5643,0.12469887537595148,0.10694630645658498
5644,0.1267673213482583,0.11685175394250269
5645,0.09747215594563396,0.10801928009941242
5646,0.11108054418374103,0.12862230867188762
5647,0.09594474900930572,0.11958185034804236
5648,0.11489050296647152,0.12299988801484796
5649,0.12043113371038117,0.10978183716253098
5650,0.11013224062367266,0.11779079446290974
5651,-0.6319880505728064,0.11225533699192747
5652,0.1111133810976499,0.12718995270930877
5653,0.10266626588303018,0.12696284759063148
5654,0.10712944575794481,0.09183866571865207
5655,0.1283839574798611,0.10661325504071395
5656,0.09728900452153422,0.0996644296988125
5657,0.11493375255913452,0.10119400380249322
5658,0.09650264948187748,0.11058714726721464
5659,0.10993026740098366,0.09331034483358414
5660,0.10740764354721599,0.09359351217123857
5661,0.100623252919253,0.1196865279418926
5662,0.12140434114664767,0.1193504597278281
5663,0.10235823933687671,0.12739035380521457
5664,0.10552667774777635,0.11749265127102637
5665,0.12645736320248702,0.10927842451601566
5666,0.1068002641372201,0.12314408628312079
5667,0.12618214949297868,0.11355054381523444
5668,0.0952373054625062,0.13141043054445567
5669,0.11356429104704335,0.1344748383405332
5670,0.12281054376424816,0.13805653133266205
5671,0.10440794285359045,0.13081677914462153
5672,0.08752992366177681,0.0877785166948788
5673,0.1223810413983688,0.10312676844594515
5674,0.10727813974106137,0.09140911037364097
5675,0.12301528081604451,0.13102203512302202
5676,0.11143668876435764,0.10385752981118945
5677,0.1139882783862245,0.11630033216539215
5678,0.10467290200773438,0.11603497426343412
5679,0.12468613621246183,0.12446394162068586
5680,-0.49026127127456587,0.11925239646601304
5681,-0.45609900993451236,0.11078648052844664
5682,0.11078531454415153,0.1105761463505388
5683,0.12588522111643075,0.10046353421234588
5684,0.11759974444199317,0.12119170299795501
5685,0.09970761175914356,0.1080841638519352
5686,-0.6045496432084989,0.13081283436370073
5687,0.09650339804803476,0.11519229975160239
5688,0.10501190259145421,0.11059311460659549
5689,0.12556812147910712,0.10887497260200774
5690,0.09322158526058888,-0.6412480874004105
5691,0.09325118716013736,0.11699265778822077
5692,0.11493025340591134,0.10548321058901045
5693,0.08372206978802144,0.10478399629399027
5694,0.11308845529994205,0.12829900051397325
5695,0.11188397308956821,0.11505807530122958
5696,0.1325616964058911,0.09941339875797284
5697,0.10251029098541786,0.09854912176776853
5698,0.1098338247587114,0.12142403207909314
5699,0.1251549570165642,0.11094761203920211
5700,0.11010019042736152,0.11123202975483437
5701,0.09056835096009253,0.1268259538111649
5702,0.1147076563817997,0.12883421170198073
5703,0.09960844555011716,0.1269940483703611
5704,0.10138785541956019,0.09137075717416798
5705,0.09549366556886985,0.11719567854757895
5706,0.10087178128258101,0.10687401642476346
5707,0.14206910604903022,0.130912316876596
5708,0.09171694491087679,0.09825895756209269
5709,-0.7077892654770664,0.11024834496528313
5710,0.10353845233822967,0.10619523167305833
5711,0.10749680486893909,0.11553127605059377
5712,0.11614470579186631,0.09271704230791089
5713,0.12488137470228389,0.11246723981958784
5714,-0.6689407030334014,0.10525663788603379
5715,0.11436764458585102,0.10419730142301131
5716,0.10385821441152965,0.11525416990381965
5717,0.10242598553898064,0.10744648552350622
5718,0.12110487295115346,0.1181864725857642
5719,0.12827154960937004,0.12232608216467966
5720,0.12288351176822099,0.1119804367020174
5721,0.11882940162056799,0.09743802952425917
5722,0.11615661732062499,0.09876186162232514
5723,0.11051543123684415,0.10616571688829879
5724,0.1079883595245843,0.12207680390702613
5725,0.10688188904278784,0.12019032038536848
5726,0.12459311554558261,0.07923601260491298
5727,0.1202060071626101,0.10482220934890707
5728,0.1073946475267562,0.12804471431598308
5729,0.12364612239141692,0.10606422940618665
5730,0.12327964156043447,0.12049555334670492
5731,0.1143229370549459,0.1102007653006194
5732,0.10741334940295655,0.11014412630410764
5733,0.11413409390927853,0.08908140156647049
5734,0.10824612343796103,0.10172283588993114
5735,0.09661558448610452,0.11787865716922385
5736,-0.2228418940552831,0.122987277804111
5737,0.11079919270899352,0.10685427907985412
5738,0.12029162334929144,0.1222922183361832
5739,0.11489100797621687,0.1155685082007647
5740,0.13735814970586024,0.13075189971970924
5741,0.11821657887811576,0.12167398024564235
5742,0.12864242296369333,0.12314140849134758
5743,0.10325466886403767,0.11942802121047635
5744,0.11013759039688109,-0.657641587287581
5745,0.12416681092132453,0.10695571298812778
5746,0.10378964036076543,-0.41976815057647354
5747,0.11426745721347853,0.11327860543987978
5748,0.1286156006202117,0.10198106289069342
5749,0.12380825056310862,0.11409450684126399
5750,0.11395834520885284,0.11769047685242828
5751,0.11846675495060688,0.10247292355892523
5752,0.09320686887603347,0.10852085407519318
5753,0.0988604537342761,0.09985158218947099
5754,0.11793063248881963,0.1076296301360129
5755,0.09861133535456013,0.10564088212582967
5756,0.1131565442476008,0.12128507014824641
5757,0.09925803195144511,0.08807871739551709
5758,0.11012536698568653,0.10010671996799836
5759,0.10905566017593471,0.12240503747906595
5760,0.1214958681510574,0.11767094819027535
5761,0.11841416336107402,-0.619103809466292
5762,0.12962037798224935,0.11143140065601553
5763,0.1136414487373616,0.09562830622125462
5764,0.10684145603994222,0.10068044284787248
5765,0.123248950223394,-0.43871997559845266
5766,0.11902878070440548,0.12530485624145427
5767,0.11635712361050943,0.09615951592863481
5768,0.1068678129094498,0.09810400574078182
5769,0.1251466616861121,0.10635814590135917
5770,0.13085148551167336,0.10339692107913234
5771,0.11202474675978058,0.10897699847980591
5772,0.10049387358380235,0.10692700280492229
5773,-0.6463224093255682,0.12287230423661777
5774,-0.5770059231834666,0.11627323547233326
5775,0.1138404806110529,0.09020768854371042
5776,0.11174529676788003,0.11253425433519393
5777,0.09948083062299817,0.13336170876050568
5778,0.11543600594815451,0.11754514924033854
5779,0.10537961922983885,0.09693270098941165
5780,0.12099158771427132,0.1052925719876543
5781,0.11460027110417315,0.08158537093251295
5782,0.09939376702193692,0.1284493278850556
5783,-0.39842274116956866,0.11287395517906473
5784,-0.4976078257365195,0.1207329211726138
5785,0.10694171628865545,0.11630749028655907
5786,0.12107301919949665,0.11333700143458936
5787,0.10540572568848017,0.1392804145621973
5788,0.10938202717605927,-0.36237391861547963
5789,0.10565269469210792,0.09605688738657192
5790,0.11176793173507749,0.11449232162347966
5791,0.09712736156014912,0.11870091009607786
5792,0.0940572233975121,-0.6381357515774313
5793,0.1018133597769364,0.12460077173540718
5794,0.10923003821357335,0.10513916415116276
5795,-0.5881393048096435,0.11264483803529868
5796,0.09889948727981945,0.1044341432768845
5797,0.12049087230686606,0.10978498048701435
5798,0.10047015106494417,0.11503227503090385
5799,0.1022840621928709,0.10844381857850127
5800,0.13951666942225271,0.09216494799959785
5801,0.10095118761360755,0.0923176844522009
5802,0.11452939303587129,0.10037353731213416
5803,0.10814583001193734,0.1098035642921189
5804,0.11475526960402305,0.08284833492141064
5805,0.09973368431130347,0.12452358811311015
5806,0.11674599628811433,0.1185561200854992
5807,0.10050919807773462,0.10737424215542868
5808,0.10562754948248787,0.1079594783120934
5809,0.10007244726266706,0.11136336948248315
5810,0.0947692036555503,0.10251884625935137
5811,0.1138291283285211,0.11019252342153396
5812,0.10889736634285185,0.10796972504337954
5813,0.08509492454811252,0.12178866916101838
5814,0.10331248031448936,0.11690009976303717
5815,0.11238769783317992,0.11720327592891056
5816,0.1098398859633869,0.10484067868289637
5817,0.12054759674129212,0.092650211140892
5818,0.10585951113879988,0.08550381243554206
5819,0.11992152731459726,0.103431964178746
5820,0.11981443053342766,0.11961495558838764
5821,0.09306885215256533,0.10287421216946369
5822,0.12137471784583664,0.12206992354184987
5823,0.10731391180103733,0.12922062611369656
5824,0.1248841773817051,0.10370638402767263
5825,0.12314833381728962,0.10671189412551962
5826,0.11034399979166776,0.1035350390683849
5827,0.12311015389589919,0.10467957816919071
5828,0.08634567880303301,0.10547377364653499
5829,0.10202008083447178,0.10827996088764458
5830,0.10565180486311676,0.098444005006741
5831,0.11723952606969679,0.13317920200501332
5832,-0.5297705012127418,0.09884931469045899
5833,0.11982285423345984,0.10515345063012371
5834,0.10734447862730567,0.09987707320689676
5835,0.10608421267813983,0.12118196704436146
5836,0.11933174571501404,0.11381604258875533
5837,0.1018503691134045,0.09347615319439573
5838,0.11004420388179881,0.11588070652674132
5839,0.09937680349439049,0.10160049321885611
5840,0.13633034113461306,0.13013824151428266
5841,0.11080230078002362,0.1186971368639611
5842,0.10542931357349161,0.1172435058741188
5843,0.108014755351302,0.1133767884992336
5844,0.1297994496223387,0.12402735221384398
5845,0.10836176868361247,0.12286961170428312
5846,0.11886660169141083,0.11569064766703252
5847,0.12060736200273992,0.11393856764201038
5848,0.10864528555571651,0.09961338579596823
5849,0.09667079135847301,0.10658916514286232
5850,0.14515667436535606,0.11196976874080056
5851,0.1274103973936591,0.10404809687988958
5852,0.10260855380975586,0.10625325800799224
5853,0.1234653177308711,0.10928189285833168
5854,0.10187142280538608,0.11868865457261313
5855,0.1252902005148262,0.12341096143392782
5856,0.1105061900708153,0.12844418668535829
5857,0.10281573375980657,0.11728939563172625
5858,0.10363810812340679,0.11146513337103547
5859,0.08726910811002031,0.10662102704197585
5860,0.10620862590803681,0.12821436722267965
5861,0.115050460067464,0.12567256101610602
5862,0.12515321220730424,-0.6193556167205807
5863,0.12004474879551008,0.10938670328427746
5864,0.12075518391451001,0.09060538215756764
5865,0.12152143941309745,0.10765179205167241
5866,-0.46241055908475337,0.10541003766779955
5867,0.10709190436259552,0.10735685278269091
5868,0.11836504986199348,-0.385131949143966
5869,0.09618210156004836,0.0885012683732298
5870,0.09195224409292901,0.10535712797610586
5871,0.09772788406936939,0.1004524285400814
5872,0.1300557110340379,0.10640928728308752
5873,0.10744612549307164,0.1265149086536259
5874,0.12705118750754574,0.11832803007507531
5875,0.11869336150400445,0.09175631913323312
5876,0.11312903825482334,0.1305182617067131
5877,0.10282313417564537,0.1251997917791079
5878,0.10494095177412643,0.11099308308797595
5879,0.13133456497879692,0.10587113334880449
5880,0.10255112528407717,0.1133379031377666
5881,0.12492274500901068,0.13028850540069947
5882,0.11720128097852123,0.10913810870579299
5883,0.12737861854218768,0.12002513447607899
5884,0.09901863009198619,0.10452058640065842
5885,0.12332548836751167,0.09979007402140394
5886,0.09735292641603932,0.0936683996050065
5887,0.11115699065876838,0.09871787104848129
5888,0.10000742914452831,0.10336359467619793
5889,0.12169493023158484,0.12085585439663404
5890,0.11425118282500812,0.09984744640066467
5891,0.104633813623207,0.10540368436954961
5892,0.12517090943870368,0.11756507536526684
5893,0.10703901133371496,0.10508670283495647
5894,0.11065807005501926,0.1309236630468864
5895,0.12092660001655964,0.1060031967201236
5896,0.12368631513002426,0.11984058734461067
5897,0.10542128564010111,0.1156666651696665
5898,0.12024572020944846,0.10197674218559638
5899,0.10595428070710655,0.10025520593049309
5900,0.12045280013317194,0.12085423233084303
5901,0.1242395808803245,0.11690695853311506
5902,0.09657195944446473,0.09378311336506107
5903,0.10638839433206226,0.11951186750235565
5904,0.10397955393980185,0.10979111995595114
5905,0.10864453125367746,0.11227428319761712
5906,0.11260436071065327,0.117405082224467
5907,0.10837925540569127,0.11596518354787877
5908,0.11586283514194462,0.10513969483074148
5909,0.11279062594326938,0.12317383389599024
5910,0.13026725883188428,0.1207807656763984
5911,0.11192186591104836,0.1030636413456858
5912,0.11426962537950414,0.12286746053609354
5913,0.09410544486873418,0.11509938065032821
5914,0.09777290552394646,0.1132553098378859
5915,0.10982779368010087,0.09578551377182154
5916,0.11826033630040889,0.12008448572614383
5917,0.11196715252364653,0.12069550407144569
5918,-0.7379179373397791,0.10357760531597138
5919,0.10147312720224422,0.11353473906070777
5920,0.1047661586191535,0.10517283650230658
5921,0.11300981833225898,0.12892359469100168
5922,0.09105636294541175,0.11898964683401791
5923,0.11554208742405359,0.11693005894194397
5924,0.10740668643224427,0.12512760448752225
5925,0.11627190721745029,0.11623062610556079
5926,0.11879052468120466,0.1145340708443987
5927,0.09673185896237091,0.11697305934289681
5928,0.11925870103975766,-0.35611919624538424
5929,-0.7700440681394674,0.12472285594219601
5930,0.13133384022637862,0.1168914428172605
5931,0.09728240565473589,-0.5292664478380475
5932,0.13304217865688805,0.1190552544593515
5933,0.10542531317622528,0.1326531064138794
5934,0.11866759790859716,-0.5996884518398673
5935,0.10597415225196616,-0.562886798531451
5936,0.098372550498248,0.10766348555578431
5937,0.1199189117790358,0.1089938896032765
5938,0.10990011124139865,-0.6167050732791868
5939,0.11691689296386842,0.11720916413273863
5940,0.13293664644195324,0.1028963010848194
5941,0.11947846338576151,0.10292052936420304
5942,0.11728824941643845,0.1255825895847944
5943,0.10327327689654964,0.09938485804389718
5944,0.11896374871863924,0.13018597727443604
5945,0.12118661104799666,-0.32404434855521835
5946,0.11708525281788873,0.10470923199964188
5947,0.09437960320442884,0.10424773030091194
5948,0.11902547354835114,0.11683118287538563
5949,0.1096861376458238,0.10020200126932655
5950,0.11291543090146172,0.10480404842222435
5951,0.12571042508642738,0.10956996402105679
5952,0.12574903573905916,0.08541792430408268
5953,0.10853691743470151,0.12121445785633367
5954,0.11586010935013435,-0.6450040608946044
5955,0.13016418533269114,0.13420399757585644
5956,0.1280352419760442,0.11152555652898277
5957,0.10936950391804845,0.10042880676171695
5958,0.12063461093923511,0.1174858540694419
5959,0.09330521993741603,-0.4961879299417985
5960,0.0945415979058879,0.11611480672623009
5961,0.102495615710128,0.09855171359152126
5962,0.11017041488659873,0.12187733239676501
5963,0.12554676811997445,0.11136665373459365
5964,0.10910092598890664,0.08742435655865055
5965,0.10567696459474729,0.11246407707266837
5966,0.1238409275431327,-0.598674607741988
5967,0.09630712819312981,0.1052530084828136
5968,0.12781233288635674,0.11714333454032988
5969,0.13187213830728362,0.10693259200901961
5970,0.10644793508419803,0.1157867588489272
5971,0.11245138415811762,0.10375385628980704
5972,0.11423925855890338,0.110279017973123
5973,0.11007220020962505,0.11851877861470483
5974,0.09453136821646435,0.12532486129453724
5975,0.1076604679285158,0.10691215702437118
5976,0.10914897631529996,0.11544964130812141
5977,0.11434522832751348,0.10120130634004654
5978,0.08225378434388375,0.12120588940205823
5979,0.12084440354191539,0.09067371813433045
5980,0.11528589253208543,0.1325814141907744
5981,0.1128108210426344,0.10903983363860581
5982,0.10236249254820673,0.12394885643302955
5983,-0.5933633567701235,0.13527397903160732
5984,0.1037760311723388,0.10909658946726442
5985,0.10163385012045989,0.10266529281305603
5986,0.08809121360172778,0.12078031121691213
5987,0.13635407596545268,0.10803327500335991
5988,0.10937136871294562,0.12965105353251594
5989,0.11346211682298102,0.11900067431101036
5990,0.11265820481307376,0.08748872772995142
5991,0.1178233199713139,0.09541072583709465
5992,0.11500865081935396,0.09875156668935903
5993,0.11215613414950432,0.12712767362270583
5994,0.11717839607321623,0.11487093433513973
5995,0.11957325918361361,0.11306465206230687
5996,0.11234128339765848,0.09358184355847587
5997,0.10216028801347843,0.1282343641390653
5998,0.12286297806860169,0.102801078008812
5999,0.10998752949092272,0.09568774323566931
6000,0.0974205390484848,0.11320550693125764
6001,0.12694339116430586,0.11045239150429209
6002,0.11039764086579695,-0.7738421787757226
6003,0.1040983044625794,0.11616943412505609
6004,0.09698406888161637,0.11966126943960753
6005,0.0917520748134919,0.1346039457789423
6006,0.1382017063607308,0.09355032002900354
6007,0.11134535849749727,0.10947809424122523
6008,0.13627021215699853,0.1245289265547167
6009,0.11200899785536844,0.11490099573712276
6010,0.12389030652529742,0.10729740621872819
6011,0.11077668794089868,0.10569057136160653
6012,0.09704230825024096,0.10717075978822788
6013,0.11800034212981036,0.10206644449040891
6014,0.10656390461198884,0.12303188240419471
6015,0.09555558357343297,0.11593687342941306
6016,0.11918291675491921,0.10884309292460315
6017,0.08944024883574309,0.0955446760891494
6018,0.09942098748630324,0.10756714610367646
6019,-0.5053773359555813,0.12091186257970055
6020,0.11775171552812358,0.09122472350486466
6021,0.1176049291364547,0.1269409965639059
6022,0.11541100535587856,0.11521417654704091
6023,0.10127481423134088,0.09416112593676962
6024,0.11201978378866984,0.12007967512717777
6025,0.10164266273711231,0.12113873154793131
6026,0.116595016118062,0.1104831411687357
6027,0.1082056923599366,0.09696544240137794
6028,0.1012875396578583,0.09654022281265506
6029,0.11423929747338724,0.10331432652929995
6030,0.11382108376280908,0.10754442031051159
6031,0.1143967822908567,0.09925649739773323
6032,0.12293377670977157,0.09754199030057298
6033,0.12841945292945312,0.12012643621805341
6034,0.10968568665793432,0.11961378989805138
6035,0.10515348102274347,0.0921620779220631
6036,-0.48753752321294475,0.11677579193160104
6037,0.1154172995867857,0.1309009522312652
6038,0.10590004209448378,0.10838486071717068
6039,0.09614950888862128,0.11184791737341104
6040,0.11543753342115481,0.09666204289807223
6041,0.12399442239119196,0.11787656868948626
6042,0.09000154416668904,0.13538194660856417
6043,0.1253275473209834,0.12572900180525415
6044,0.11442141592346777,-0.5711297707269207
6045,0.10990863974404319,0.09937408944362858
6046,0.10664930799180272,0.1203621065506717
6047,0.11395472979654775,0.11554489026374637
6048,0.10836276772503228,0.11010638431603748
6049,0.11081303012570753,0.11787701854257415
6050,0.10410093083718208,0.11849156197702548
6051,0.12127000612758332,0.1246017920653264
6052,0.13885052006065046,0.10634615700715555
6053,0.08941667223620442,0.1220845183049204
6054,0.09906737921792219,0.1061520242423808
6055,0.10213575945409525,0.1207542017590677
6056,0.10616998154930246,0.09052147289123402
6057,0.1160658625135349,0.11986959408230957
6058,0.1071778239124308,0.12394125870716821
6059,0.12611631793965228,0.11010194948505281
6060,0.125464939437695,0.09521370435661991
6061,0.10560907803477315,0.10894055717289075
6062,0.09638086211421948,0.11550227641685695
6063,0.09898874167816141,0.08915599129725127
6064,0.13487702153371206,0.11958700695463453
6065,0.12267557446190369,0.11206226548773479
6066,0.09870704331438995,0.13179977421157396
6067,0.11431727424576588,0.09808356314904287
6068,0.08388542102580487,0.10309821880963543
6069,0.10540550409031879,-0.47476155908058604
6070,0.11360672390788285,0.1308866807397997
6071,0.10165100085166445,0.10304214396918332
6072,0.11550836062377123,0.09739183558083075
6073,0.09494454405376773,0.10852282249551681
6074,0.11840787049745738,0.11997967281696442
6075,-0.751849109821279,0.11961926040299864
6076,0.11632958605584642,-0.580080075437851
6077,0.11165037936920585,0.126566836244981
6078,0.10464820438084277,0.11237436725639349
6079,0.1124918292050674,0.11988552353603499
6080,0.09785363466936592,0.11272528916718438
6081,0.12504894623225882,0.12018134558760529
6082,0.12443404416667891,0.09990646040221063
6083,0.1086636127781877,0.10826920867924406
6084,0.0947518442786166,0.09611187493462103
6085,0.095046638362833,0.11290298382589192
6086,0.10789822865466547,0.10694164501950443
6087,0.09469209830148317,0.10874635589717019
6088,0.09642292861043456,0.09780112573416355
6089,0.09574933084379089,0.12578621208458007
6090,0.11570326557557964,0.1121983095073178
6091,0.10263709794824916,0.12160705649723935
6092,0.09206433268900027,0.10062604693150434
6093,0.11329538173123632,0.11871524087950425
6094,0.11129781616071366,0.12377279179579403
6095,0.12534854608475499,0.12103674432025224
6096,0.10539154659358907,0.09758482217372255
6097,0.1318942607360336,0.10376350097875453
6098,0.10877930640033462,0.11394751173014694
6099,0.11946678373496811,0.10526924266435
6100,0.10048014935405969,0.10582291852638348
6101,0.10978494596313837,0.11284902883183068
6102,0.11490340315780201,0.12640890639388247
6103,0.11274710431839652,0.1472164172466608
6104,0.11566004675931363,0.12132097721412993
6105,0.09863087140120053,0.11588436107110445
6106,-0.48618378066618373,0.13081675505197787
6107,0.10768775166732425,0.10968940384780868
6108,0.11565927754128524,0.11854124230122753
6109,0.10525927609575936,0.10900971056679931
6110,0.11324476618516188,0.10244499028038101
6111,0.10617401776024549,0.10305707872023806
6112,0.10558138610058565,0.10534145935678807
6113,0.10514968964546956,0.12017393583598168
6114,0.11359331018307106,0.12360494800691035
6115,0.125119285009762,0.109931322829246
6116,0.1361039345124484,0.12225799796763348
6117,0.12030304663546354,0.11701590417119334
6118,0.10811540202858039,0.12122939273577171
6119,0.10839624462759523,0.11880873716678342
6120,0.12183046692666433,0.12279894047099238
6121,0.11350734435400356,0.08109173181844609
6122,0.1097330799807148,0.12842176777493464
6123,0.10262553076572645,0.11591123018028981
6124,0.10890015097864847,-0.7529832915698011
6125,0.11367598819915314,0.12568467365239377
6126,0.10768674647635224,0.11173132891623894
6127,0.11551617218703947,0.10956590621073925
6128,0.11273202825153072,0.10517635906737066
6129,0.10442714759788685,0.12355692411116359
6130,0.10994118819713727,0.12694238831069837
6131,0.09067141460828165,0.09193609642316547
6132,0.11045832353203444,0.11278240669157835
6133,0.1101183744632952,0.10157189909429154
6134,0.09229309008090691,-0.49001888796415427
6135,0.1181269050014302,0.10604312242179192
6136,0.12978245574624614,0.09311058710095321
6137,0.11700014250833712,0.09428601849499985
6138,0.12557563090277668,0.11124220167963594
6139,0.10587846829179126,0.10945615545408227
6140,0.10330329932230287,0.11134944320908158
6141,0.11095363499617261,0.0981565666290205
6142,0.09721626474113298,0.11091540495604946
6143,0.09533358682888693,0.107761407695246
6144,0.1121871082669692,0.1210842786540911
6145,0.13503814843785156,0.10257864446426623
6146,0.10432731542475215,0.1155352511650991
6147,0.11238662490771367,0.10961275679507021
6148,0.12990966486900435,0.12913023418577363
6149,0.10976353833850894,0.10092265086056385
6150,0.09434812422184158,0.09416256601081185
6151,0.11048635662235418,0.11002486256595767
6152,0.10238854834912026,0.12316036519684315
6153,0.10544553972802317,0.12258912062059335
6154,0.10825730838849323,0.12170577282427719
6155,0.11276544805028199,0.10993379826680427
6156,0.12242423932106217,0.1228917621647656
6157,0.10628730508317408,0.10599166317476771
6158,0.12206850938791569,0.0920454756193001
6159,0.10475918926890593,0.10847041456574313
6160,0.12804734484690328,0.10112892604360812
6161,0.13040719819184177,-0.5563301693663316
6162,0.12137190756175587,0.1086582019941722
6163,0.11075823055129397,0.1101571043170908
6164,0.1278193956675373,0.10873970207676487
6165,0.10561051819253597,0.11870357351165062
6166,0.1121796755712019,0.09286740827806228
6167,0.10611857332018415,0.1152036070995559
6168,0.12103078899010855,0.12372898325439285
6169,0.11721249848657256,0.11566792044642815
6170,0.11334621528364974,-0.4427964729930255
6171,0.12108649754277834,0.11558614408738577
6172,0.11006002669358295,0.1039525849131897
6173,0.11064070548818528,0.12560759545948819
6174,0.11336475212012664,0.10496621943985818
6175,0.1032958889968063,0.11942691860844201
6176,0.1106855926292234,0.09605069393805188
6177,0.12097117986921413,0.10707853849452276
6178,0.11902156599473424,0.11622836370304812
6179,-0.636247198828273,0.10770757641517159
6180,0.10514091695641281,0.11469587198288256
6181,0.11981626296802106,0.10115876905413357
6182,0.10702079334451442,0.10890945545229624
6183,0.11295593511023938,0.10679505174179948
6184,0.115389006362699,0.12342253106541645
6185,0.11689593603804549,0.10849451837357726
6186,0.11469787390441111,0.10901361912511365
6187,-0.5738377371828101,0.09576727914289673
6188,0.12105173982478967,0.1130184317759817
6189,0.12161262352851887,0.10334507665353554
6190,0.11287304329401993,0.10564842853299239
6191,0.13619479917622712,0.11146984169778706
6192,-0.40407041773471686,-0.6550256558804906
6193,0.09728935199461741,0.11802755779512375
6194,0.13472685269167228,0.09651383167686944
6195,0.09797505058994105,0.1174402018219558
6196,0.11383076351099275,0.10465864543804337
6197,-0.4124841535503172,0.1081888134140192
6198,0.10478171143902215,0.09783161544916363
6199,0.11286578149190274,0.09680693476843305
6200,0.12040725956695497,0.10954246483814023
6201,0.1263028401852191,0.11679268741520121
6202,0.11939976699894927,0.128004799183296
6203,0.11811685691019402,0.095174077512582
6204,0.11505638997201317,0.10856844729316917
6205,0.11192048596977933,0.09864485089736541
6206,0.11085860153054616,0.10777934817789014
6207,0.114650408625258,0.11418967460038854
6208,0.12294295053170945,0.10092035958155376
6209,0.11951713895633476,0.10974013917419345
6210,-0.6656495372829215,0.11280473313361461
6211,0.09933584302136067,0.11259454213388076
6212,0.10487527612569436,0.12000010140668493
6213,0.1141701141023943,0.1217569669554961
6214,0.12978870397650732,0.1015468835404918
6215,0.11402532720935166,0.10445493348860779
6216,0.0956747519468546,0.1021593474066338
6217,0.1157986610843722,0.10893545750499722
6218,0.11005276372457606,0.11909259164992636
6219,0.10230803218919693,0.11481428140238936
6220,0.11631448618147067,0.13464735002774586
6221,0.11651914877150804,0.11610997711742899
6222,0.11506531777572038,0.10183071500186469
6223,0.10164122445118351,0.11518336935643814
6224,-0.5385414627397178,0.09799432474040493
6225,-0.5558722460278704,0.10628334249783711
6226,0.11819468962949631,0.12297275963110832
6227,0.10353889929089277,0.11264609088718247
6228,0.12885547986484291,0.12386271968610907
6229,0.10561494897021828,0.10436210570941729
6230,0.10150078003960616,0.12401702297128203
6231,0.08191376135667583,0.11399500791229045
6232,0.10849766642391034,0.11397851797645386
6233,0.09668891694519721,0.11552087105849274
6234,-0.4064984785153165,0.11451547842495291
6235,0.1250441073411268,0.1090364413574767
6236,0.11706353063316777,0.10165745238594903
6237,0.11091485273058499,0.11743110453506578
6238,0.1148298244726833,0.10583104376946317
6239,0.11944484952488388,0.0942702462846734
6240,0.1068482576618317,0.10269342148747174
6241,0.11306830771891363,0.10668374402926428
6242,0.11253157538760905,0.10084081084838803
6243,0.12050491741490599,0.12912105741592939
6244,0.1202825246602337,0.10608771641167092
6245,0.12109029474085786,0.10348366342968163
6246,0.1221107960399439,0.10591900688990452
6247,0.11737703489561535,0.11296304959842507
6248,0.11626220781940932,0.10073439990563227
6249,0.12902360393603307,0.10891550482277546
6250,0.1102276166645102,0.11992730341221147
6251,0.11814247668329014,0.11540324179641126
6252,0.12718789578210643,0.12434999918599221
6253,0.13581398135758405,0.10057704853865657
6254,0.11521517250909508,0.11532989283131023
6255,0.10418145372807275,0.11266986423902559
6256,0.1274904394366878,0.12088774774136879
6257,0.09825092509415567,0.10019577489888665
6258,0.12410925114815519,0.11580688725603805
6259,0.11598008282523509,0.10512786635539051
6260,0.13163648271152328,0.11467366784341082
6261,0.10988555715606929,0.10395296717889924
6262,0.10876465537668367,0.1155680829392205
6263,0.10036797764491423,0.11464371591291145
6264,0.12988245501039497,0.11729423957000584
6265,0.10908969932993018,0.13530578226777212
6266,0.11046864527031164,0.10701779650920784
6267,0.10528449463839928,0.11406689302621564
6268,0.11313550112417947,0.10272477005834757
6269,0.11893844147209887,0.12555661114656003
6270,0.1165842802484669,0.10630063766888176
6271,0.11331669551145174,0.08361388314147034
6272,0.12693544825180014,0.09778086005442521
6273,0.114199759052803,0.1074933971602543
6274,0.10925394169119684,0.09537096231155373
6275,0.13304296311952246,0.11085371772061592
6276,0.10870374083410783,0.12420351364543913
6277,0.09512817954361696,0.09894124425635065
6278,0.11309603555925607,0.13292011622649946
6279,0.1144016879901184,0.12125693861306175
6280,0.11082788834376922,0.1271596891200497
6281,0.12545870060618802,0.10182617129600646
6282,0.11441572702193792,-0.5909775137366654
6283,0.11496926743365354,0.12410337042733621
6284,0.11736289368132868,0.11013018612605685
6285,0.10409228141555049,0.10748446448711602
6286,-0.5986698984415278,0.10709489247615966
6287,0.10420360490801395,0.10736624047418797
6288,0.0866327275427956,-0.5431265664580471
6289,0.12623154798769787,0.11341766422579025
6290,0.11074838098526607,0.0727949339293521
6291,0.1063107753836976,0.11875502474312682
6292,0.1238547553686733,0.1252171275211409
6293,0.12128288735101878,0.09688592220916092
6294,0.10781044144163343,0.12181765733098149
6295,0.12443175074143364,0.11783243259659715
6296,0.10000193484267372,0.11987077666820123
6297,0.11544995699708749,0.11716273580188852
6298,0.09750491829272967,0.11726070484012951
6299,0.11603890522682603,0.1028285419288002
6300,0.12194087365410411,0.11802045103684056
6301,0.09857687200163845,0.09054925658804125
6302,0.11603387598799997,0.10576372696229841
6303,0.09701231126475252,0.10616937737318533
6304,0.09558462173972848,0.11354458646824184
6305,-0.6408789395823308,0.11700142569585514
6306,0.10728200134951549,0.12257233807074686
6307,0.09966653332292763,0.10515920116277488
6308,0.14290377209818694,0.12330711668912664
6309,0.1092870459181996,0.09975308867047561
6310,0.10874653688817348,-0.5248746771961281
6311,0.10571410338621967,0.1289239747070947
6312,0.11349131683194358,0.12608654536090458
6313,0.12233137343294853,0.1293984473673191
6314,0.1346977342217417,0.10264944003325582
6315,0.08967904762668377,0.10589649242680244
6316,0.10352313382840372,0.1124630986748909
6317,0.10765316485382015,0.10301425617871507
6318,0.11258319004295969,0.09740242082858708
6319,0.10365923753169226,0.10814715564086042
6320,0.13089160622441165,0.1111881191455546
6321,0.11418610443848842,0.10691525799449741
6322,0.11550874621726459,0.10985437949886312
6323,0.11097782266051248,0.10943702729352989
6324,0.10443393530280165,0.1028381106484737
6325,0.11531150717456096,0.08938661832237571
6326,0.12314509302435095,0.09888094909998424
6327,0.10666516088291389,0.10983225787608819
6328,0.12001603239630354,0.12650428550229775
6329,0.11175436535681982,0.11696253299243242
6330,0.09182618049627012,0.1086255501967166
6331,0.10357409348445867,0.11678461585389521
6332,0.1071952958865312,0.09750204916762573
6333,0.1265210764342739,0.10358020432597281
6334,0.09757607256019529,0.09243207330314696
6335,0.11093230168557633,0.10031012679899654
6336,0.11862204037649438,0.11493921503924986
6337,0.09620584780603614,0.12514577013481265
6338,0.12464582163937665,0.12447114900290157
6339,0.11902159224090769,0.13412833062082985
6340,0.13078519831932867,0.11979685536979989
6341,0.11996349249219707,0.10342747903388472
6342,0.08773399125820869,0.09567195520980287
6343,0.12025451355924344,0.12224894715684775
6344,0.11972104960287755,0.13351823776271954
6345,0.1191548249276515,0.10464318848545084
6346,0.11808864024429377,0.09986662879718322
6347,0.1036622078241467,0.11884597379045347
6348,0.10241305257721867,0.12072815261569847
6349,0.12007211351566793,0.11964917648586848
6350,0.11486860851080305,0.1150457716596558
6351,0.1167156054241445,0.11316782240914303
6352,0.11545373376169565,0.10423269599888618
6353,0.12135307771437698,0.12043785397987183
6354,0.10760789058980413,0.10144768928817571
6355,0.0996215403877605,0.11270947998209646
6356,0.11864971656395595,0.12721093877130496
6357,0.11438047531145745,0.10284914762040143
6358,0.12051131414711458,0.09896948717665732
6359,0.08260616059046644,0.1120834732767797
6360,0.11568204262338488,0.11950097018740746
6361,0.10530675514452614,0.11917725704356452
6362,0.10445303432192343,0.10749497918461692
6363,0.09970402782296928,0.11564742188066979
6364,0.10194002326472518,0.12317243937136602
6365,0.10153570959689961,0.10203564547704058
6366,0.10578726965914043,0.10959256283133834
6367,0.10172370259235075,0.09956502337635942
6368,0.1028757606506645,0.10829230240577226
6369,0.11764833403939079,0.10717311143036112
6370,0.11071737831994999,0.10046880321396268
6371,0.11392901087036567,0.11751415240757623
6372,0.10886575457447778,0.10765671966397727
6373,0.10097111803550751,0.12390590710456051
6374,0.13257583871384582,0.11387290886466706
6375,0.10152405416973243,0.12342778186703685
6376,0.09982167233032313,0.10889435787225565
6377,0.10630363433205736,0.09232975277295519
6378,0.10672016489235969,0.09594156369824036
6379,0.10206716128983251,0.11199823102746609
6380,0.09317094787075364,0.10456024976194134
6381,0.13247659180983917,0.11404958198261195
6382,0.11462740327485355,0.13434292304227324
6383,0.11008434383155885,0.11393066854716816
6384,0.10392976979931912,0.11679230518120409
6385,0.10093926939869413,0.11497008595763791
6386,0.0999016630032945,0.11369417082486533
6387,0.12878622750300783,0.10284469399493812
6388,0.11161566020964586,0.12232684391839466
6389,0.10462872605439077,0.11166081890266288
6390,0.10579498910424068,0.10872347680857186
6391,0.11698734830984159,0.11020469313401327
6392,0.09154169850778504,0.10198776003159105
6393,0.11731027598182009,0.11738914282923707
6394,0.12362189840898807,0.09151841659669824
6395,0.12402344649456998,0.11826809959088203
6396,0.10626103704234824,0.131694343692204
6397,0.10250977024158914,0.10551853990031779
6398,0.12597761355713621,0.11595427928853508
6399,0.09247987129258561,0.09788939077514502
6400,0.10781658546455497,0.10718402843508312
6401,0.08753749872690664,0.10318124864903422
6402,0.10330937210108138,0.10827453002347553
6403,0.10616869582577437,0.11296307270989003
6404,0.09971400041765999,0.0893885794785314
6405,0.10494430013150535,0.11351641620207942
6406,0.10570655692936515,0.09676268518460263
6407,0.11979890727736464,0.09995899583106849
6408,0.09821708458820844,0.08242329582418684
6409,0.10752371598440114,0.11222212163379597
6410,0.11362985915581914,0.11181501335230237
6411,0.09404378034946514,0.08899144850281404
6412,0.10120150015158935,0.11649859711381927
6413,0.10915575370082653,0.12651065794015004
6414,0.1012366181044162,0.11228312867151047
6415,0.08983697209776498,0.1276619489464681
6416,0.11355204431270649,0.11458717205078939
6417,0.12036641986609808,0.09116602982512689
6418,0.10980712702221562,0.09147575547594577
6419,0.09364250378833305,0.10659217866290782
6420,0.1052425310881655,0.09113792974126378
6421,0.12325455987918454,0.10676390938872893
6422,0.11343115968016759,0.12220052289267969
6423,0.12745451532172036,0.10032441436844275
6424,0.11318844976453035,0.08759697138300138
6425,0.10754038530727228,0.09379855707415685
6426,0.10510307698387256,0.12966929417963713
6427,0.09943764066826843,0.1113117388114866
6428,0.10001558598898641,0.129660729106567
6429,0.12369580084363174,0.11660016783686689
6430,0.11264264875921293,0.1064543660445918
6431,0.10586391861383748,0.1029344550134077
6432,-0.6898813750963169,0.10018593623522021
6433,0.11551636897996498,0.11873214780722408
6434,0.10659244161753212,0.12240979596368007
6435,0.11254386095244828,0.10593589849910567
6436,0.09556596178529997,0.1137867885066628
6437,0.09188968663071995,0.10228519483276344
6438,0.11633970018240336,0.09851916623869084
6439,0.13014163700750192,0.12588811661032073
6440,0.10893420754331462,0.10373565807025509
6441,0.15180961355243205,0.11433111691523146
6442,0.10327174720802668,0.08807430646536174
6443,0.1180129927004352,0.10235861715224237
6444,0.12046288205041411,0.09218303173609388
6445,0.12415647534791296,0.10693916565384343
6446,0.1132512333075053,0.08522759488570864
6447,0.09890110827775445,0.1004953568272775
6448,0.11012597436121507,0.10422821601316401
6449,0.11782238943369316,0.09291151393045705
6450,0.09747773781145708,0.12541577174552399
6451,0.10408596182236707,0.1207610453201382
6452,0.08276001671774469,0.11110747678785371
6453,0.09492468015842959,0.09939582466879826
6454,0.10848564798078164,0.10637604154841673
6455,0.10939359572316976,0.09506003026094034
6456,0.114560607692898,0.12472678982003749
6457,0.10281698612769197,0.12001996270171644
6458,0.1151347714015607,0.11292933434056662
6459,0.13606536499190192,0.12418482440316825
6460,0.09023403701496902,0.11505648993755946
6461,0.10933871206006285,0.11068171925626857
6462,-0.6049603196748524,0.0966119419940128
6463,0.12264658630998104,0.1188242954862535
6464,0.11494767356366875,0.12003920548621605
6465,0.10546199051877636,0.10464165593047148
6466,0.119530208641488,0.11641885965003751
6467,0.12475252959711858,0.10928070326341355
6468,0.10241961955638623,0.12362121893335787
6469,0.10124706353431967,0.12225043634262067
6470,0.12307717516556593,0.10097260929870822
6471,0.09899232779106315,0.1197961648440371
6472,0.11079021707017955,0.10128573426550602
6473,0.0959265245094818,0.10095401356727707
6474,0.0911131776985632,0.12877420478622015
6475,0.1312562530034347,0.1182519600718972
6476,0.10110877655485262,0.1159101542205565
6477,0.10474391259164628,0.1066526323535344
6478,0.09815228284436661,0.12108615585555094
6479,0.09569608215353109,0.11717466001008403
6480,0.10444325073009653,0.10499763777871829
6481,0.11341162505408398,0.12291853716607792
6482,0.0953309307600878,0.11787029136540172
6483,0.11505726533778726,0.10073037542515162
6484,0.12224387016994642,0.11394118191397973
6485,0.11254629155121854,0.12406313702180638
6486,0.10103485409209512,0.10634269481614367
6487,0.1250530150576088,0.10947701260554066
6488,0.0921750948542539,0.0965926646389561
6489,0.1384730938575447,0.10474034628552298
6490,0.11052010837423087,0.13132783850146756
6491,0.10719636187549209,0.10755254808214554
6492,0.1043369318439582,0.11851214198481586
6493,0.1329998396659926,0.12512402460540795
6494,0.09585566436294157,0.10601907828571577
6495,0.11498650807466437,-0.6931559245315462
6496,0.09140627947763313,0.11726651234604812
6497,0.11523865194904892,0.11573841499112092
6498,0.09295262599577936,0.10963614926687604
6499,0.12568992893899433,0.10882770029960054
6500,0.12726680158852455,0.10152353084805643
6501,0.11207110389956365,0.12675045461133094
6502,0.10369936162465443,0.10089304602780147
6503,0.129983682658799,0.09902175512415834
6504,-0.5548551581010244,0.125256523665358
6505,0.10176544373286434,0.1251458846760225
6506,0.11405751729794611,0.09957807069836289
6507,0.11424115406230717,0.11075953516672454
6508,0.12099074827019196,0.11679311726597041
6509,0.12281891582189552,0.11999268069476576
6510,0.10789003148124854,0.11853613391882467
6511,-0.5470131387765179,0.12499702686967762
6512,0.12537920806278868,0.09856994112695894
6513,0.1000604736449946,0.09373071032865399
6514,0.09592158004500018,0.10802781408205098
6515,0.10548927523407325,0.11668067025676088
6516,0.1298563938879138,0.10829762308501079
6517,0.10734730965272754,-0.47549788321903796
6518,0.11710161250491846,0.11583954361010362
6519,0.11253504422397476,0.11807310912566416
6520,0.11684855664984206,0.1017342528711096
6521,0.13332032798356308,0.09705759559377314
6522,0.12274233534174406,0.10840485094287056
6523,0.11713869845246694,0.10974322874661935
6524,0.10920116216444664,0.10540615259874708
6525,0.10589981294555462,0.09476969541256741
6526,0.10631819142205612,0.10927700074125801
6527,0.09858083782369231,0.1148938826322794
6528,0.11140574865150876,0.11966485603514254
6529,0.11173827353085364,-0.5761512541818401
6530,0.11800406340208003,0.117681969307458
6531,0.10759451446952939,0.12011096716076186
6532,0.10185049928389045,0.12141950591408146
6533,0.09734084704996127,0.09387357321134471
6534,0.10275951775817349,0.1164363641099786
6535,0.11570538726565194,0.10364840408760156
6536,0.11644466232079043,0.1246656361094054
6537,0.10345137947717298,0.11517849210450404
6538,0.10026156792156571,0.09820661516388807
6539,0.13123342070540334,0.09213575915349859
6540,0.09150334875072819,0.10843975376392079
6541,0.1114688186558126,0.13095058612232635
6542,0.12349266666622394,0.10829651188986045
6543,0.10886222317391803,0.10583119490994619
6544,0.11835165327872388,0.09857707941117577
6545,0.10941337177300259,0.10432655222109277
6546,0.09683769900650874,0.11978651294686338
6547,0.11340746140352187,0.11904820640164027
6548,0.09740848104841238,0.10944412124221059
6549,0.08170783571875595,0.12412048726434555
6550,0.11365160769887406,0.12037903238499248
6551,0.12136257030143938,0.10706773526994073
6552,-0.34066506196919044,0.10037179670286722
6553,0.10753768318699697,0.12986236632697912
6554,0.1131701568929726,0.10893271594709852
6555,0.10562116081404627,0.12109442308021956
6556,0.08869430373014686,0.12414647364155118
6557,0.11740135244770777,0.1411669528171582
6558,0.07949579972167053,0.11685098604641087
6559,0.12946682359927686,0.10661040083461448
6560,0.11755798075543122,0.10176063879681019
6561,0.10346323871604013,0.11500447920689805
6562,0.14006159246920347,0.11519530693757796
6563,0.10544676740886105,0.09941935780592015
6564,0.10493424245910665,0.10378402057489922
6565,0.10853355262353293,0.10346778700426129
6566,0.1029729379212263,0.11654790921186242
6567,0.11482659393705275,0.09947143021940552
6568,0.1111645699658943,0.1075336223289074
6569,0.12293621403757848,0.10520552652900506
6570,0.12218044057379962,0.09132966651574437
6571,0.13034477830345614,0.08742137543003792
6572,-0.5738722280764645,0.1195077969246976
6573,0.0939046477686063,0.11237205696226549
6574,0.1235868272297731,0.12094083111665754
6575,0.1020017439226708,0.11928712218127524
6576,0.11625501644501957,0.11048673913759166
6577,0.11789962123582254,0.11901781365789454
6578,0.0941775097588835,0.11789592792610626
6579,0.13209292567340158,-0.6304886225104721
6580,0.10862619311941812,0.12614852186576941
6581,0.1218481864823755,-0.48906688876059046
6582,0.13386377914687353,0.1287779768442232
6583,0.10960880504220771,0.11543664558787503
6584,0.12198706114841706,0.1203991585474462
6585,0.12525563393083172,0.1267166410172107
6586,-0.4968689831012717,0.11466167249089865
6587,0.13217846288931723,0.1250374727811212
6588,0.09647360801369276,0.11617606629022803
6589,0.09417291431464792,0.14521391120030702
6590,0.10015677696110159,0.10852408418634929
6591,0.09531912332426606,0.10888346839119811
6592,0.11441086609813045,0.11546248144691185
6593,0.1160350100785621,0.1149420414396678
6594,0.1247003787427361,0.11163147842162657
6595,0.09998686178678717,0.09477372102023329
6596,0.10934565748982417,0.12362662208514674
6597,0.09792482622105525,0.1073234512979786
6598,0.10246892511506056,0.10612668231690181
6599,0.10796496704717407,0.10016420103100687
6600,0.10228943866407203,0.11557401108598242
6601,0.13566685877862716,0.1146839143984617
6602,0.11198868436301468,0.12023239236415706
6603,0.1128059832212005,0.10747187940353142
6604,0.10328243740123977,0.08863768678892248
6605,0.10556950288656419,0.09741405112426316
6606,0.11732790585001052,0.12126245729236751
6607,-0.639770125652468,0.1101052566339058
6608,0.11072560352634087,0.12402221694073834
6609,0.10575579688857117,0.09784631359363716
6610,0.11975240457629854,-0.584223526602593
6611,0.0939429492067203,0.10853433034923299
6612,0.10598230754344917,0.1011734009836116
6613,0.09005958395355984,0.11159354830620294
6614,0.12381157297013035,0.10923413868296272
6615,0.11246401676194284,0.10060669611828055
6616,0.10812795273679576,0.11970596990730131
6617,0.11977159919464042,0.11984878489002693
6618,0.10736561028340574,0.11962405279431598
6619,0.10649262053658104,0.10306230156036489
6620,0.11680888057344774,0.13218110686812112
6621,0.12552164645651653,0.11595543414722576
6622,0.11492932346058993,0.1210031578759112
6623,0.13200689051901437,0.1387206599624109
6624,0.10473507941563587,0.11489294212701773
6625,0.10756555426442471,0.10601361249977659
6626,0.11819586388089798,0.11937174153178765
6627,0.10927702932593397,0.09752156290214886
6628,0.10658315925669459,0.12080276220538755
6629,0.09551296496448569,0.123403391545859
6630,0.10925340019694363,0.10525377465680608
6631,0.1172072771485857,0.11618803133918609
6632,0.10542632341107128,0.11641779512870465
6633,0.11230408369501177,0.11458165912107976
6634,0.10908682979178685,0.11520315594069808
6635,0.1043710975342187,0.13116844423067997
6636,0.09412576316542154,-0.38901761465662077
6637,0.12154734438877601,0.10360649697134394
6638,0.11936849733075516,0.11799054744355897
6639,0.09635419758944397,0.11505242053565601
6640,0.1151757686210837,0.11605182365936728
6641,0.10385952264535647,0.10465790659935337
6642,0.09217783621338271,0.10911070537097967
6643,0.10301547914603448,0.09867799745053363
6644,0.10231278126337529,0.12095171670434524
6645,0.10543833162429062,0.09066516239559386
6646,0.12068747603526342,0.10201196551984038
6647,0.13185087726286326,0.10048396342217436
6648,0.11172757122751897,0.11755584217297765
6649,0.11949887571718243,0.11301550045919484
6650,0.10715337649672918,0.098476141530353
6651,0.10277214727825101,0.10654526721703261
6652,0.10884374829064525,0.13316316532205885
6653,0.11302606971345153,0.11736186797343096
6654,0.09829617524252221,0.12445877758057966
6655,0.11974981283837338,0.10893823695087668
6656,0.11600471197737972,0.12041721786004511
6657,0.11419303621143984,0.10758479145617472
6658,0.11552337227820852,0.09516870835765046
6659,-0.34140834039633994,0.10243868670626388
6660,0.10390751351641869,0.11814148742881758
6661,0.07925245373493706,0.11193874106153823
6662,0.1055369975102809,0.11457680535050363
6663,0.11046676777396502,0.11284932638231204
6664,0.10620119156224384,0.0996734040493743
6665,0.12249111965282244,0.10909673986174484
6666,0.13060136224098606,0.11165380304516548
6667,0.12267169863521499,0.10847695969830462
6668,0.09025363986815016,0.11209281854010422
6669,0.0933037208752916,0.0896258650198396
6670,0.11397712961126527,0.09091199269583772
6671,0.09788861384099623,0.12334653173138843
6672,0.10151677510956936,0.09697667981592328
6673,0.10584328494011386,0.10739162971105687
6674,-0.4640228938411618,0.12946048599327997
6675,0.11807081847238798,0.11504492086831042
6676,0.09644310881905693,0.1161464860639907
6677,0.12056496538928907,0.1258267280758063
6678,0.11659131504211162,0.10273204351975629
6679,0.12922513695539029,0.12286754450118997
6680,0.09834132594639988,0.12084019462388063
6681,0.10766190437908407,0.12115455996757474
6682,0.11877957677874851,0.09517717286138705
6683,0.11263202005580908,0.11229878526556636
6684,0.11767903260353796,-0.7005146583948985
6685,0.11828980334022421,0.11004238230313401
6686,0.12264364339169598,0.11485885367277016
6687,0.13424612017589466,0.08728714588451636
6688,0.11355346197047345,0.10848043806634111
6689,0.1143574341879805,0.11979728909038978
6690,0.10231293196334401,0.10473574155316001
6691,0.09171237778364638,0.10744415986002553
6692,0.12196502238459783,0.10923304893810237
6693,0.11739339603011745,0.10796124211423597
6694,-0.6610626571069893,0.11427643605196325
6695,0.1023354910662031,0.10267705587464482
6696,0.10174056430956169,0.11522280987772904
6697,0.10061003721218742,0.12199954305447114
6698,0.12650783635950047,0.12728192632811286
6699,0.10636043471893153,0.11207764990129876
6700,0.12085430305880251,0.11571616318300482
6701,0.1041581190065981,0.10652895736454449
6702,0.08617541409453633,0.11174775994746589
6703,0.10858666961769448,0.12398472378237724
6704,0.10978897555865652,0.10167507442398716
6705,0.12412732881609312,0.11194047787634442
6706,0.10498588146003818,0.12116278546026416
6707,0.09754740764279513,0.11545570962744689
6708,-0.5591388728163416,0.1227747691593406
6709,-0.7926560382367565,0.10857509799463982
6710,0.11190839095000227,0.11535234083078771
6711,0.12214514949145783,0.11302816330374488
6712,0.11685856151625829,0.10561932158970544
6713,0.11314372006313178,0.13135910350875002
6714,0.12704526230063107,0.1120316243849453
6715,0.112575763194112,0.11172597931437744
6716,0.10827622917158353,0.1207694723898618
6717,0.11751061175196242,0.10727391606166403
6718,0.08783876407265412,0.1133217813103562
6719,0.12120449576819436,0.12969290964843272
6720,0.11173499999163083,0.11741450975975365
6721,0.10472975603217605,0.11180453875521024
6722,0.10033703244737158,0.10693359882002218
6723,-0.5048451701529324,0.11954601394903808
6724,0.09156039653802872,0.0878388700529722
6725,0.1222439670612625,0.10771631136161819
6726,0.11129787332876484,0.09767264699364775
6727,0.10495114193592148,0.10759518887168906
6728,0.11986475241349637,0.09852553804530961
6729,0.1132084301311389,0.11909682025236323
6730,0.10796000167311925,0.1169945447535139
6731,0.08887001689393292,0.09311228230224922
6732,0.1145996260119031,0.11512869900445577
6733,0.11512233548846695,0.1143141328603503
6734,0.1238978558924464,0.13065086644161394
6735,0.1077985227658973,-0.6061679570888268
6736,0.11882691670477419,0.12786666272502734
6737,0.11715432691628358,0.11461391013362232
6738,0.12011527588345094,0.11915551988245343
6739,0.12044602771426716,0.11747100380473263
6740,0.11499756505174674,0.12768185760534978
6741,0.13998941437235923,0.1010766295498593
6742,0.11725033363004655,0.11409783097396886
6743,0.11625980482209597,0.1363351962925683
6744,-0.5574567808584833,0.12008717422570236
6745,0.11069849670374543,0.11698707643696804
6746,0.11126850351531048,0.10378433299670076
6747,0.11085823713995313,0.11514480579996844
6748,0.12714007156590545,0.08666439662190561
6749,0.08732430325804152,0.09736117540735933
6750,0.10655178796573916,0.0885834587337937
6751,0.12080004695804081,0.10256318646695939
6752,0.11648241276811233,0.11054541059043688
6753,0.10970709330102468,0.10062533230460735
6754,0.11468819316220835,0.11343548585039342
6755,0.11516209231026031,0.10465561696957959
6756,0.1344851383620962,0.12645572919280568
6757,0.10819785146281813,0.13407732344423406
6758,0.11169486405227325,-0.598512354989724
6759,0.12268323320866603,0.11171756073169004
6760,0.11452493455130242,0.09972942538710727
6761,0.12154066602592173,0.11766841180962673
6762,0.13453499465215835,0.11106916377169518
6763,0.11128670472168634,0.0951223471331939
6764,0.10295141431879107,0.11339097509875384
6765,0.1254133979203096,0.11275154893226502
6766,0.10760232630902422,0.1178315708663622
6767,0.11929009097608523,0.11961182749166088
6768,0.10880929394025673,0.11713911728671711
6769,0.10558269659139707,-0.4467309983042741
6770,0.10515954593912835,0.13437841726614908
6771,0.09673836723088436,0.10121822961966598
6772,0.12674381670393786,0.10637660600011811
6773,0.11357542577478585,0.11208010573563465
6774,0.10789628124343742,0.09445259279044249
6775,0.1205788166442403,0.13318115485140591
6776,0.11901859107883239,0.109524714432637
6777,0.09629416497411825,0.09958602243967607
6778,0.12010300052600087,0.12352518035487514
6779,0.11417934898200577,0.09308074105432484
6780,0.1054006636528515,0.11508381063222406
6781,0.11796940800873768,0.11784755408389813
6782,0.09997190854249194,0.12003885124087654
6783,0.12268458152866457,0.11329092892356529
6784,0.11702655576619958,0.10517762893102267
6785,0.10523189084188256,0.1328503462611521
6786,0.09319133408847269,0.0929476322961631
6787,0.11475825270141016,0.10403365270671916
6788,0.1018854961306026,0.11922834207030752
6789,0.0948093504266474,0.1165877224240015
6790,0.12125682664730797,0.11903367912548313
6791,0.10108065116281306,0.11768066630735108
6792,0.1086498964690974,0.10280904979273875
6793,0.1087953644408981,-0.6599971139400596
6794,0.1025660810842135,0.1122005050146706
6795,0.09670844823441227,0.11047837895027901
6796,0.11738310023793752,0.12322482248332078
6797,0.11583501621048975,0.11077553068589863
6798,0.10625936281276238,0.11836272769062961
6799,0.10650822223805623,0.11312269363447247
6800,0.09654450538751136,0.11105559929001729
6801,0.112587348250478,0.11814297772574323
6802,0.10338127859985513,0.09674715846810189
6803,0.11387351902262077,0.1015154416308961
6804,0.09836901267084386,0.10171699262397449
6805,0.11504615519551442,0.12006309866510256
6806,0.10821071089319245,0.10151373033118238
6807,0.1095884397203819,0.10319418209161335
6808,0.12028675295066704,0.10987419141596444
6809,0.10427763121895905,0.11154797969188879
6810,0.11927480659343814,0.12223489322038139
6811,0.1327114689399327,0.111444779813481
6812,0.1161450099625625,0.10107385457687035
6813,0.13718819565432594,0.09153084856443394
6814,0.12596331288872542,0.10278277005759495
6815,0.1001337181482802,0.11745456870251969
6816,-0.6387002015628526,0.0890431662486264
6817,0.10657025753187033,0.11426651592116266
6818,0.10495961822879107,0.10489920815561393
6819,0.11744754474915675,-0.45890395712073506
6820,0.09803569912987697,0.12191193965647673
6821,0.1192172966154934,0.12596035284824403
6822,0.12766840886686848,-0.6414643134466129
6823,0.12249003971807593,0.10642590214696157
6824,0.09953305875004559,0.10773727751329676
6825,0.10285349408498679,0.11723905961731851
6826,0.11143042443471507,0.1156578600714826
6827,0.09287092533277552,0.1276544552048029
6828,0.11809582133593666,0.10834349030069745
6829,0.088599562951309,0.1140243962868126
6830,0.09551531472241792,0.08978315380553337
6831,0.11305802196755566,0.1104989628036459
6832,0.1081774577030048,0.11309585464432503
6833,0.11145494399471079,0.11599026514915334
6834,0.11796000962505704,0.09694728996353064
6835,0.11027309032260546,0.10041999255174194
6836,0.11245317319288883,0.10077941612987695
6837,-0.6432384366202581,0.11696461796514712
6838,0.11844025246998857,0.11639334457062933
6839,0.10231506139935331,0.12070177872151433
6840,0.11552874419400516,0.10817118322601993
6841,0.11787992475566944,0.13264817769293002
6842,0.10610073968870815,0.11469717786566447
6843,0.12735081351682287,0.12041020306900796
6844,0.09028407698169882,0.13201761478572904
6845,0.1207650880026927,0.12141368754943871
6846,0.10707717563076447,0.12391615403167333
6847,0.11873212208290251,0.10055795020353786
6848,0.1048107666191993,0.11249607273782991
6849,0.10157809161248332,0.10048159883358632
6850,0.11558915389869062,0.10532203332545209
6851,0.09570261801825852,0.09884515956847295
6852,0.1152574160597426,0.09620180665804612
6853,0.10585034997005494,0.13133610724751899
6854,0.10022633180089491,0.11990659988074093
6855,0.09434535458538007,0.11128534904924825
6856,0.09670598614812298,0.11322738157683454
6857,0.11533924305718535,-0.4674355498144326
6858,0.10380527121961136,0.11706574932815239
6859,0.10316027784200221,0.10006947741738514
6860,0.11903343801918376,0.11347745110144514
6861,0.11531413790964606,0.10719690531917547
6862,0.08989628011543105,0.11665865578322987
6863,0.11535074016851099,0.11620577073853355
6864,0.10922560902424738,0.1080400026281787
6865,0.12208470083830347,0.10632792545484215
6866,0.11485611863361611,0.10065444330636075
6867,0.09453930324890547,0.10266859752091784
6868,0.10288592488154902,0.11125547462190366
6869,0.08516259206357946,-0.6422505658486963
6870,0.10369913108714512,0.11258839515298935
6871,0.10957563760386368,0.11430209529318547
6872,0.09271654099260007,0.10195491846683669
6873,0.1053851003275037,0.10965164639010783
6874,0.10975824301570336,0.13126697548706567
6875,0.12146340166370462,0.10513795440296425
6876,-0.6335935455098638,0.10930250484502624
6877,0.11992662345973604,0.10859346951691728
6878,0.11951827419964145,0.11433010677594879
6879,0.11039682665354844,-0.48505509468941943
6880,0.11746271239516681,-0.4861704374985051
6881,0.12095506812392753,0.10069686408157952
6882,0.10766527257733904,0.09534078002454693
6883,0.10998612268711816,0.09447162669427911
6884,-0.5195160426657717,0.12522988340789665
6885,0.11619567363482042,0.10868686158944207
6886,0.08712268140878643,0.10757744423813476
6887,0.10883464584858116,0.11424725955688175
6888,0.11207053685047352,0.1114125198966216
6889,0.115458955910269,0.11882946039898634
6890,0.10293978927365699,0.09852241104062553
6891,0.10675280891562622,0.14226068094521716
6892,0.11414937986458384,0.09866012224294618
6893,0.1299650333366833,0.11764266321293193
6894,0.12244665159236212,0.1112057516397591
6895,0.11098144494904738,0.1322999898878956
6896,0.09801769189382514,0.10883010427772977
6897,0.10851378226184805,0.09594613014747067
6898,0.10295632397613264,0.11407883492617144
6899,0.11644743785391798,0.11105549161491313
6900,0.12465477410530412,0.11994419425163749
6901,0.10646828565199318,0.11822941481034377
6902,0.08702268570606186,0.12612841941639763
6903,0.10151844797586862,0.12801642357484622
6904,0.10787388512041218,0.09736361597131715
6905,0.12060482281147089,0.13796133417207157
6906,0.11455442196726429,0.11946833705130655
6907,0.10296784562377792,0.09421404033668201
6908,0.12204462777054181,0.10932494548797922
6909,0.10793439651133108,-0.4268367911548182
6910,0.0980500222460916,0.12210407913427312
6911,0.12124007967950745,0.09682090161699719
6912,0.1042116119419012,0.10931018987838503
6913,0.1079586850290275,0.10637132711658959
6914,0.10987817990131132,0.11311231317828563
6915,-0.743369753684938,-0.5895563517845714
6916,0.1272657287526242,0.08495107377949984
6917,0.11493810138105709,0.11854184681772373
6918,0.1191839736291136,0.10872102679130635
6919,0.09573430470253941,0.09065389515065903
6920,0.10398726717361395,0.11450539994606368
6921,0.09275829238135858,0.10495145960768792
6922,0.10669189702233717,0.12062203895010337
6923,0.11506185843714412,0.10286898324223182
6924,0.1121924712931166,0.11561411405211475
6925,0.11449893572339875,0.10520943804078131
6926,0.1093431778366154,0.09729938721461884
6927,0.12432424540059372,0.11937551690796577
6928,0.11519931644471049,0.11550843544222822
6929,0.1192413084590156,0.11769047812537448
6930,0.10548981472958419,0.11114282211037185
6931,0.11053756764386113,0.12211380321402987
6932,0.09307211386624714,0.10748372504101589
6933,0.12203682845595476,0.11469003379466569
6934,0.10470111103430901,0.0992195102647262
6935,0.11538735574818615,0.1101756586990501
6936,0.12645314509786254,-0.4624569979277833
6937,0.12095436338095689,0.11018684387611755
6938,0.09187281492505162,0.1166943341512705
6939,0.12357315994431795,0.11067491979500632
6940,0.09340139379265544,-0.6279642391337183
6941,0.11213911236674257,0.10405872255644555
6942,0.12247201017529297,0.0973800781767904
6943,0.1129431006306243,0.09144757023741934
6944,0.11127816479704422,0.10479340233239687
6945,0.12025020483366577,0.14007553556925445
6946,0.111222915006433,0.12073963035023882
6947,0.07991460059326472,0.09032889016597756
6948,0.1148391898447747,0.1050888845188771
6949,0.10970913826415218,0.12319839517795028
6950,0.09676745429568534,0.10205779781365476
6951,0.12481204519547862,0.10713368890874087
6952,0.10497359273833484,0.1168458306712894
6953,0.10785998164428512,0.11857120591171544
6954,0.11559268228091968,0.12477909364332818
6955,0.10478745269653245,0.10321961007390135
6956,0.1216027076894497,0.10622018068186412
6957,0.11788826582739276,0.14090314649209557
6958,0.13966791956386726,0.1194960261116409
6959,0.10877101624233498,0.11386156206190723
6960,0.12373479640373142,0.13230186232818753
6961,0.11489658748951026,0.09347690047842261
6962,0.10357922107558348,0.10805578946339645
6963,0.10937500607026918,0.10426390932797913
6964,-0.4718504317351936,0.11438130821376902
6965,0.13695393969678915,0.11474358185458944
6966,0.1117725037869286,0.09550317329477065
6967,0.12760187037963666,0.10210983136773821
6968,0.09291571200387039,0.08869877134107318
6969,0.12204801348592875,0.11680821166070743
6970,0.10484861956979463,0.11255924201465883
6971,0.10992204998917088,0.11432690626351016
6972,0.1259042656616629,-0.5968637798378449
6973,0.11718011541862183,0.08776399804226198
6974,0.11885390774354931,0.11733736452889776
6975,0.11611629375639176,0.11565563520521138
6976,0.11805550726095526,0.10276424928440298
6977,0.09739112288125229,0.12445488871841937
6978,0.1061690127344197,0.12165076734120062
6979,0.10174397658045575,0.10776891473798611
6980,0.1059862135598093,0.10602464077165008
6981,0.10362943962590276,0.11613212580636212
6982,0.11304759114500218,0.12645496577114912
6983,0.09661880137828427,0.1289564397529861
6984,-0.48666225854172596,0.11884552504407342
6985,0.12774987740822508,0.11094917090571133
6986,-0.25613613388870726,0.11114554226374396
6987,0.10808020072003388,0.12453526345357147
6988,0.12359804715055356,0.11066423614583676
6989,0.09477445718384159,0.1152867003531699
6990,0.12822851790594147,0.10113701743208381
6991,0.12062744075447096,0.1135859584191099
6992,0.12344018103291465,-0.30946976413313
6993,0.11442877107568172,0.12858754484097457
6994,0.0973912619740025,0.1008204514161366
6995,0.10960997830670993,0.1253951074234516
6996,0.12415309565651889,0.11661573483906174
6997,0.11024666336074307,0.11489208566494802
6998,0.11939118321210485,0.10527921078987612
6999,0.11718987257986058,0.1230393151912601
7000,0.09388393645558701,0.11948675134870279
7001,0.11940122880472859,0.10660668378152338
7002,0.10719913536235737,0.12691599212718274
7003,0.10725177033757771,0.1173889901296965
7004,0.10583043437075057,0.12989698409572004
7005,0.1060293647022128,0.1261665757591508
7006,0.10301517049563724,0.11362446042164143
7007,0.10848483223887784,0.10692266959963481
7008,0.11372054473065152,0.10467714622902258
7009,0.1383421182068647,0.1018237214340878
7010,0.12530433339296576,0.12097660337302574
7011,0.12611955624324134,0.1258260036327321
7012,0.11373800361139841,0.11567720895743583
7013,0.1177039891062921,0.09983052586383745
7014,0.10707870464780744,0.10379801081142359
7015,0.09623050679656298,0.09461125911479695
7016,0.11621036791775174,0.09562595188508194
7017,0.11160242144418664,0.12762302163517525
7018,0.11741899605879991,0.09490197960373759
7019,0.10638025327365086,0.10053236372388397
7020,0.11579378486542247,0.11189492619406538
7021,0.10516633683833265,0.11758608913072766
7022,0.12786233462466146,0.13169132422959828
7023,0.11407188071617713,0.09980990417334978
7024,0.11134610701192438,0.11478090845762368
7025,0.11464505627774546,0.09924219519119748
7026,0.09523062738134769,0.1145166421044097
7027,0.11999575077495095,0.09782456200400502
7028,0.11917641762871822,0.11686278220961244
7029,0.11067136843620817,0.1195761155292352
7030,0.09886735646723688,0.09653461867075563
7031,0.10047748573315474,0.11690097862779347
7032,0.11580122220086464,0.10484773124468094
7033,0.09424658072336456,0.12278436166123763
7034,0.10352716119245642,0.11897987935596266
7035,-0.5653848109611933,0.11699821778628183
7036,0.10410512786685588,0.12370515935387005
7037,0.1295583553533699,0.10327866116339468
7038,0.13147789832207613,0.10538185432603608
7039,-0.6047895546576886,0.09558882968466653
7040,0.1092840014107852,0.11457997531816866
7041,0.12664653324428432,0.1268960018065366
7042,0.12224772041633614,0.10492017214058125
7043,0.11254910393391526,0.11066827828264114
7044,0.11142737667562619,0.11368125344835889
7045,0.08138977522060875,0.1128679764834446
7046,0.10984062446561271,0.11412002919526487
7047,0.1129831753264201,0.11050557427681307
7048,0.10948184047004639,0.09689801882624827
7049,0.11791570481853353,0.12180063310323375
7050,0.12366072194930533,0.10156345082783336
7051,-0.38772401308343096,0.12194718100122315
7052,0.10623742276043635,0.10934921273574716
7053,0.11041477545038636,0.11338399647663588
7054,0.11225306394023793,0.11558082608184406
7055,0.10695681377100241,0.1050842514540915
7056,0.11888631538596317,0.0913328045005053
7057,0.09775738236661224,0.10900683293079871
7058,0.10916822861750974,0.11053378383910095
7059,0.10742254819196262,0.11473303677599
7060,0.11862909624354745,0.1035589842374085
7061,0.10149790818028093,0.1210185265338255
7062,-0.6555139563941486,0.11697941514366694
7063,0.09469208913059934,0.12011642849377102
7064,0.11537916059833608,0.11644876394899506
7065,0.12131697702815192,0.09650349947005177
7066,0.09955018977333197,0.10775796055688347
7067,0.10402881131490216,0.11291851067466263
7068,0.10912017471854996,0.08549829559369981
7069,0.10146526843278036,0.09132470976807716
7070,0.11854915994268311,-0.3316642725110598
7071,0.11574722231981482,0.11341896525866835
7072,0.12797933785530824,0.11255022211900734
7073,0.09431475169962189,0.10065052882999126
7074,0.10211461789679444,0.10122392199180497
7075,0.09842615946147304,0.12193151422313919
7076,0.0986753648799179,0.13138959028541652
7077,0.1261657510117853,0.09481040028255405
7078,0.12735502478500416,0.11070440663519321
7079,0.11517293844109533,0.12729164333964005
7080,0.09858427181000051,0.10624388926654804
7081,0.12313679967733648,0.10073700977116307
7082,0.08868093938936372,0.10284862302559472
7083,-0.5297337376844946,0.10658462401401425
7084,0.11650219911225967,0.10632037045588882
7085,0.1113156392767749,0.10767841480249651
7086,0.10147949510396215,0.10007759132056493
7087,0.11718383192636739,0.10147502632276262
7088,0.10389640908758024,0.11583388997334043
7089,0.11483905817414719,0.11276974559381814
7090,0.116292178128522,0.11478562412577675
7091,0.09815717922255818,0.12456915164343751
7092,0.12236868248764021,0.11581508226545112
7093,0.10169050458496098,0.11003805190503746
7094,0.10696876310857473,0.09397547727805677
7095,0.10218978632256959,0.12318218309467688
7096,0.12710873414289603,0.11380575408884153
7097,0.0859748160124385,0.11346879381105524
7098,0.10113226383761087,0.1341263321978945
7099,0.09106981361076683,0.12758102115870829
7100,0.1026937078949608,0.10968217308718264
7101,0.11411936210912588,0.11434000703184655
7102,0.12576384717149747,0.10883422772675422
7103,0.10079944239565286,0.1268328996497945
7104,0.11256902312015105,0.12910891143688463
7105,0.11308611509857491,0.10156976325326439
7106,0.11517198183619182,0.12500989895457493
7107,0.1003126981605329,0.11539028307911803
7108,0.11239838503521349,0.09786849450929314
7109,0.11857120086396633,-0.46482056237280944
7110,0.09665010665704643,0.11178458943018232
7111,0.10175565932468333,0.12034403195731702
7112,0.10411839473023554,0.09364737908656884
7113,0.12064913333757654,0.11220779652353663
7114,0.1235993417064507,0.11818416404696208
7115,0.11841557961917104,0.12012185661039387
7116,0.10514385578881402,0.092100385397055
7117,0.11342312712174563,0.10296966060345714
7118,-0.6055134367103261,0.11889138452971104
7119,0.10918012479700434,-0.4573764691419726
7120,0.11242379366566646,0.11987948438926654
7121,0.11421208603865485,0.0827357429143254
7122,0.10403829643649187,0.11355953471122127
7123,0.12086063942636915,0.12457191761313302
7124,0.11104423001204045,0.10258050051001266
7125,0.11401092278202873,0.10137818412068045
7126,0.13991582219504295,0.10431527704336063
7127,0.12219985535408084,0.10856729506397111
7128,0.10135235239033036,0.11558309659947597
7129,0.10359211592075779,0.097317114756446
7130,0.09601035618065867,0.12048012179460299
7131,0.1102367939610156,0.09498442109112881
7132,0.12597585260997435,0.12283913319189343
7133,0.10936460074333221,0.12130221734920554
7134,0.09467868981096306,0.11949855713889446
7135,0.12111370823458167,0.11023357473789974
7136,0.11807517703704717,0.10462355302352488
7137,0.12089068437703432,0.1070831460274535
7138,0.1081482069303763,0.09484546735745192
7139,-0.6372737195327829,0.12738556794592082
7140,0.11055857782589529,0.12302606777640013
7141,0.09248083415344288,0.11344537816729905
7142,0.12934616483363048,-0.5742442852837036
7143,0.09606089144866137,0.11844662848227161
7144,-0.46036179574812996,0.10636000072858653
7145,0.12595058591229558,0.10837474797748392
7146,0.10987946513287006,0.10998513048537317
7147,0.11799130965389626,0.10687845337498292
7148,0.11014558991213219,0.0981078915387883
7149,0.11383207760025793,0.11833504091465707
7150,0.11387312029947028,0.11031242888390147
7151,0.1263753933983116,0.11668900526484505
7152,0.1039798629934714,0.11412072950112684
7153,0.09040397404336753,0.11660618502173059
7154,0.1133976138807391,0.09855501509595976
7155,0.11084123019901981,0.11883276675644305
7156,0.1140421692168645,0.1275689289751083
7157,0.13006778811176467,0.09443227384724029
7158,0.10709442399797453,0.09531668199698773
7159,0.13000415857468872,0.11559122212610218
7160,0.10305381470975195,0.11291744943106208
7161,0.11082381668990804,0.11160570549262294
7162,0.1094690210514444,0.10352321346854265
7163,0.08893019290170412,0.11800723295536408
7164,0.1179128170457513,0.10703184062885596
7165,0.12497093502691992,-0.49591329243682725
7166,0.09076957767979477,0.10482014189948097
7167,0.10911361164592148,0.11084468399432335
7168,0.11513891864836823,0.12766734298924143
7169,0.10769453576278853,0.10658422813172153
7170,0.09861988368227315,0.12460833239759328
7171,0.10640333265109936,0.12425734860119042
7172,0.10989366806038436,0.11903741678595714
7173,0.11718393216960377,0.10773751855730129
7174,0.10496578225481712,0.10644483668748261
7175,0.11060602906085171,-0.7097885427962792
7176,0.10542699319589333,0.12185490417086342
7177,0.12221017639511333,0.11063523383050189
7178,0.11299448108231092,0.09889805321537315
7179,0.11726971776616946,0.10377117623511878
7180,0.11651507563653052,0.1371630393826906
7181,0.09973908322740899,0.11083638406513319
7182,0.13076878858913288,0.11007938156810027
7183,-0.7197209178601623,0.11316971748362437
7184,-0.5528600183634305,0.09677977934411852
7185,-0.5916261085220328,0.12284453167447151
7186,-0.45724973672577307,0.13127941991622483
7187,0.11061132885194724,0.1209617470095743
7188,0.10841452950155639,0.10316632705863316
7189,0.10682508722432016,0.11912168085138375
7190,0.12286779289651006,0.1130802508786044
7191,0.12005453002764077,0.12384223763124358
7192,0.11087464310920381,0.08638463687112674
7193,0.11619630978281559,0.1312342236805497
7194,0.10574816317199609,-0.5292211632088344
7195,-0.6704627012472628,0.10655184539290707
7196,0.11376086748375824,0.10087174081920391
7197,0.11025083307369621,0.1154472485227589
7198,0.12621082914730808,0.11741975873998789
7199,0.11784557032908705,0.10569800966156029
7200,0.08678418175797131,0.12141761268625495
7201,0.13166456167578588,0.11339910949965226
7202,0.11543308717407674,0.11374741943319311
7203,0.12732334111059607,0.1120855700969765
7204,0.11812729842961267,0.0990688825411743
7205,0.11696167981741978,0.11670191548620923
7206,0.10420725780024442,0.11821198101576202
7207,0.11619810679939291,0.10840360285805706
7208,0.11850432076376394,0.1137743518600347
7209,0.11116578147482215,0.14618229695341234
7210,0.09527114119226066,0.1267686234531784
7211,0.1283055681458498,0.1104016969245829
7212,0.10553996039459035,0.142206619286122
7213,0.1012372484496582,0.11073670117441536
7214,0.09912275382307434,0.11572710150916743
7215,0.09962921174909045,0.10374714356328663
7216,0.13023678835993135,0.1245934665179469
7217,0.13411667391249527,0.12667955332136316
7218,0.11902690076328093,0.11564870736207822
7219,0.0994841300250009,0.12779287808868856
7220,0.0809625976256867,0.13482672936966167
7221,0.11573949932971583,-0.49711032103229547
7222,0.10417868033254774,0.10841531332767351
7223,0.12508909211797903,0.10010580397572966
7224,0.12035074066620255,0.10562840869551016
7225,0.12754908073084303,0.09853008128668761
7226,0.13112385021671114,0.10569726265905266
7227,0.1123056425422655,0.11520054656390166
7228,0.10691678264452009,0.10560671793441179
7229,0.12794563925566194,0.11041150638809416
7230,-0.7134559181793323,0.11505268689169768
7231,0.11849214334141411,0.11925130117212235
7232,0.126212492256341,0.1086191587925931
7233,0.10158634220151286,0.10973053683408818
7234,0.11853439329078475,0.11689734799767715
7235,0.0903233560403871,0.09517830504113767
7236,0.11245343657816864,0.1124335529560645
7237,0.0935461001920792,0.10683080439066561
7238,0.1165044684170855,0.12338491057903034
7239,0.09826463900464022,-0.5714912237612237
7240,0.11687655353870818,0.12540008528918611
7241,0.11804098165541843,0.12749098963391603
7242,0.11741689426044766,-0.49987604336245794
7243,0.10984447795444852,0.09774515503577397
7244,0.10886607424886985,0.09947267154516681
7245,0.12143570732116671,0.1164368589220901
7246,0.09637569204728269,0.11461530891660754
7247,0.10243284117404428,0.11915304303709662
7248,0.1024379656820249,0.10867189066718774
7249,0.10134242018617456,0.11288828383779559
7250,0.12680268287103447,0.12489156422146319
7251,0.10526784490352759,0.11010972417460185
7252,0.13275362327025308,0.09655762066518436
7253,0.09710102066505222,0.11412037034993339
7254,0.10470685633574472,0.08954154841292805
7255,0.10044618503106628,0.11751815981656732
7256,0.11892244710811317,0.11362609986116823
7257,0.11340192181222375,0.09956743179873961
7258,0.11637257182426874,0.10955945680108803
7259,0.12310694241191134,0.12427210361588825
7260,0.11285003786730319,0.12623467486938522
7261,0.11934678105933005,0.09462047337397594
7262,0.10934067145725135,0.11779005316420843
7263,0.10868707430408575,0.09786825008303301
7264,0.09727647527413907,0.1335890824903314
7265,0.10639843990194597,0.12198161584568812
7266,0.11328869763819727,0.11151452132903272
7267,0.11468546396833235,0.11558298257984179
7268,0.10798824824014486,0.11971995875176411
7269,-0.7116497270301047,0.11732657120450374
7270,0.1305280780653113,0.09232868032672248
7271,-0.6126121580321793,0.12569993859796247
7272,0.10854738512328388,0.10293650723646786
7273,0.11432364970029929,0.10447484935995521
7274,0.11934178177669508,0.1063123295493773
7275,0.09718784636535349,0.10397713986500756
7276,0.12071553739243224,0.10999645850370499
7277,0.12509845880822779,0.10973103933316963
7278,0.11905092223391156,0.11011417799282675
7279,0.1128217571267709,0.10961277471928876
7280,0.09822361003506308,0.1080520513000367
7281,0.11744234116412544,0.1345196566712623
7282,0.13687360513175806,0.1032246436893689
7283,0.11027711508169658,-0.7769004631920441
7284,0.11780352822330786,0.1013585277540594
7285,0.09775849916493917,0.09862979480500544
7286,0.1270802884069262,0.10690999377816834
7287,0.11158751115444843,0.11374948458259215
7288,0.1099833056578543,0.08468979164971246
7289,0.09751642169442687,0.11383904771535036
7290,0.12659804010524778,0.10291174292452188
7291,0.11628020691634844,0.09245371199064034
7292,0.09207017496374803,0.11570054488117809
7293,0.10870175747849653,0.10098904635029071
7294,0.11202766231043237,-0.6037972134923403
7295,0.11697882432589912,0.11909015480458729
7296,0.09203440192740464,-0.546228258767864
7297,-0.520677728155653,0.10232024980704058
7298,0.11108331771243263,0.12731885872194537
7299,0.11634867252785286,0.10774812313325755
7300,0.1259472796436525,-0.5835196318306478
7301,0.09896763784080842,0.1054714454305874
7302,0.103232563887655,0.0943216647545908
7303,0.13284898068328488,0.10840771541616423
7304,0.11028150093355138,0.12174278409591266
7305,0.09760694032616768,0.10643745962039741
7306,-0.503323627431671,0.11448683943884408
7307,0.09918767853969923,0.10917066882650861
7308,0.12178895545111712,0.10607936519572458
7309,0.1024585362807473,0.11281513894825879
7310,0.10942051573565825,0.11903304040471197
7311,0.11328209786927723,0.10825800449794398
7312,0.09562004609722718,0.12378298108650054
7313,0.11455076189279723,0.10300079226271763
7314,0.10540890171196726,0.10307669992177582
7315,0.10263168679251766,-0.7101008097038642
7316,0.12587371209945464,0.11981823740607367
7317,0.11937044481143055,0.12273548423954472
7318,0.1167792111961723,0.13011407109539075
7319,0.11394359948901522,0.10800101941086182
7320,0.10709266543877494,0.09677845086691517
7321,0.12891794355300257,0.09378721807924428
7322,0.12005974670075537,0.1201561452086799
7323,0.10028751583292239,0.11572042644280978
7324,0.10654048665523463,0.10101425071572812
7325,0.13203093525173304,0.1248571715622222
7326,0.11769404171163256,0.11556107279555916
7327,-0.570193484499957,0.11695313576865574
7328,0.13002294525324287,0.1140163065038049
7329,0.11734169754324242,0.11628304508061604
7330,0.10497436164727003,0.11284728138565558
7331,0.13200963974793423,0.10508439276047254
7332,0.12487725138860939,0.11173202461951925
7333,0.10762396714806632,0.11837573357417575
7334,-0.36774681253473374,0.13347396064537875
7335,0.13491214471028412,0.09506923093865649
7336,0.1255688074845167,0.1247722982778654
7337,0.10148543114723485,0.11430433731220457
7338,0.11422391355521189,0.1220874159526597
7339,0.11539544438738147,0.1170541409306527
7340,0.12275149186161194,0.09270683466016516
7341,0.10499316313128504,0.11790829032794514
7342,0.1025169640700172,0.10467166194128752
7343,0.11547806381122627,0.11120195786171139
7344,0.11044864696669587,0.11022061670764915
7345,0.11350018859282085,0.08675663557453617
7346,0.1104297417076936,0.11819308950322971
7347,0.11382893129410898,-0.6760203619303777
7348,0.10565715770575279,0.11590675967693209
7349,0.12005887928549441,0.12005457652797613
7350,0.09624545652833749,0.10377152871753914
7351,0.10792467716870147,0.10383969485114886
7352,0.10808888305075226,0.0958536967168313
7353,0.11095130350751203,0.10778849283182113
7354,0.12049489986723838,0.10993507619061171
7355,0.1250069678060084,0.1068824560044761
7356,0.12190755021953747,0.11712978014144992
7357,0.11933968359407165,0.10586276998345001
7358,0.11988384583716338,0.10821895335495757
7359,0.11221825826728526,0.08376654752582557
7360,0.12612793999387883,0.10887289450298265
7361,0.12327414300277417,0.10673714060587636
7362,0.08991418421151631,0.12700465950814066
7363,0.1148913551849835,0.10403643312845512
7364,0.1279207404563305,0.09614607396436581
7365,0.12499301381212113,0.12342558802911463
7366,0.12459002981569256,-0.5079869111842568
7367,0.11982842131252602,0.12198359993976027
7368,0.12441239957355066,0.10613831523292938
7369,0.1027768338299655,0.10141627899430472
7370,0.10209596968680446,0.1115491730528364
7371,0.13066582904691182,0.10693162172494097
7372,0.12452208214074978,0.11683825490671951
7373,0.10172504162317364,0.1112266405921456
7374,0.10975825481683166,0.1273024428707903
7375,0.11958230494586264,0.12520309685583086
7376,0.10525885116910105,0.10760739581633172
7377,0.12887954512556687,0.11166205260917517
7378,0.10356515944179523,0.10054595619537698
7379,0.10772008248548204,0.12566945451466038
7380,0.12355631453011973,0.11222303151730473
7381,0.10443670726084298,0.11285373862953607
7382,0.13080230121100533,-0.4759220940374974
7383,0.10956497259842557,0.10405826150540753
7384,0.12993698387219288,0.1048060487107847
7385,0.10385062638028231,0.11084635547902955
7386,0.13394667099040802,0.10644061738753918
7387,0.13680864457583852,0.11768146856049722
7388,0.10874772216850137,0.10714787167726669
7389,0.11682119160930626,0.10010676437199084
7390,0.08900986598115157,0.11049022044109469
7391,0.09295607397593386,0.11491477191179911
7392,-0.6493021612870497,0.1261212427407965
7393,0.11369822440517363,0.12176052385969638
7394,0.1291483966264153,0.11490253151662944
7395,0.09908965948172632,0.12999110998970398
7396,0.11746470711198365,0.12676466960677657
7397,0.11907744113694352,0.10965950681267511
7398,0.11464843172117356,-0.6013917958127628
7399,0.12691758061769054,0.10003087378405717
7400,0.10590131135657765,0.10814971311631427
7401,0.10034726981244302,0.1130452824588466
7402,0.111633930367256,0.12685793861422545
7403,0.10452106110131498,0.11359794858572947
7404,0.10378887328133235,0.12123810026314752
7405,0.11427885173458896,0.10943459929465793
7406,0.1129244681746624,0.10649532423791142
7407,0.09868957606791273,0.10402999134248825
7408,0.114726066791494,0.10651161253686459
7409,0.11242110035510655,0.10333347497154621
7410,0.12076433492812844,0.12393784713587119
7411,-0.442859374177208,-0.6003392719374624
7412,0.124587094269198,0.11822219948310164
7413,0.09609783564050178,0.09062695774204932
7414,0.11574648696774159,0.12260416567123555
7415,0.11777978410484402,-0.4484929202891734
7416,0.0955178141671067,0.11151691092968163
7417,0.09893707420738651,0.10117128079968096
7418,0.10507064980952885,0.11842066380271654
7419,0.11637468118189664,0.11855068191349982
7420,0.11829452381017536,0.12247028502741975
7421,0.13564389505343755,0.11701041833769255
7422,0.10579536660331135,0.11542966278596767
7423,0.12122989346757262,0.10297561721644244
7424,0.1080202064117759,0.11295117217265704
7425,0.110057577395416,0.12264632237810424
7426,0.11265007909636804,0.11222936530339833
7427,0.10638764021197189,0.10675886564922932
7428,0.11095851404438783,0.11500915246169408
7429,0.11739854188748122,0.10534290816146652
7430,0.13062566931783692,0.11624557209508768
7431,0.11871114194769872,-0.46936818469528263
7432,0.1244200266655433,0.12392131702616505
7433,0.10928400434555097,0.10343557732913311
7434,0.1298015817567293,0.0921675869964862
7435,0.13196440914336494,0.1019602532047299
7436,0.12149554804395213,0.0948139349640813
7437,0.11400254113639208,0.11452920695313962
7438,0.12999239570289012,0.10777115367494927
7439,0.10979227819753756,0.10877426017337788
7440,0.08819079423290455,0.11582195819635333
7441,0.10163777063792256,-0.43989176665652263
7442,0.10602705438329019,0.13950536076825637
7443,0.09793084856273171,0.10912641653547794
7444,0.1037363983696511,0.09762974433119664
7445,0.11749920412318948,0.12169539130380569
7446,0.10511576525519795,-0.4814284180474804
7447,0.10608119615588563,0.11365944536946504
7448,0.08083777072760845,0.11375096410589558
7449,0.10561056319950834,0.10577924935741412
7450,0.10004725380799218,0.10350586733069966
7451,0.10204697102038307,0.12163963970434244
7452,0.1204775351460099,0.10835963559225492
7453,0.11462389128831174,0.1285962127415725
7454,0.08410131076599803,0.10263727914079523
7455,0.09873455326274794,0.10552159847069165
7456,0.10387390770743132,0.111010290748772
7457,0.12041885153706233,0.10325037101337609
7458,0.10636674391830314,0.10984245475335785
7459,0.11337040428234624,0.10210088142845164
7460,0.10176962568889203,0.1266220103149851
7461,0.10088830075417876,0.11137122750056139
7462,0.11489723590523804,0.10641738857292782
7463,0.10403162964431067,0.10835775919164603
7464,0.09590365600044026,0.12043430211144557
7465,-0.426361221924317,-0.5175254840359639
7466,0.1187302690185652,-0.6482163169842088
7467,-0.6272678562013643,0.11369715801224989
7468,0.10334303545051315,0.12423797930242042
7469,0.13077688408790933,0.09949305873790282
7470,0.12877308705879997,0.11766681762266606
7471,0.12632180550186112,-0.5935067517162458
7472,0.09450810269333543,0.11784321127347974
7473,-0.5280436961609261,0.10588694588608782
7474,0.10693358382090756,0.11786661871660642
7475,0.1184526352340709,0.10995272992200134
7476,0.12124055491602137,-0.4050254018189028
7477,0.10375634918563681,0.10001319188356295
7478,0.11405485903528922,0.11484220918558785
7479,0.1062829250498909,0.11359813875314728
7480,0.11751066587513725,0.11584165896643817
7481,0.09046315327166377,0.10484159414646754
7482,0.10738342931943357,0.11297252620943166
7483,0.09715630603946135,0.12027180163322182
7484,0.12515500793482404,0.13404524181835287
7485,0.11240567311196381,0.11041558945142915
7486,0.11245377419358116,0.08442272223001956
7487,0.10560576979959979,0.1138317825241566
7488,0.11141937156197312,0.11230563856980336
7489,0.08465903136099118,-0.5513736618593188
7490,0.1079785469409229,0.10522101324197686
7491,0.11718657929451437,0.11016713401365785
7492,0.12366322544630615,0.1232756738220131
7493,-0.4553780812076964,0.08796332252216299
7494,0.11967743639445394,0.11387596403914091
7495,0.10219839464539615,0.11810973034142425
7496,0.11966982241855662,0.11588006050495436
7497,0.11144403720147378,0.10147929813743284
7498,0.12396154044346308,0.1039161870832761
7499,0.07168722747615885,0.11731705647050483
7500,0.11888569462220766,0.1235222311261226
7501,0.11926023890105664,0.09862764028898341
7502,0.11713916786033463,0.10346926162395365
7503,0.12450052742964779,0.10360172286741909
7504,0.12416374987221235,0.10642268716082581
7505,0.12860196540042623,0.09672805927656158
7506,0.10517441860337473,0.12332037360597536
7507,0.11726321246801041,0.12049934890464309
7508,0.10310375678291672,0.11301368024962133
7509,0.11630019924155977,0.1293817551087706
7510,0.08853569933820715,0.10013853785783966
7511,0.10671475305479694,0.10534894454355226
7512,0.10753606026100049,0.11219372400765804
7513,0.09799039420412803,0.128477776367246
7514,0.10358376221798893,0.10848981979401118
7515,0.115842990925356,0.12744546936039614
7516,0.11573214972971968,0.11930540635664277
7517,0.12775877747778375,0.10289986368667692
7518,0.11061109207038045,0.12126943466366646
7519,0.0993304033207123,0.12007968679534864
7520,0.10689854717260894,0.10182115500651179
7521,0.09805695189433195,0.12725789274609545
7522,0.11353543778085906,0.08312478967194092
7523,0.12066567830419461,0.09209846067559124
7524,0.11359007881584438,0.10616844635095002
7525,0.09409996347637928,0.10938816865821366
7526,0.1242997525569518,0.10711307903581901
7527,0.11356715317869637,0.1176477897020638
7528,0.11801650183367252,0.11400924585446615
7529,0.09998266874784423,0.10361855967239464
7530,0.1006672830951938,0.1314795308304788
7531,0.11527152759052961,-0.33648436294070727
7532,0.11422038873520113,0.11479235231652352
7533,0.12154143564833686,0.09569913692887466
7534,0.1232487565617757,0.10587592361082443
7535,0.1363313844487486,0.11749793860955204
7536,0.10960698265363145,0.10637970789988804
7537,0.12667100097421047,0.12608742661148842
7538,0.11239192122769004,0.1161433044883422
7539,0.10196803567827017,0.10912474232388547
7540,0.11418131823391198,0.12413213263385758
7541,0.10838008940767763,0.1260526042188912
7542,0.1255695599668165,0.12123691293951855
7543,0.09124238890819925,0.14721110186103248
7544,0.10625557001322217,0.11766090267848739
7545,0.11391511944765331,0.12110412327931575
7546,0.11247894465817398,0.10441005989886976
7547,0.10519812016335828,0.09820485567093584
7548,0.11316032705658552,-0.6220070488738865
7549,0.09302017460918144,0.12173283459394968
7550,0.11728158032425373,0.10444537088286321
7551,0.10996330591304493,0.09588285392993257
7552,0.11005324249713477,0.14092746959406632
7553,0.11052100243229157,0.10007668894565613
7554,0.10158011465362216,0.11247966508687712
7555,0.11849245733617808,0.12142238551987572
7556,0.12797709974939364,0.10969276987664545
7557,0.1216154451172351,0.1033408503658344
7558,0.10762511379437023,-0.6619365948529452
7559,0.11273229951481611,0.10629725643673393
7560,0.11614021467061586,0.12625301906602293
7561,0.09336339718238684,0.11469416657366671
7562,0.1072960359249322,0.11087178003053588
7563,0.10568967204524848,0.10232980949794435
7564,0.12175508533993362,0.12070520520788541
7565,-0.6424041194904362,0.13134483105795747
7566,0.10559999718522595,0.11048819932867193
7567,0.12266001875390731,0.11540832260772182
7568,0.13146095983913586,0.1206982721141221
7569,0.11489279255462659,0.12218962312802728
7570,0.10300525539022098,0.10066772583318317
7571,0.09522133951224365,0.10321031945305581
7572,-0.6586969913397699,0.09918842409975581
7573,0.14000425416363926,0.11863945038553281
7574,0.10186299284061051,0.13967340642573234
7575,0.10907444501613983,0.11497147541147013
7576,0.11931349432034621,0.1236963600408123
7577,0.11067586901478732,0.10407974853620283
7578,0.10152966622276627,0.11438414532386698
7579,0.12918835746243085,0.11014132255456244
7580,0.12244152102768835,0.1217344158464384
7581,0.11881387193681747,0.12198271724486753
7582,0.09749748606431208,0.10988177407193489
7583,0.1178603411078818,0.10575793902749564
7584,0.10764843298196425,0.12303006365727409
7585,0.11174177603459134,0.11825784296145492
7586,0.11201989628456821,0.11425171006630275
7587,0.11750125430820013,0.11479595721589897
7588,0.10975433586452676,0.09059748222525665
7589,0.134457210242934,0.0889319317227577
7590,0.08457186056304788,0.09161466989466893
7591,0.1390535084490827,0.10707934110600004
7592,0.08810154485180077,0.10266479923304406
7593,0.1134314053253398,0.11193376111250042
7594,0.12231730819407449,0.12855496041542325
7595,0.0985624057731429,0.12543382832847927
7596,0.12440718047770383,0.11198915120779174
7597,0.09643861318401603,0.11959358396455766
7598,0.11533755497133691,-0.8427009874637839
7599,0.09787013639615694,0.10409381819131536
7600,0.10192264681863161,-0.6278852317359678
7601,0.1132160943372853,0.10620594896147595
7602,0.12035272180693135,0.11472178011700618
7603,0.12358161452205185,0.12465798071170431
7604,0.12692109959460285,-0.6521487658714484
7605,0.11974687876167178,-0.486516618918576
7606,0.1148536786893335,0.1085815102395391
7607,0.10302982171645914,0.09506538815264198
7608,0.12713129203686946,0.11618648391376252
7609,0.10289922546151531,0.09648750314877086
7610,0.12814240385902997,0.11634238780266037
7611,0.10672374485985747,0.09569943251949087
7612,0.11858599361640332,0.0995547405588495
7613,0.09561871030441682,0.09543599904407052
7614,0.10866282004471794,0.1148544788798942
7615,0.08626273988999933,0.12864308374038558
7616,0.10246500195204389,0.11724974793959375
7617,0.1121949521069936,-0.6271032984648692
7618,0.12717424602486593,0.09202207721486788
7619,0.10830599841870003,0.1294682360918631
7620,0.11150099076783304,0.09528029739844746
7621,0.10816713341637918,0.10496178991549754
7622,0.10535209570640669,0.10537866953049191
7623,0.10939756537539314,0.11630647301609942
7624,0.12144708100714663,0.10384503418106483
7625,0.12085653159883947,0.11164225085015356
7626,0.11223083027708824,0.11877943041952999
7627,0.12104377316946735,0.10122692387520571
7628,0.10863097195176286,0.117999879056923
7629,-0.6484387362571746,0.12260013901577249
7630,0.13334769182163475,0.10927842387627251
7631,0.12843835485682598,0.11031458922327642
7632,0.10012347634177443,0.10693744007123884
7633,0.1108769075471987,0.11492467517610327
7634,0.1094344104914402,0.12240797289042882
7635,0.1357717047559086,0.11721122850614507
7636,0.11167297408667642,0.10387462143791382
7637,0.1030969542052742,0.11653672400289805
7638,0.10399023979200495,0.10010931137690582
7639,0.0958562221497179,0.0992427585131721
7640,0.12238775005912772,0.10568456635716084
7641,0.1290893666781905,0.12030624879275376
7642,0.10061979679917332,0.08271609968199889
7643,0.10585957413429914,0.11247524817952814
7644,0.12675901407894963,0.12253726626203454
7645,0.11575699488372249,0.11180904192612418
7646,0.1008063959737755,0.10067691517165844
7647,0.11116024547422954,0.12202458816167283
7648,0.1137633294646414,0.11332174846866683
7649,0.11208718166501108,0.10339200976713503
7650,0.10500522946860036,0.1294052139568136
7651,0.10678619465139128,0.1108563018320976
7652,0.10436807449765628,0.11600245265246656
7653,0.12355009175329479,0.10037630217403226
7654,0.13051193596252353,-0.644236021331334
7655,0.12961350487211587,0.1034086079065919
7656,0.11102922483998667,0.1254456810682596
7657,0.11644526214172801,0.10402945788019236
7658,0.12376805776196398,0.1055365982400247
7659,0.09543417760293615,0.11021921729462014
7660,0.11016333109812537,0.10628860493777714
7661,0.118657256447954,0.07974873374192137
7662,0.12286456585026895,0.10964553493544105
7663,0.13161067161352769,0.10643509240144233
7664,0.10704373194947281,0.11079520391369746
7665,0.10638684143788146,0.10915187501972579
7666,0.11703860222004225,0.11805048888136072
7667,0.11117818931775636,0.13371196929115658
7668,0.1071273343819441,-0.4718842934540318
7669,0.09396817312672257,0.09599710049004218
7670,0.11056165868097412,0.1051261680826352
7671,0.11616222508777363,0.1024247707374406
7672,0.1272644688828224,0.11694424665712444
7673,0.11107314246979305,0.10215755551858474
7674,0.11368622962092889,0.12626511024608056
7675,0.10053690432972529,0.12446080897110834
7676,0.10170772546935658,0.11419739343504531
7677,0.11211641227671376,0.10502143861576996
7678,0.09961652153668621,0.10580230818766378
7679,0.1255790378382431,0.11054796001878686
7680,0.11768446285303735,0.11682446154901216
7681,0.11041678195970528,0.12992938500798834
7682,0.09847096259242316,0.11106987797960377
7683,0.1231898255988706,0.08676479116639046
7684,0.13121359277721578,0.11391017661312208
7685,0.1137938748186802,0.12695020703076265
7686,0.1273293530789863,-0.45096748900474637
7687,0.10535466795321646,0.11961666281377736
7688,0.10825923090938305,0.12430407244832353
7689,0.12135420554982601,-0.719475623041923
7690,0.1277197431877275,0.11625017248532288
7691,0.12949570369739805,0.12455680330120655
7692,0.1073193043608478,0.11541646117761095
7693,0.10531471112672719,0.1284677827407883
7694,0.12712395864322423,0.1053154591266392
7695,-0.6522837228788999,0.10814175437227691
7696,0.10996182188623549,0.12583356250766897
7697,0.10738114142185884,0.12115059913940396
7698,0.1078283949905463,0.11503034354470953
7699,0.12512597272532422,0.11593786842250409
7700,0.11650451489866809,0.1216799377135982
7701,0.11537979116438812,0.11381873338734372
7702,0.11085533824787008,0.11124240681307795
7703,0.09097038875109442,0.11388257902690868
7704,0.13029417520486675,0.10860121179768756
7705,0.10455007650534065,0.09707399681081985
7706,0.10856511499515453,0.1077928080728221
7707,0.13165657418530374,0.11926302261749999
7708,0.12142557152395272,0.1286523620511264
7709,0.10637892337778054,0.11035590919921545
7710,0.09824269310620215,0.11446674763130815
7711,0.10469272463614487,0.1256521961593302
7712,0.11124800284518188,0.13237760740849014
7713,0.09712617567195392,0.11010911241522514
7714,0.11565101400294164,0.13188638633788785
7715,0.0896463334047215,0.1146584898309051
7716,0.12240713701687689,0.13011666676370703
7717,-0.45658816234127053,0.11925318401355667
7718,0.10805513108478348,0.11220964400095257
7719,0.10151338122520803,0.11177050039860803
7720,-0.585171900569948,0.10687047609790667
7721,0.11826446954399605,0.10348268592509857
7722,0.10201803356427752,0.09338267645172338
7723,0.10038249517414122,0.10851053455882576
7724,0.13159907596978182,0.10663799136139707
7725,0.10594703550925377,0.10933253187991876
7726,0.08636317810305205,0.10223138447640823
7727,0.12638831500344994,0.08800522892967733
7728,0.11399516833076584,0.1183692101121967
7729,0.11115121933619698,0.10923257955410715
7730,0.11670018244438873,0.11559262167473916
7731,0.10404904355045486,0.10445846224088284
7732,0.12202772137166096,0.10787429055320397
7733,0.11325124241619511,0.1007048553794041
7734,0.09694412241747341,0.10894680263234724
7735,0.10358022889708196,0.12275799417742284
7736,0.11872593152318811,0.10598150842086129
7737,0.12553735495885254,0.08483063436076699
7738,0.10622566303882053,0.115216062096819
7739,-0.5390398832296004,0.12650928453165
7740,0.11882362180273942,0.11114700936984412
7741,0.11193146753317307,0.11101320425261374
7742,0.12879915852853263,0.09929564434997107
7743,0.13131873016892515,0.11098152954734708
7744,0.12481494943444327,0.11273047219203791
7745,0.09538241526401303,0.1035344142629886
7746,0.12621658335175434,0.10547413802863015
7747,0.11191398331171087,0.09284956871811412
7748,0.10841160546535966,0.1096606514128291
7749,0.11101710147575505,0.11801541279264116
7750,-0.634486544203829,0.12090872949896347
7751,0.1097972057227905,0.10446305411749401
7752,0.12158663714135653,0.10461764058489442
7753,0.11437411040142131,0.09013409652139726
7754,0.12058824464382867,0.09835087433778544
7755,0.10488378880862115,0.11140437260007685
7756,0.10716737302070167,0.10989169528781906
7757,0.12219255727324652,0.11043822980117923
7758,0.11340239192737633,0.11003824158877462
7759,0.10688703365574836,0.10916939212862875
7760,0.12158699218491731,0.10039850668715644
7761,0.09131400624942665,-0.2531611938679047
7762,0.11355955551806551,0.11183309228953697
7763,0.10305251129041237,0.10897238183356772
7764,0.10274721751406424,0.10531861201011905
7765,0.10487406796413956,0.09851998099530834
7766,0.10166799004629912,0.11300981800270704
7767,0.10294104960958039,-0.49053790106106365
7768,0.10966926033447377,0.12570290308851284
7769,0.12262787763608207,0.11565923534751166
7770,0.09770966317022434,0.1034940571099181
7771,0.130231933639954,0.10321005888177126
7772,0.13205031252181598,0.1228436370816135
7773,0.10518038663539042,0.10162326348143735
7774,0.10678355594697564,0.10482146684622062
7775,0.09868002419207667,0.1022751918041176
7776,0.11809398178563257,0.10579588267394535
7777,0.11204802825807514,0.11343866060012897
7778,0.1065245749636301,0.10233527673991683
7779,0.1248292883469968,0.09950264591698854
7780,0.10783505711132313,0.10404840084576494
7781,0.10948607583246339,0.12706331638617718
7782,0.11480872986434498,0.11969220135740866
7783,0.08378723560861445,0.11813347977121902
7784,0.1031799227604091,0.11207379255895744
7785,0.11712830350879,0.10812776598844898
7786,0.10874105121364486,0.1015881403327028
7787,0.10167462537294525,0.11198554152835505
7788,0.10650652833440977,0.10718842332896061
7789,0.12495191243305981,0.1114907979246893
7790,0.10491770991929639,0.10759348097458887
7791,0.107190966890228,0.12324854892885995
7792,0.11073688213025124,0.09291882169364185
7793,0.1201168837291604,0.10923799323302275
7794,0.11010434210404196,0.11059055860728995
7795,0.10102334570380722,0.129566015039273
7796,0.12793559122427567,0.08736359669688731
7797,0.1277491300906668,0.10284373053766505
7798,0.10628146062615951,0.10900322317719024
7799,0.10974084383437033,0.11007701006711046
7800,0.09854974542045936,0.09607070573655085
7801,0.10157958746622264,0.12008585315543341
7802,0.1066686190066981,0.0927587909259251
7803,0.12288952113835361,0.10628866323017361
7804,0.09552974740523856,0.09810446757100233
7805,0.10979863389339428,0.12872203507578028
7806,0.11587360363775812,0.11620209305759044
7807,0.10867343329746015,0.09476743857927494
7808,-0.6995517630901779,0.11069472567947414
7809,0.10813367583566791,0.10561884427172497
7810,0.10669588875477021,0.11223582940034071
7811,0.0999116687426782,0.10410322273602879
7812,-0.6496927512170798,0.08562280949875545
7813,-0.774495263789786,0.10652958843532079
7814,0.13626291606706653,0.11525345074611959
7815,0.077693737031856,-0.5345339045151218
7816,0.09285458315655903,0.11876242276673254
7817,0.11817559816810541,0.11422459702469223
7818,0.0900560847973988,0.08369682821682689
7819,0.10569045837071189,0.1020678698966937
7820,0.11848000339476372,0.1024892488397724
7821,0.11662096345652606,0.10930426420367123
7822,0.10960044835444172,0.11419453090345222
7823,-0.5749466089303805,0.11854129917600464
7824,0.09710375865653376,0.12322372105686141
7825,0.11003286954933711,0.11142839826985806
7826,0.1068321016456022,0.1296086290995151
7827,0.122108749451598,0.12081508933114748
7828,0.10230653664892553,0.12171941874784453
7829,0.1084345743870867,0.10763873136552338
7830,0.10578100492065645,0.11921081549822587
7831,0.108792800395062,0.10699078979073806
7832,-0.5564506706428908,0.10986395206023847
7833,0.13009075220337274,0.10235175492200566
7834,0.11849829472392082,0.12352548614234204
7835,0.11228867564756739,0.1117122562382622
7836,0.10489404094386634,0.11921705624358814
7837,0.10413777083088216,0.11263089733497256
7838,0.11212075209448824,0.11670084936900649
7839,0.114736840657641,0.10188182060696716
7840,0.125409675220286,0.1303594045935379
7841,0.12040401796746258,0.09769849976963463
7842,0.10402266454916398,0.12920141299341603
7843,0.10860852391322795,0.10483778723609616
7844,0.11928286904174934,0.0904393228961693
7845,0.1131598804891214,0.1088127166224302
7846,0.13188239037316385,0.11501471528463814
7847,0.11414672464174158,0.12729184464794674
7848,0.10163356848943494,0.11471161037068556
7849,0.09847822905686798,0.12326829059110089
7850,0.10563675574570341,0.1282134312963359
7851,0.10557411025478225,0.10233850055004057
7852,0.096453510543135,0.11890661564490879
7853,0.12374272613789916,0.11383955377507138
7854,0.10162338360897971,0.09648949691960818
7855,0.10421316260330982,0.10489437722769024
7856,0.10528419405462186,0.11559829235676378
7857,0.11109377489934968,0.09613570363674384
7858,0.09755776775453251,0.09325273201700424
7859,0.10553072680298792,0.10775369481515495
7860,0.10486226497643858,0.10357147697700331
7861,0.12008704174362306,0.11009147424573751
7862,0.10703949747105646,0.09220642195400441
7863,0.09974069970691413,0.11530017273663473
7864,0.09910751156405939,0.12375959900758615
7865,0.09971429832869716,0.11211617908561045
7866,0.09790457240211747,0.09848619499976885
7867,0.1285878282411126,0.10170210794007861
7868,0.1071957442479834,0.11447095563986465
7869,0.11567192257748715,0.11362859281501358
7870,0.11612757919362382,0.1113150641465055
7871,0.11176056565290282,0.1140684639907874
7872,0.10982160265664942,0.11533857268626746
7873,0.11281735122020331,0.11888658671471664
7874,0.09501550950358006,0.1314730045216992
7875,0.09897310621742883,0.11840983333429134
7876,0.08378003455411887,0.10390553118225121
7877,0.10488628388002996,0.12123105301300852
7878,0.11618554096348888,0.11020073550967968
7879,0.116973879553538,0.1411411319610829
7880,0.09803912687040373,0.12002285088893427
7881,0.11138395992494132,0.10942014610236139
7882,0.10108046850951458,0.12214616242149035
7883,0.1294262918639899,0.12125705403542986
7884,0.12731731938490154,0.1115369594784359
7885,0.10110682940876292,0.11276565026104879
7886,0.108265634922043,0.1146077617335568
7887,0.10696530648083491,-0.5456334305869555
7888,0.10124332437935624,0.11431294147791826
7889,0.11192793480156227,0.10562111918502892
7890,0.09486225368651247,0.10273290993663364
7891,0.09470590686472802,0.09782894229239592
7892,0.10087474137152252,0.12437634482344251
7893,0.09477340673826129,0.09816886910937539
7894,-0.4282454711661543,0.10867929317380987
7895,0.12306624922349418,0.114320701093658
7896,0.09635393340001275,0.09115026418333727
7897,0.11968045849296671,0.10963314482617159
7898,0.10912778294635594,0.11437096472176922
7899,0.10069416241663731,0.10611175049115573
7900,-0.4778657877391054,0.11827706512217362
7901,0.12693555459029815,0.12076355386224447
7902,0.10529228729801132,-0.5847149071226385
7903,0.09667754975044485,0.11171513200966365
7904,0.12260414814851739,0.12775468957737335
7905,0.10723158142732103,0.1052760116814111
7906,0.12037790793407166,0.10129751465463155
7907,0.09400417315674714,0.10807726484611657
7908,0.11018978556718495,0.10397217204288411
7909,0.11104469421901997,0.10920349493515058
7910,0.09856368566224782,0.09352429272064255
7911,0.10552127255212751,0.1046194313953801
7912,0.10889109142152487,0.09960633934055774
7913,0.1113240209071431,0.10076461627077538
7914,0.1316888768494877,0.12343196296565595
7915,0.08762439214559747,0.12205193865206754
7916,0.12299751873710152,0.12237387192421689
7917,0.10364826140369221,0.12226750225587213
7918,0.11577605588612294,0.10948855064663099
7919,0.11860835383358781,0.10425633713878169
7920,0.13483601358373587,0.14514090601951346
7921,0.10903134145160975,0.1022812428421076
7922,0.10270050446451173,0.0957670168748439
7923,0.11088436383141542,-0.5784851036662826
7924,0.09099680999417603,0.12748777212815643
7925,0.09192064235368957,0.11415302680022243
7926,0.10584787689470931,0.08753430328289613
7927,0.10380567610300084,-0.6273875864685027
7928,0.12763455113163769,0.11627061453384413
7929,0.1162771626969783,0.12196905655864754
7930,0.11113141013634387,0.09595027412204304
7931,0.09666596473768085,0.10314261538838854
7932,0.11270480906204683,0.11210967246031323
7933,0.0986646890162739,0.14420415518636642
7934,0.10249999120575337,0.12284984697444035
7935,0.11056923458456214,0.11550036661262175
7936,0.08473312183872661,0.11303163027175733
7937,0.11711573009548548,0.10657577389802575
7938,0.11350816523546015,0.11680669972662527
7939,0.11743790558901823,0.1015791803744448
7940,0.11282347130774983,0.10897397831848288
7941,0.1230260033846422,0.13940769183170842
7942,0.1151889012818268,0.10339533874946727
7943,0.11045644473960414,-0.7232548977922435
7944,0.11290913805591996,0.1275764537788484
7945,0.11229133957489168,0.0860662096375826
7946,0.11090690795288305,0.11384804555687578
7947,0.1356722172622531,0.09646816806090985
7948,0.11933216461170959,0.12437607095996372
7949,0.10562616888822274,0.14281247765583505
7950,0.12551659505489554,0.11190494246234928
7951,0.10968706648534132,0.12663485168075939
7952,0.10663989755765146,0.09866667346135771
7953,0.11755303485682078,0.12412847918803815
7954,0.11634675461204913,0.10121511684919327
7955,0.11820935814132216,0.10681187071380349
7956,0.10921474337165304,0.1216917890378717
7957,0.0907480017021054,0.11504718323461649
7958,0.11467254155064577,0.10909208218178335
7959,0.11351616409337462,-0.4237061866275956
7960,0.11460900047617284,0.10061306252321489
7961,0.10824524168302863,0.10636762909414199
7962,0.09911346453411918,0.10932795184003008
7963,0.10372997854108035,0.09134846241150973
7964,0.11349875757751415,0.1215041979126481
7965,0.09598890062606347,0.11601838284945853
7966,0.12369522993433857,0.11255252817263561
7967,0.11956431617000951,0.11101385700431865
7968,0.10820121937803195,0.11628807371072414
7969,0.11582790437687351,0.11303177788570151
7970,0.11853990330794151,0.09776219947691711
7971,0.10185742289700328,0.1305529597358186
7972,0.10397216852757363,0.14082014218085148
7973,0.11976892346187262,0.1153673273806941
7974,0.10251226647041034,0.10177667101483845
7975,0.10830338959281804,0.09731443954024344
7976,0.1085079020731794,0.1199781850039976
7977,0.10135021576005676,0.1077632620458997
7978,0.11496851861436075,0.12906785621876837
7979,0.12045858020385203,0.12067392485832196
7980,0.10645462408133644,0.10253276935506617
7981,0.11637014785239352,0.09137488756888956
7982,0.11105589582982467,0.09600454683846937
7983,0.09635641346642698,0.1172360415633622
7984,0.11449873685588563,0.10826894373797913
7985,-0.6049590987121047,0.12065535861797216
7986,0.10775664428410447,0.10507038940221824
7987,0.1229764696021487,0.12248151727677992
7988,0.10726553078738044,0.0979629058443563
7989,0.10695972061600023,0.09873160946443904
7990,0.10803307744163182,0.09850945156995605
7991,0.11480305715777317,0.10218569945308831
7992,-0.42279768064757295,0.11445769020512708
7993,0.1322631405044954,-0.57128495803578
7994,0.12230247767782987,0.1218714361672093
7995,0.10179959688690277,0.10088350142029334
7996,0.12424860334368448,0.09785547956982765
7997,0.1071081883656515,0.10881156460794683
7998,0.10805672385502296,0.12094332710131894
7999,0.10998104970185141,0.10863553659672287
8000,0.1397367297373191,0.12014174915138787
8001,0.12410905231700209,0.11105238360071445
8002,0.09911141055088701,0.11140485908470521
8003,0.12802831248094382,0.11022618033335818
8004,0.10115747755322135,0.10037474006334568
8005,0.1138048724390035,0.12094286348632677
8006,0.10904000716925566,0.11803075651436123
8007,0.11328718635802448,0.10722541509530248
8008,0.12007927072109803,0.10130243322073662
8009,-0.5862992721819398,0.10543334581071262
8010,0.1086646179945332,0.11479779350399877
8011,0.13342652437146074,0.12596514194974362
8012,0.10348936775312279,0.09739718055098323
8013,0.10153740004434031,0.11607230277047398
8014,0.10465611633864413,0.08950008581423163
8015,0.1277021033838064,0.09662097728371077
8016,0.11336049514234414,0.11326832417291333
8017,0.10805970097665596,0.12712493722025275
8018,0.12504983415453075,0.11181086742957569
8019,0.12883247297220057,0.1071894329492038
8020,0.12016879508942635,0.10629915929274114
8021,0.10508828757909194,0.11426621923708469
8022,0.11779656417610851,0.11033458840851451
8023,0.11675773950501167,-0.19585114998125097
8024,0.10457656889751688,0.11975766485523764
8025,0.0968621880442051,0.13179855950313746
8026,0.11414208687646155,0.12112141114628039
8027,0.12663816914486703,0.08684946850103326
8028,0.1211293155572748,0.10606681558631914
8029,0.117158705850962,0.11692637912520332
8030,0.12332353191889989,0.10409582792063476
8031,0.10816820844311392,0.11007918864465172
8032,0.09730456018236411,0.11395396834969729
8033,0.11234001911775549,0.1242673951129023
8034,0.1302713125345505,0.11613433128915385
8035,0.10732359774334821,0.12325112585267561
8036,0.1041547224820305,0.10354990286947974
8037,0.11942941368357207,0.10554540954226632
8038,0.11166982038060214,0.0961274303219053
8039,0.1106987978577132,0.10326957159603412
8040,0.11413659172848778,0.1243844704831516
8041,0.11871751078273407,0.1151653768804013
8042,0.10964119769106184,0.10621268213688961
8043,0.09556100574173021,0.12985015749800288
8044,0.0970020410041268,0.11199767623281032
8045,0.10793416303128556,0.10139970390958797
8046,0.09576072254364854,0.11797679717328857
8047,0.10508794015119127,0.1038421358936632
8048,0.10872419265038458,0.12416002800113457
8049,0.11288886858591773,0.0972445047874122
8050,0.10926567285838007,0.1222174204587887
8051,0.11994020987058418,0.11353454233508531
8052,0.10758891404145499,0.11841777033056888
8053,0.12157743309626579,0.10355097422863513
8054,0.10397270939682501,0.11479261282812536
8055,0.12424620136536335,0.12080031192561025
8056,0.1152949099261038,0.1145670651164481
8057,0.0992583415674202,0.10693304708655615
8058,0.09209196931387442,0.11397678234351294
8059,0.11503744904517621,0.09278175256682153
8060,0.10261634060899061,0.09942985844131669
8061,0.09826360512944343,0.12816185717812734
8062,0.09013312242385552,0.11498753850503252
8063,0.12623543538651938,0.10380707049694138
8064,0.12954942894188193,0.11013252658869366
8065,0.08410292340940528,0.11487916616127425
8066,0.11465042770000644,0.09597512526445695
8067,0.08504994411113609,0.1014624399370907
8068,0.10908536736350438,0.10360185267128585
8069,0.1081547432778811,0.0985399472442241
8070,0.10619106934060896,0.10878879878667136
8071,0.103266507277612,0.10598732207494477
8072,0.10413681063734126,0.09971594729729705
8073,0.10202866890226425,0.09661686992388385
8074,-0.6782492813331544,0.10693046841041909
8075,0.10123948096084612,0.10994928075471355
8076,0.11827071058379213,0.10974912890450739
8077,0.09672093171731078,0.10646741896983714
8078,0.11247851047368562,-0.8043177904130372
8079,0.0959237637776802,0.08295982245619005
8080,0.09961464058750691,0.09927821176791563
8081,0.12441872532120035,0.10287370252972061
8082,0.11262498343306704,0.11203706437138305
8083,0.10279202876253524,0.09213771683702898
8084,0.1063644081940418,0.12597383671030093
8085,0.12643471033868625,0.10655785605556711
8086,0.1146970975745063,0.119355778435011
8087,0.09752712209351566,0.12841095566194705
8088,0.08670674597949701,0.09597825546563166
8089,0.10377765376142079,0.09177805056950916
8090,0.10702506134387346,0.11624820211056797
8091,0.11582275428342226,0.11399100589432787
8092,0.09765638758500716,0.1053956933070106
8093,0.11079304828535541,0.13145488021970975
8094,0.1049099535782354,0.11458969917644479
8095,0.10570977307145668,0.0956273291011902
8096,0.09986522135059306,0.12787897787641156
8097,0.11185737952561015,0.10758566839531425
8098,0.12838397307017346,0.09995981236020346
8099,0.11835478454675563,0.10476932874709033
8100,0.09999749880739417,0.09614568980401161
8101,0.09139544506731312,0.10777272479232325
8102,0.11529838942162618,0.11668591636091974
8103,0.11334183441800705,0.089658411875849
8104,0.10483205950144114,0.1070561616663046
8105,0.10359298022646546,0.10081119003596051
8106,0.10746963092425488,0.1309305084589294
8107,0.11633116522101061,0.1153010343239036
8108,0.1230084638189417,0.12183638392351526
8109,-0.6962268329797365,0.10672317733652581
8110,0.1036604320128296,-0.45200566535156794
8111,-0.5554035881143675,0.10309757099182693
8112,0.11691661969658229,0.12335249704800577
8113,-0.5244968156836587,-0.6657864314725009
8114,0.1025371160516153,0.1268393372215788
8115,0.14978399816207055,0.12100158974604636
8116,0.11718673406318691,0.11716146146721029
8117,0.09334019990735887,0.11478851110555577
8118,0.12190616687425138,0.1161336792282257
8119,0.11661121443237121,0.1089857356293309
8120,0.09540726186892412,0.11717694181427674
8121,0.13651778189102215,0.10476739491176401
8122,0.09856500258722911,0.10870140020547248
8123,0.10627492137103323,0.12208676915705308
8124,0.12916908261268145,0.10272207483198614
8125,0.12933613506550068,0.11590795834976375
8126,0.09278401722616358,0.12122009329957883
8127,0.11186632425675214,0.11721060340728284
8128,0.09872514142902,0.10712687800597664
8129,0.09925640548965453,0.10401228243489391
8130,0.11416416663090123,0.12331654218163024
8131,0.12349974319091572,0.10492674423751125
8132,0.10498639443330426,0.11538011015717053
8133,0.12840871822646904,0.10874219614859415
8134,0.1256642605789724,0.10148029506988787
8135,0.12935372589192218,0.11339129640268752
8136,0.1007130760991275,0.10243474984532885
8137,0.13246268090950486,0.11698419703654617
8138,0.12178250987876571,0.106966978045546
8139,0.11795796597002717,0.10856428434081722
8140,0.10712132194035195,0.10165431250758505
8141,0.1126319659408459,-0.5527968173491686
8142,0.10722118182505413,0.12527576620117453
8143,0.11145093782595739,0.11798374627464203
8144,0.08891029277213636,0.10739632008803257
8145,0.11041577224474475,0.11271287854653456
8146,0.1188344178739067,0.114230147147663
8147,0.08876420331799051,-0.5351028568668708
8148,0.11873381377977554,0.12451951455553267
8149,0.09658844029707714,0.1062478797495019
8150,0.11608618864168907,0.10179906118699722
8151,0.1035286412293639,0.10390695979035658
8152,0.09749034918954491,0.1145342643520244
8153,0.12851408213099935,0.10491350798014243
8154,0.10685942493693945,0.10558054858908883
8155,0.12129584259616366,0.10744679423070913
8156,0.13378486873675532,0.10504721854264631
8157,0.10846746259619611,0.09807764326546398
8158,0.11407990287870295,0.1240358138309614
8159,0.10183700131003337,0.1137254319105081
8160,0.08911542876535195,0.10794263044477259
8161,0.09716406151483681,0.11373830705394683
8162,0.11237437964450181,0.10341324268694563
8163,0.12977499745663934,0.1334640347689291
8164,0.12461911895870514,0.11195602828027251
8165,0.11757365447359902,0.10829922231671163
8166,0.11956388618054326,0.11719319890733582
8167,0.13060461834448134,0.12258367763637734
8168,0.12095835776233876,-0.2846070226584275
8169,0.12177372009951015,0.13002177794305214
8170,0.11803703188906933,0.11609568452799102
8171,0.09058987843132726,0.12413471072813698
8172,0.1182667525351957,0.12013785773853991
8173,0.12463397433234169,0.11011385171941956
8174,0.11054848329945166,0.09509936418640241
8175,0.11258572720693749,0.10590916160035335
8176,0.11205327045015068,0.11293580240060463
8177,0.12376205811615781,0.11275876504448346
8178,0.1238561859919396,0.1105334491314931
8179,0.08411782519165922,0.1261711550032889
8180,0.1095056562053136,0.11937214579953825
8181,0.10118840306159571,0.08341561399310748
8182,0.12120747100356866,0.08370942608533882
8183,0.1120164025444883,0.10106370773513418
8184,0.10511861642793807,0.13688004102892903
8185,0.10544005439284976,0.11198480174124326
8186,0.11490994277412958,0.1394828773891077
8187,0.10667753078259068,0.09627813438776589
8188,0.13335011146093012,0.11897018694001593
8189,0.11236113890740529,0.11618723409811471
8190,0.11350785830015653,0.10105685809335818
8191,0.1127262810956573,0.11106647299813432
8192,0.11767838956527488,0.13337657970680028
8193,0.1289414441177512,0.10243868267380907
8194,0.12588132055155254,0.12293078515250633
8195,0.09462800408743899,0.0938407640679233
8196,0.10289954669813195,0.0882947821082456
8197,0.10706674024831231,0.1240095978863478
8198,0.11459089117565568,0.1171816921141755
8199,0.09496818816440444,0.11399574479778107
8200,0.11383875807940291,0.11697888057303407
8201,0.13617867077353063,0.09724832711159381
8202,0.1207520908430435,0.1064437279794539
8203,0.10642496633196208,0.09512167117712678
8204,0.13319107360236782,0.10363553997451636
8205,0.11957666393754596,0.11875997091694979
8206,0.11360464120586755,0.11074194677945881
8207,0.10142521540548088,0.11222243949456834
8208,0.10633240403534305,0.11446970841375781
8209,0.12177575004593733,0.12077226259099683
8210,0.11704299743026447,0.10114162406277138
8211,0.09530202313743885,0.11543924358041657
8212,0.10703419225687716,0.12540854970828996
8213,0.11232101822579388,0.11659144874195837
8214,0.12037423713731332,0.10834218884457769
8215,0.10578643001192978,0.11800194218527293
8216,0.12603699543418245,0.12204466820590576
8217,0.11180104483063258,0.12695612086655506
8218,0.106058830456496,0.1217266027246966
8219,0.11055690609716828,0.11207602306607445
8220,0.1097217554776293,0.0965448935256239
8221,0.11101094286977853,0.10473487625490319
8222,0.10733188959190398,0.1054943715640202
8223,0.11102684133806684,0.11300310727196372
8224,0.12829428448181557,0.10386477729558696
8225,0.10599288448045163,0.11092890841781422
8226,0.12107657664236426,0.11945924055710089
8227,0.0986836173197716,0.1229467236263786
8228,0.12859695892585288,0.10747658448376818
8229,0.11398879985768562,0.12249614499617323
8230,0.11950803872325366,0.12106532715600027
8231,0.12940300321136067,0.07329840808554522
8232,0.11188369969475787,0.11050088010165071
8233,0.08279598596288773,0.11950910600071296
8234,0.11200274363181117,0.0935300521387048
8235,-0.687860369114513,0.1281476951399978
8236,0.11575011661707779,0.12656775645437435
8237,0.11003630202850712,0.11735250630017924
8238,0.10640904992560651,0.11238448210801111
8239,0.09993719265251055,-0.46176251260278933
8240,0.12020518673480551,0.12078242966534392
8241,0.11318664682802293,0.1002301106986625
8242,0.12668817296986257,0.11712742455284153
8243,0.09627350708227,0.12008810039364914
8244,0.13388035010093402,0.1050119204334723
8245,0.09841485547586015,0.09031387847191552
8246,0.11156854661299631,0.11926079543860357
8247,0.10815741516076827,0.10625651264112435
8248,0.1084184176082621,0.11531825796395112
8249,0.12393887548486737,0.10163543822049426
8250,0.11316017282804203,0.11319135566509808
8251,0.11912904738979302,0.10651938794094096
8252,0.10832638604915235,0.12039863634681636
8253,0.10078379161164475,0.09635531989724178
8254,0.11753862440677065,0.10177132041382486
8255,0.1063439436750031,0.10680833788420196
8256,0.10500600853218822,0.12221237743281277
8257,0.12232613773167844,0.11388977404168887
8258,0.11296098978961178,0.10115512242775115
8259,0.12362376196163272,0.0980418604934592
8260,0.11609715509402374,0.0998983659697581
8261,0.11612525449415312,0.11389237553871556
8262,0.1065696442931301,0.09654847799740529
8263,0.13986052079187572,0.1069502783715679
8264,0.10641503167950406,0.10742464835095134
8265,0.10790537747760687,0.10701526371098935
8266,-0.5691939472138408,0.08775676046465897
8267,0.10984485811774669,0.13207635462253986
8268,0.10591176333155983,0.09915290435175805
8269,0.10831074740561242,0.11891731930176364
8270,0.09898639848941704,0.10465775352566853
8271,0.11048308807540552,0.11763180633844739
8272,0.10544588116008735,0.12218699618294182
8273,0.12339269785480877,0.09909990387566725
8274,0.12602797511172992,0.11844429158598135
8275,0.12037136421801642,0.11267871589324385
8276,0.10211590737283882,-0.5486947120690397
8277,0.10134154188969946,0.11324532009367916
8278,0.09837135761953553,0.12390237207991617
8279,0.08478023801893508,0.09844453877068093
8280,0.11451434773193592,0.11316957514619319
8281,0.10491890037690554,0.11488378814257016
8282,0.1358784537599127,0.10117373627320148
8283,0.10544609425927631,0.11990984809829586
8284,0.10665101974293734,0.09529275497010659
8285,0.11230649199250431,0.11466544945078305
8286,0.10311942766146975,0.11203915015953791
8287,0.11947049444262436,0.12534157818098124
8288,-0.6179977597225426,0.09822482538149391
8289,0.11293069741714423,0.1244849892626938
8290,0.11021616890477359,0.10542886357599213
8291,0.09791019963531067,0.12900845877740275
8292,0.11016879281352421,0.10027271785555292
8293,0.10587702779368757,0.12739987135764608
8294,0.11259283005496168,0.10299642652853636
8295,0.08741290871170415,0.1028986287657565
8296,0.12022138418506056,0.12429657227058422
8297,0.09759394119129317,0.119540592756745
8298,0.12187204047437183,0.09935158972892788
8299,0.12001060811794972,0.11346999367350441
8300,0.11618754729773517,0.1139047844719756
8301,0.10835362027954565,0.11283315500242508
8302,0.12011256902662892,0.09862912850912053
8303,0.10711439995718508,-0.4595329541343841
8304,0.10099360710351579,0.10918723329734159
8305,0.10530725333505275,0.10508684859474138
8306,0.11137246344197949,0.09930805735852188
8307,0.10745149557894229,0.12154675209906363
8308,0.1207819340273113,0.10559290111466813
8309,0.11331187669745546,0.09838506238881806
8310,0.11110804192693258,0.10883647272712782
8311,0.10961903398307848,0.11185037276767429
8312,0.09594845853283895,0.11040714955805342
8313,-0.4744923867550802,0.11250803843767043
8314,0.07737155936237161,0.09422812339484454
8315,0.1154819475316331,0.1016046465591971
8316,0.11398164645309605,0.10304206342751465
8317,0.10691035177638142,0.11945403894322637
8318,0.10568890291793953,0.10801376924335204
8319,0.1102853275118938,0.10585799319864542
8320,0.11452662102347433,0.10074363959978627
8321,0.12879814815359314,0.12060646139334574
8322,0.1076027703747151,0.09323251138650801
8323,0.12363048753357231,0.1266143133442803
8324,0.09942296305757492,0.1210056564094979
8325,0.11298636709868015,0.1050730872163037
8326,0.09880557648763477,0.11950373288061789
8327,0.10156493332292826,0.11176870981490139
8328,0.1124409209884567,0.09575261844001037
8329,0.09733308173721644,0.0964494797196569
8330,0.11074342006438909,0.11010132093004343
8331,0.10899127178955759,0.1078497122714357
8332,0.09455561764667086,0.1123292366359181
8333,0.11576328619516651,0.09634890809621122
8334,0.0967096186997729,0.10215853751354342
8335,0.10967925886345387,0.10238152355678798
8336,0.11412735897487747,0.13356193578254416
8337,0.14265421011143697,0.11969388056675356
8338,0.09912961880504811,0.10435488397098136
8339,0.1098275511952127,0.11337228695433721
8340,0.10425918466643802,0.12438971023786904
8341,0.12343748556503242,0.11614703844935059
8342,0.12281428731904986,0.10924524299478922
8343,0.10875861295104516,0.11755831999830568
8344,0.10704310736173306,0.12286356212107008
8345,0.09169924625558967,0.1173382908705447
8346,0.12099596656903833,0.12089449952969278
8347,0.10244526555398492,-0.4326813592819171
8348,0.10600947926926718,0.11206485406180011
8349,0.13782602233733354,0.09184484405330084
8350,0.11510678743527913,0.10924843351912572
8351,0.08637130831769646,0.122557689616138
8352,0.10621036968896447,0.11417500720862495
8353,0.11550829873504864,0.10574181919666747
8354,0.11463284942235319,0.12123249114706902
8355,0.11107818568559691,0.11858298147838497
8356,0.10342044287564267,0.11673860146310888
8357,0.10595740450108604,0.13365499514267132
8358,-0.3723602786409337,0.12004263209102617
8359,0.10507456832040729,0.12480353957743384
8360,0.12129827405710447,0.10422513470443606
8361,0.11243323236696456,0.10501159113733793
8362,0.13624071880541866,0.114921314591925
8363,0.10922759229491419,0.1282828362844901
8364,0.10861140856464324,0.11652691708385254
8365,0.11245911254668095,0.11401607998862051
8366,0.09468149672263237,0.12419656927833422
8367,0.10117719479047227,0.10761413732378378
8368,0.0910298407359631,0.12642514257254422
8369,0.0958932004126043,0.10320231537395008
8370,0.10075670655394231,0.13176951252458835
8371,0.10586733414063709,0.12201996520618619
8372,0.11302063863454581,0.09287616626876494
8373,0.11807235500524937,0.11890249277927611
8374,0.11817226999296171,0.11254669788381988
8375,0.11339482458503314,0.10853781406818097
8376,0.09309883560005128,0.09667660276063317
8377,0.11553095380592482,0.1048443146904885
8378,0.0921148963610059,0.0736464934069756
8379,-0.6707815525962099,0.09711696691365601
8380,0.12270509914249894,0.10568987502633553
8381,0.1268324170745665,0.13749911199865594
8382,0.10627536672859828,0.09765322920258535
8383,0.11835201686868091,0.10249879060356726
8384,0.11383981950604283,0.11103361619458196
8385,0.111603823792777,0.12000368265646966
8386,0.13527592856335824,0.12044560643378421
8387,0.10176426324391419,0.1144306228602372
8388,0.11143949375598261,0.10295640778785731
8389,0.10136108868520344,0.11787573047817856
8390,0.11324938883294178,0.11225938383928469
8391,0.12909574273321534,0.1086365905203488
8392,0.11168248179910001,0.11161363185316175
8393,0.12103642773985057,0.13242572991385426
8394,-0.4982019841193527,0.1388658683627344
8395,0.12944821735039924,0.0968829789238097
8396,0.1040972326993479,0.10984623260205328
8397,0.1079326134171561,0.10759115934344998
8398,-0.4578189051713757,0.10769242243135912
8399,0.10364972416057716,0.09999643057941388
8400,0.10219632506295806,0.11468291444401646
8401,0.11505492126727979,0.10818814552954148
8402,0.11652530724616361,0.09529099560134835
8403,0.10216625153133796,0.12259478639196408
8404,0.09990686759101264,0.1232104410047663
8405,0.11250908048869368,0.11411050196400097
8406,0.10526389545479042,0.11139215577923278
8407,0.08375916043650222,0.11512796887965471
8408,0.11208684188928109,0.10374449194596047
8409,0.12481368800435799,0.10891572553772089
8410,0.11519127343706725,0.11430875135715834
8411,0.1103352307061849,0.12655015080815413
8412,0.13165864668744698,0.11855517115676606
8413,-0.565889142851843,0.1216192795449842
8414,0.12103320193707301,0.13002530205166063
8415,0.10805352428432613,0.11903123127499904
8416,0.10252306506299758,0.12153176946654054
8417,0.10633930716817153,0.11133705928225957
8418,0.09804028530039699,0.10685973417515648
8419,0.13356443495664005,0.09002701828663229
8420,0.11178424568803025,0.141143668221964
8421,0.11251822592831129,0.09018565836800851
8422,0.11506568222101721,0.10342651481870502
8423,0.11002384847466473,0.12479721481156392
8424,-0.4964104342043061,0.08369873703853559
8425,0.12228634654678783,0.10295161541525433
8426,0.12393103483952483,0.1073414523975027
8427,0.12529757803229402,0.10412083822421447
8428,0.11874767026304256,0.12892617430040176
8429,0.11356005254328139,0.11573380041571135
8430,0.10657556613877639,0.08920097134005078
8431,0.09639249543897366,0.09986333504304223
8432,0.11831702752808826,-0.42871683455819043
8433,0.12595554389450836,0.1345285734741717
8434,0.10132050191424491,0.10441935660410007
8435,0.09787789533560964,0.10302029341854402
8436,0.09987836960334295,0.11186977788209584
8437,0.1066405244290296,0.0971969788173157
8438,0.10327593409824654,0.0888050977946444
8439,0.12251559450526317,0.12100823095982571
8440,0.12898600085982626,0.11140697570856117
8441,0.11338456891546733,0.12063068438196556
8442,0.12785349552989667,0.10685281491207199
8443,0.10424843105680992,0.10007602759804834
8444,0.12755438151766163,0.09912676654844299
8445,0.1014425264088532,0.13385995534707584
8446,0.12789409453172085,0.10578319114507173
8447,0.10301018642178761,0.0989898043588553
8448,0.1087157827207006,0.12896450187724273
8449,0.11050980396893961,0.11463464570861248
8450,0.10956810829787234,0.1056969641504577
8451,0.09633846004225943,0.1020791396191878
8452,0.11332395512907323,0.1254834762225352
8453,0.11494769413242611,0.10307083495690361
8454,0.10442840450404156,0.09766442686163979
8455,0.09441313134236018,0.12472481657740975
8456,0.10063498649708369,0.10672911844714394
8457,0.11984802638738157,0.10399310329182687
8458,0.10916494445923797,0.08802160446563456
8459,0.10702720913073538,0.1019867384517954
8460,0.08718290525423256,0.10557263673542883
8461,0.11385003849757824,0.1105195263512182
8462,0.1138912214300325,0.10954013379884575
8463,0.11517996772429084,0.11490528583905446
8464,0.12203242590874797,0.10131957678552106
8465,0.11635731719261777,0.08083319124079447
8466,0.08599621587514616,0.10960575845731091
8467,0.11574459441689666,0.11706461606236407
8468,0.10237626952348755,0.10285405139125592
8469,0.11903364269883032,0.12054815383306927
8470,0.1307411043904083,0.12580997715448938
8471,0.10442174171579044,0.106632839654067
8472,0.10711312971548548,0.09740477168237627
8473,0.11094578625633877,0.10627164735272254
8474,0.12685400874759378,0.09346260696068276
8475,0.10963701455488217,-0.6266349691833624
8476,0.10350751993494822,0.1211225588035536
8477,0.11340215161570266,0.1231356160498367
8478,0.10170503544256793,0.1085864330824946
8479,0.12038820094514247,-0.7579608719590198
8480,0.12857644076407126,0.11209564787425474
8481,0.10649128071511527,0.11037424273744723
8482,0.11393015362391568,0.10782401475493386
8483,0.09495760016458399,0.10510988431022916
8484,0.09978764847286303,0.10124362459029856
8485,0.11020808651141234,0.11784917869849676
8486,0.08585657264340285,0.11516915145871587
8487,0.10894080668886774,0.11215937908987073
8488,0.10082678111207954,0.09412878329519514
8489,0.11402011843766591,0.11180897525606914
8490,0.10205887397165037,0.10729612787277598
8491,0.13853356051217047,0.10776581634509141
8492,0.10095506233844143,0.11667029748261393
8493,0.1327025766370189,0.1260527385308814
8494,-0.424571955822756,0.12121960529369114
8495,0.10449749972657174,0.10919602645356741
8496,0.12865023373844964,0.11993893778271714
8497,0.10648627281260081,0.09235129414959009
8498,0.12211766086427045,0.13127146545203505
8499,0.11442364385640524,0.10647379336009455
8500,0.12316783860758918,0.11835398624583582
8501,0.11960458889534609,0.10360270938778626
8502,0.11413161459549226,0.10651559893304463
8503,0.10945857152927552,0.10221329777519395
8504,0.1351706297753652,0.10394287659857637
8505,0.13046386390091258,0.09182731875322547
8506,0.11099541558635284,0.11182360937111979
8507,0.11837176395162086,0.09289998464661275
8508,0.12188656840427914,0.10365963323607952
8509,0.1263693127103902,0.1144981472490687
8510,0.12683827376841883,0.11890537214383001
8511,0.10713830603762942,0.11083280914135951
8512,0.12803817475532608,0.07794412389821104
8513,0.11853342358081997,-0.4834864733299662
8514,0.10694498624806958,0.13032513547868896
8515,0.10120240173642991,0.09088006393396464
8516,0.12577315789856924,0.1115539371754799
8517,0.09691391273225869,0.10502068710373957
8518,0.10482786068305239,0.11747270798449838
8519,0.1149656753820818,0.10831744107089047
8520,0.10046000927078169,0.11532296988755553
8521,0.12470075636818789,0.09210748472436614
8522,0.11101114992454719,0.11999582200522219
8523,0.10667243461590337,0.12575204402563722
8524,0.1022005621900568,0.10953153395319748
8525,0.11654812646038026,0.09175099371049256
8526,0.0977796721432298,0.1237788801675479
8527,0.11023389179437126,0.1105356522816554
8528,0.10829280121631624,0.10129876613303401
8529,0.09923784302039951,-0.5467361758460221
8530,0.11278800288309987,0.12385323971965057
8531,0.11675334945670834,0.12712823678277174
8532,0.11262017495657872,0.11242436364155384
8533,0.10340682484007702,0.09518115473770239
8534,0.1306946477831259,0.12506152441766605
8535,0.10323031278406103,-0.48098330666715416
8536,0.09763980829357366,0.10105670404379574
8537,0.10294867433693589,0.11344285254657671
8538,0.11297200391617768,0.09580761244031133
8539,0.11939060662610035,0.11549041215042188
8540,0.11625956813994098,0.1079361849557754
8541,0.12329851248258539,0.12292327186079821
8542,0.09969041081460772,0.11174811650391825
8543,0.13741782543616798,-0.5361439828455214
8544,0.10625713008024662,0.10571112970023089
8545,0.11642759202692154,0.11973871537484926
8546,0.12562394616090145,0.12086041189616692
8547,0.11677235250370921,0.10916629694493052
8548,0.10715165295718787,0.11481606687178125
8549,0.10224867374877422,0.10795228898987719
8550,0.1196003846757232,0.11367040652724247
8551,0.09266266069039131,0.11346630785559109
8552,0.12584555110742968,0.10902878831842422
8553,0.10905461741397238,0.08959931350297001
8554,0.09222658068482681,0.09973660660214145
8555,-0.7486910269024895,0.10200174750072266
8556,0.1184219722345341,0.0932387736917526
8557,0.11374676100096814,0.09335637624258841
8558,0.11821541413130654,0.10116182169685928
8559,0.10215288805359335,0.12420794792325496
8560,0.10413736075057445,0.125137818739538
8561,0.09738480216196743,0.12992822609651022
8562,0.10068267316594048,0.1320393480332558
8563,0.120066156684558,0.13444768822886632
8564,0.08798870192048036,0.11241248327895481
8565,0.1300892094045829,0.0975981840885145
8566,0.12504686445515345,0.1099869771478621
8567,0.10704752290565733,0.12236576929918219
8568,0.12282548358314971,0.11056511797043433
8569,0.12973329422824653,0.10170027455086728
8570,0.1298379020302436,0.10446095486796536
8571,0.10870703780262092,0.1252656662813858
8572,0.11673951576992359,0.10330026888096544
8573,0.11017273883595546,0.11403591844855643
8574,0.125264945332052,0.12010293610519462
8575,-0.22785563655199803,0.12247989659221203
8576,0.12571072103073355,0.0989359144684705
8577,0.10428549638843654,0.10237199408855346
8578,0.12936889550359965,0.09914374048628449
8579,0.12826572121815394,0.113568602750731
8580,0.1137720078183706,0.09604953695038976
8581,0.12103282978795393,0.10264599252431661
8582,0.12475651759434192,0.1229697276560604
8583,0.09943018057580555,0.11607087099606561
8584,0.10759520447209492,0.11822958062456768
8585,0.09657330159427091,0.1019862796272657
8586,0.10568240586686772,0.09458093164452275
8587,0.11418510954033989,-0.5365962661362396
8588,0.12133932274125869,0.09726029720478868
8589,0.0956357707858182,0.11247438721660541
8590,0.107499549236177,-0.4332518787676517
8591,0.13341560650891537,0.12560486131378568
8592,0.09290205468601309,0.11195740714012659
8593,0.12013104603731262,0.11214317560092324
8594,0.114556805795206,0.09848956557786459
8595,0.11519649613945138,0.0983773043244549
8596,0.11078399210081646,0.11243720717407024
8597,0.1099535473478026,0.09132311849658836
8598,0.09768431004607403,0.0988780812348955
8599,0.10601095859638177,0.11905271728264566
8600,0.09885605457454028,0.11064945981599128
8601,0.10401854773121277,0.10837442434912048
8602,0.09442562944932176,0.0956736633355193
8603,0.09161234991624134,0.10938350641104622
8604,0.12445844669394157,0.1040301585835206
8605,0.13567504979367806,0.12076379978293073
8606,0.09884767005256956,0.11001832104320752
8607,0.12346378893799348,0.10480782804853384
8608,0.09582909384269556,0.11325417187922082
8609,0.1277518828588946,0.12619988811183247
8610,0.13110392651561154,0.11389715664850963
8611,0.08806603734594431,-0.5596251045808738
8612,0.10874502565280508,0.11470219202073673
8613,0.12367247506521672,0.11596686114930677
8614,0.09991918961609025,0.1128872443964326
8615,0.10927510247865468,0.10862132120471824
8616,0.11606286221701168,0.11113172253785408
8617,0.09681343931156072,0.1167333298015214
8618,0.12110977507982823,0.11097635599526168
8619,0.09313703333053192,0.12150845520208176
8620,-0.8218930046597148,0.09245216262613898
8621,0.10218067910781725,0.11518171732816929
8622,0.10539605302230926,0.09966534453075226
8623,0.11058894309479039,0.11364819985201113
8624,0.11048941119269107,0.10997496817911578
8625,0.1025784379491661,0.13218990272850895
8626,0.11808879306785158,0.10483031117393127
8627,0.10163516442701881,0.1132951153628381
8628,0.12614013596846552,0.1059001428699371
8629,0.11123813373188285,0.11841009241239209
8630,0.11663133881760257,0.10846989348957159
8631,0.10682092925808973,0.09769739166648339
8632,0.1322852976617841,0.10687500388047422
8633,-0.5532085107973351,0.10673984087060662
8634,0.09277167173057488,0.11071092204617994
8635,0.12277694252998606,0.12997014801139772
8636,0.11982780949826366,0.10670955978193275
8637,0.1210151467699474,0.10738765042445175
8638,0.11236762611665685,0.10256255491256616
8639,0.11379654755940072,0.11727390943139326
8640,0.11494691435365234,0.1054774308465285
8641,0.12955558069161865,0.0960401505305033
8642,0.10852982002101763,0.1312228364908985
8643,0.1152403695562334,0.13028311043421237
8644,0.13001454744292928,0.10956410026913077
8645,0.11973463551570318,0.10513908235754088
8646,0.11319476113524796,0.10234440041672244
8647,0.10680971629123492,0.09368034381938117
8648,0.12362811602945767,-0.5730370934255689
8649,0.12292784605901597,0.12091301815990985
8650,0.1181446163981994,0.0926211163124826
8651,0.1238682199943133,0.10389776853493915
8652,0.12157952294113117,0.11528427822914367
8653,0.11535898939592126,0.11695361825040407
8654,0.1353986949773709,0.13823147181578288
8655,0.09814379968198406,0.11720235216272323
8656,0.10856742582221868,0.09211327399062785
8657,0.08090761802369784,0.09855817081121265
8658,0.09202932356712124,0.11811481740715513
8659,0.10608711571479312,0.12852446703167852
8660,0.11063840536083003,0.11416713081217922
8661,0.10241050794570783,0.10925124927709917
8662,0.0958955767932983,0.08985571032207695
8663,0.12101033405409622,-0.7275815366716387
8664,0.10995438640108679,0.11771686744852472
8665,0.09072405028177966,0.1338538226426884
8666,0.11914500926489979,0.11788342505680993
8667,0.12719513689533768,0.10881059064219833
8668,0.11177182363600568,0.12183091735284513
8669,0.10971487694011706,0.1075088279925025
8670,0.092266485543129,0.13328505522871414
8671,0.12661009247051558,0.11409871996227605
8672,0.117367766759912,0.11342209546034443
8673,0.12407209894185978,0.10710878237986221
8674,0.11366036740099994,-0.3843958283867195
8675,0.12278131292014716,0.12064668657691291
8676,0.08579912078092966,0.10874233648626297
8677,-0.5344170897414116,0.08843716711093208
8678,0.1080414470906006,0.11794978587390048
8679,0.09976004950213802,0.10918027576158162
8680,0.13814414174344036,0.09771258029490637
8681,0.1275294060693708,0.1054254069467444
8682,0.107860807279482,0.11209441191409164
8683,0.10532099737259837,0.12581927818042504
8684,0.11838030700241031,0.10897228015804661
8685,0.11324594900490603,0.11737752416334701
8686,0.10418139986141073,0.12160166469924705
8687,0.1161858192515779,0.10785158057123478
8688,0.13164197572611358,0.1102028599609779
8689,0.10741391083177398,0.0972559780689477
8690,0.10724758992395289,-0.5338277325328784
8691,0.12099795732593077,0.12612880342006516
8692,0.09976552766581182,0.11808729257810002
8693,0.11716551521017227,0.11474594276841033
8694,0.10022646869079233,0.11486849444572766
8695,0.10258468052024705,0.1166759725581632
8696,0.10597781652912497,0.12403862145575939
8697,0.11396613706379144,0.12711405540999432
8698,0.1050973486551603,0.10888020544832
8699,0.11214629189591663,0.10653280337899651
8700,0.09324291352161618,0.1075418282142988
8701,0.1061928252032196,0.10216465089108673
8702,0.10564507960080416,0.11654792262829616
8703,0.11729295634226755,0.08724000399757093
8704,0.09351364638225945,0.11646632298051074
8705,0.11645253403271227,0.10894883034510427
8706,0.09953359391271399,0.1002752452067186
8707,0.12021425108068651,0.10202955590399387
8708,0.12724728988855616,0.13357288575301585
8709,0.11756190024730784,0.11171534393593618
8710,0.11755533787104033,0.11794754241018546
8711,0.12435481836154016,0.09341755353251768
8712,0.09379222721187364,0.10419058106512269
8713,0.1125531985913697,0.11296287999929633
8714,0.10541514045540334,0.11274116506606768
8715,0.10253044010469292,0.09997501979052514
8716,0.1209882419070234,0.1081846156361661
8717,0.129195409303428,0.13127152814013
8718,0.12586469703720216,0.11939594907113604
8719,0.11164770273882163,0.11970742240723475
8720,0.11836445897946524,0.10443711069155204
8721,0.11006337905719388,0.11509897801276825
8722,-0.6100770593152426,0.12184986337940518
8723,0.11693167176966557,0.10836720396610855
8724,0.0954153789206571,0.11446309116153497
8725,0.10713366440022165,0.09604513775445245
8726,0.11423737537325795,0.11836148559937243
8727,0.09272636264218548,-0.6744628882329275
8728,0.1110345265080932,0.11990495430815984
8729,0.08314943916407214,0.09929319668349645
8730,0.10254937231361927,0.1185029598144276
8731,0.11575163692461432,0.10739383044916662
8732,0.07460389849464755,0.10543284840664469
8733,0.11464939170833421,0.12174261024092403
8734,-0.5047056764127438,0.10918407162699006
8735,0.11933757848059079,0.12476944392321587
8736,0.09932176267822102,0.1331247301419327
8737,0.10909937368335987,0.11845615005663923
8738,0.10676371927669281,0.10430079798490755
8739,0.1006892395905934,0.12078656959594003
8740,0.10361367812267819,0.08798915275384811
8741,0.10672493227540425,0.09322660852248621
8742,0.09458568289032465,0.11306313165277282
8743,0.1077663039396759,0.12361511412241266
8744,0.10769687582573928,0.10219787270232139
8745,0.11795860707271233,0.11694024710422157
8746,-0.46123905075736715,0.10060896803490049
8747,0.10875524205562193,0.10436288113642522
8748,0.12634630657666457,0.09999621231869149
8749,0.1313188267698704,0.09993040069055326
8750,0.10283863421969985,0.12566986102498534
8751,0.10611507182780433,0.1044475398861966
8752,0.10908966278494248,0.11707382737541794
8753,0.12192999175158037,0.09095483848445829
8754,0.13014187094919194,0.11181275596279794
8755,0.10274281381081396,0.10769783102490882
8756,0.11156148157203005,0.09200922171411174
8757,0.10451475994909876,0.09340305525060999
8758,0.08011147613246794,0.12333624492338857
8759,0.12285080984768437,0.11678421362002722
8760,0.11284258460126351,0.12891115700225186
8761,0.10061601963261824,0.09519642390400862
8762,0.10673870325489387,0.11525282511502177
8763,0.10915783699765313,0.1055100283800301
8764,0.12272256116807223,0.1096413783057848
8765,0.11209130858793381,0.123093706929299
8766,0.13614101588539596,0.10655512392823852
8767,0.08971012286889768,0.12588128882582383
8768,0.10366194183928612,0.09665994143501933
8769,0.10984521782810841,0.10795423539783133
8770,0.11623213316103831,0.11272313645577925
8771,0.10621780240931877,0.09944705226255013
8772,0.11391335087333765,0.10858054478244572
8773,0.11785047964471063,0.09929799993711463
8774,0.12230079710669761,0.13331267202750197
8775,-0.7924058881798741,0.10255735091059748
8776,0.08607360655106966,0.11082067510615379
8777,0.11279369524542782,0.0984837892731456
8778,0.1174582943956568,0.11020323660451603
8779,0.10473639978384797,0.09403516286961278
8780,0.10367065603147951,0.13427591673678996
8781,0.11967717135762301,0.09183208155150946
8782,0.11935586429146183,0.09893300550157447
8783,0.1252477819025788,0.0968984910966515
8784,0.11290605739480464,0.1126311616612492
8785,0.1061886343598637,0.10344725363257168
8786,0.11169226314535963,0.11316898780655982
8787,0.11900964445238826,0.10680472305661204
8788,0.10986615058371174,0.10014134606415737
8789,0.10839433316076064,0.10996154417652115
8790,0.11471078298272497,0.11107136316493582
8791,0.12261289315958046,0.12488433973720392
8792,0.11948644137430864,0.10525861808191372
8793,0.10754651532003634,0.09953459435096801
8794,0.11095084186760595,0.14453655916935526
8795,0.10776310968879943,0.11754706533623471
8796,0.10271076726234041,0.1208463838492535
8797,0.11860485760574524,0.13183009705003568
8798,0.12179567212143438,0.10595361390299485
8799,0.08307380035923928,0.12292944545636675
8800,0.11966793023179312,0.12855307642281355
8801,0.11794975741351443,-0.721472217587477
8802,0.1110094847701395,0.12809907346979954
8803,0.11066104901236717,0.11021732838995768
8804,0.11120352908043363,0.1099428845403152
8805,0.10910141501749426,-0.6058259920591036
8806,0.1281086919802803,0.10461635803047886
8807,0.1276293108623514,0.12537754676588886
8808,0.09972580044609214,0.1073756113641493
8809,0.11374056330755522,0.10001960687730072
8810,0.1059344563983633,0.12183286898742907
8811,0.104983456794558,0.11290168979463977
8812,0.11804075643007961,0.08571940654329913
8813,0.1255108401914964,0.09957673006988044
8814,0.10285273178974408,0.1067385979262172
8815,0.13376044890548,0.11562552411500149
8816,0.1028435337035154,0.10957765446688583
8817,0.12279404120433957,0.10331847044318931
8818,0.10353995160038099,0.10824810878871216
8819,0.1181995987121891,0.11272332962401177
8820,0.10751642315401155,0.1277538108769105
8821,0.12027028899535774,0.0931397471246258
8822,0.11290530048084779,0.09225293582871053
8823,0.1249553404870487,0.1133021615877523
8824,0.10532662613015575,0.10635562469264892
8825,0.11008736470380054,0.11061296169997203
8826,0.12002138282290509,0.11490891478494114
8827,0.11691453779329031,0.12076630167222335
8828,0.11511940271786347,0.11342547164612737
8829,0.1338416857798197,-0.7418745772167701
8830,-0.5297702807364564,0.11457684173672211
8831,0.10141034631861956,-0.48067927293324364
8832,0.09034329702511434,0.11381872651137903
8833,0.10895607652866413,0.11282230528284831
8834,0.11941801708960798,0.10574568164150389
8835,0.1345450943989701,0.11728530809437632
8836,0.10936316170285965,0.12178180647460612
8837,0.09527830403996007,0.11517114771616921
8838,0.10044583319684453,0.101248146460591
8839,0.11586516610198716,0.1304616071069009
8840,0.10398937590206159,0.1290254169560925
8841,0.11877875044610664,0.10150604021447385
8842,-0.8297483628510179,0.10990292305787874
8843,0.10828438010180763,0.12851051594066698
8844,0.11759543922890314,0.12664547304295715
8845,0.09513640970015236,0.12041383861980659
8846,0.11673159790236864,0.11001086410170102
8847,0.10378035209965564,0.11553057733036454
8848,0.11647895583242374,0.10410070662473103
8849,0.1181467318818723,0.12062306819874125
8850,0.09792489911693414,0.13168356067595544
8851,0.08487491140915204,0.10698774901853358
8852,0.09461828149302276,0.10903653655759715
8853,0.10094204063593182,0.10685113024677317
8854,0.11487871498944324,0.10614486165752224
8855,0.09233845514256966,0.1081352984021231
8856,0.09903081066894792,0.11726707682889193
8857,0.10911306605882354,0.11646566241322587
8858,0.12008273556788884,0.1066775224174723
8859,0.11878653685231422,0.10681104887677284
8860,0.09625971394320954,0.09502959036207392
8861,0.11651509154489403,0.12447968248282137
8862,0.11738180892465322,0.11497135521822033
8863,0.10473643755506945,0.098935519234427
8864,0.11352715169925265,0.10283716273098875
8865,0.12325566029605928,0.11945437780256674
8866,0.10570729082121866,0.13540244162327597
8867,0.12029864297587611,0.10781416234557484
8868,0.11008731867728883,0.1347253317989805
8869,0.11718476251398591,0.10443079626553486
8870,0.10535655307309,0.12225442941487508
8871,0.0956767549192119,0.12323268185426106
8872,0.10005347957915811,0.08433810869588831
8873,0.11144431176123715,0.10978485369574886
8874,0.10435917337070344,0.09814279248686941
8875,0.12419023563526976,0.09909828927659348
8876,0.12191734165621337,0.11016951826817323
8877,0.12202908233070131,0.09196670442932353
8878,0.11099223542415904,0.1087336121021234
8879,0.1052832301346458,0.08310759009574165
8880,0.11925466377993832,0.10520679146473144
8881,0.11562940601992144,0.1165868417614564
8882,0.10318234386261316,0.10349354667409494
8883,0.11074450857843399,0.1229922660554732
8884,0.10113361387474473,0.10761128121411412
8885,0.10952729605282974,0.10499333262258737
8886,0.1011290125575437,0.10377560772765371
8887,0.14375439492191688,0.09907961545633248
8888,0.10738776029753794,-0.660856288804461
8889,0.13733935548864507,0.11320290344020001
8890,0.12272203635717771,0.10735670805721886
8891,0.12121752686368503,0.11566455251303065
8892,0.11651259508441525,0.11368261998825369
8893,0.1116957215612071,-0.35292119276882594
8894,0.10246850888517578,0.10471158659788538
8895,0.08289592056131179,-0.5411453955111287
8896,0.11217958598417432,0.09605549862344809
8897,0.11168066207603644,0.0834465522086627
8898,0.12205670120095591,0.0944462540382267
8899,0.10169591917364196,0.10515315197404163
8900,0.10560218457117854,0.10628296816606486
8901,0.10540052009893253,0.11563594944775257
8902,0.11517792874539023,0.11959260474363953
8903,0.1278423450636823,0.11001477422577954
8904,0.10923692491583892,0.10417527739798738
8905,0.10578714082332041,0.1188355632293292
8906,0.10353711256824116,0.11827443544892136
8907,0.10511311263507928,0.09697850102401073
8908,0.11671827809782309,0.13056474507078542
8909,0.11591974449797604,0.10856230484772778
8910,0.1099916864807613,0.11634406007502185
8911,0.0982409267071469,0.12451024205554972
8912,0.10551898178470975,0.09532473512245332
8913,0.11362696879505507,0.09979969838516767
8914,0.13409502705742593,0.10355649320484583
8915,0.11201108078146027,0.1175111108539022
8916,0.10629236684670218,0.1101530623155269
8917,0.10209225464395955,0.11288640092405688
8918,0.12065041343802907,0.1086879641766596
8919,0.13008385778581877,-0.7568288489728124
8920,0.11690438243623213,0.12524197845434681
8921,0.10863391271974154,0.11926754326766886
8922,0.10906387402209616,0.08399040070446984
8923,0.10283579851523705,0.10046811031301583
8924,0.12356004354359862,0.11364948235401684
8925,0.14519217579037935,0.11810697725590957
8926,0.10554614834658405,0.09779819633930797
8927,0.11441312872835185,0.11546864056235195
8928,0.11620486720296941,0.11227211169991569
8929,0.11970798064640831,0.10234964157894555
8930,0.11769522292833678,0.10703202619506791
8931,0.13523629270756943,0.11027769006662158
8932,0.10626451286826422,0.11145254402762195
8933,0.0971770480421299,0.08504011324961724
8934,0.09779054559372335,0.13421820858790667
8935,0.1241509010774462,0.11581456176861504
8936,0.1139760567083481,0.11033692518050198
8937,0.10086618307397233,0.11970323009682993
8938,0.11997123568840018,0.12106027228389404
8939,0.11377349003799386,0.11347970273788954
8940,0.09981088493337564,0.10839279325924744
8941,-0.5683616995896477,0.11456086922655118
8942,0.11817229848139754,0.1183748198839647
8943,0.09483245626477443,0.10662201322774134
8944,0.12300383331451559,0.10698694919916929
8945,0.0912290772305282,-0.6940409282843315
8946,0.08590139300490152,0.1113241860606291
8947,0.11867629128536139,0.09880827060628539
8948,0.09285673261503757,0.10034628076423369
8949,0.12198481666292227,0.1157461079827482
8950,0.1089071073004082,0.13121965269117353
8951,0.1063903876295893,0.10673465293844586
8952,0.10789207306737536,0.12866572081441663
8953,0.1197746350722182,0.10440815898934153
8954,0.13416019883186348,0.11132908951406906
8955,0.11812111362328936,0.10487068446981462
8956,0.1108509077991866,0.11134795854780344
8957,0.1107971196171138,0.11465554749489337
8958,0.11515680994917821,0.10547213210381234
8959,0.10805082438786173,0.1026138036773041
8960,0.10678118764411515,0.0899634374422229
8961,0.11320666444572436,0.09474657528518082
8962,0.11257598711125483,0.10474266162021006
8963,0.10879997014826737,0.10719777673740927
8964,0.12226010427435541,-0.5067089929754183
8965,0.11534966816684067,0.09911264383570417
8966,-0.74518673725672,0.11518462655289352
8967,0.11957493763999061,0.12699795745695663
8968,0.11661852553444452,0.13128984605006866
8969,0.1126248083970458,0.12329642610594527
8970,0.07562686309131106,0.12740415829596885
8971,0.09509334243949175,0.10106514701452696
8972,0.12048136836908463,0.10993436496551512
8973,0.12108417285605788,-0.47375450885254855
8974,0.1098126547889009,0.11015741235789012
8975,0.09000344526876636,0.09100439631912982
8976,0.10139069554551794,0.1333594995538392
8977,0.10228070666942202,0.09162557211352884
8978,0.10962188532918216,0.0990861551692217
8979,0.11558570815638491,0.12278556577254962
8980,0.11649876666580883,0.11368760844908676
8981,0.11782386305033388,0.09976437472554744
8982,0.1120078874915249,0.1130494744521926
8983,0.1114316869379226,0.1086681689340756
8984,0.11330879782642178,0.11208394777379849
8985,0.11251395578153778,0.10898541144217133
8986,0.12315041971352692,0.11428498819818422
8987,0.10310121814161066,0.13229445723786148
8988,0.12878448833979728,0.12280769886311282
8989,0.0883223314689201,0.11472904512268145
8990,0.10347791683640906,0.09972357269879639
8991,0.09181827708448975,0.12721573422279553
8992,0.09459672699761423,0.09868350105688095
8993,0.12780834538964259,0.10067674143299143
8994,0.10304103002743425,0.11224622298084364
8995,0.10292852164134425,0.10693840753897055
8996,0.11881105306366102,0.10337372172780102
8997,0.12734869087837009,0.10015507074369823
8998,0.095272979288336,0.11528414268010168
8999,-0.6448480735090334,0.12384200639961618
9000,0.11587965027870828,0.12795889212132971
9001,0.11705116473474209,0.10917078806511182
9002,0.10675405535961557,0.10363734848652695
9003,0.10014669845122226,0.10865016402109418
9004,0.08658165261839956,0.1389388562473064
9005,0.11391209730871443,0.10756018833310477
9006,0.12158989692921751,0.12384209326540807
9007,0.12239340246497665,0.11419419383449747
9008,0.12092887193485002,0.10159387965228905
9009,0.11275382573448622,0.10621638634366559
9010,0.10013773859312947,0.1088905598842771
9011,0.10708039117044299,0.1117028156202482
9012,0.11482932595363615,0.13095312758035482
9013,0.12706722433655315,0.09947457204435484
9014,0.09807317591150766,0.13717772500982295
9015,0.12891800172247114,0.1267065763148476
9016,0.11486160233044784,0.11178064857620118
9017,0.09560062890371346,0.10513887013144485
9018,0.10556245282861876,0.11383593698467065
9019,0.10613914068907215,0.10711262559453316
9020,0.09671954670361615,0.1103429680864565
9021,0.11301435930158554,0.12601720974230401
9022,-0.37267867172670177,0.11591581883734348
9023,0.0968179713973436,0.11614042602866936
9024,0.10923939782762226,0.11326793963621884
9025,0.12692192175241068,-0.6210915615859207
9026,0.11439521785700979,0.12134691077631743
9027,0.12084841388004541,0.13599788343576913
9028,0.09961693007161165,0.09250377701091494
9029,0.10338856744090208,0.11908281988694625
9030,0.10443524077891086,0.12416761016536437
9031,0.13437208982944582,0.10892760213294328
9032,-0.36171920307491034,0.12791714333035387
9033,0.10073088689035803,0.12193955150148517
9034,0.10388174571864628,0.10249811309101697
9035,0.1143111493250697,0.10092504900080779
9036,0.1367771745333255,0.12013342671921157
9037,0.11544508261163089,0.12089753407357096
9038,0.12962841499561306,0.09796896969674918
9039,0.1077974607396135,0.1293245690045559
9040,0.11018493558202014,0.12823346492332743
9041,0.12193996244474681,0.10727707944371323
9042,0.11286564843346936,0.09526891213027011
9043,0.11605817263386231,0.11314086671129497
9044,0.10163842080038843,0.11592602802552676
9045,0.09713092898307019,0.11252391258768157
9046,0.10644152211346003,0.11588160204918352
9047,0.10070356613198306,0.11557538998701067
9048,0.09790394518581591,0.12056856055057064
9049,0.11885895818823844,0.11139908397714127
9050,0.09428071138966199,0.09689500306336729
9051,0.1283645232038435,0.1196688872232301
9052,0.1277496228927728,0.10783909740200293
9053,0.11246276206950268,0.10145266002441145
9054,0.10705166540104605,0.11301537984598298
9055,0.09851359783334912,0.11163549490542013
9056,0.08904878973671759,0.12807904351661126
9057,0.09659400665319029,0.11224753482972827
9058,0.10026635284038221,0.10681134378835067
9059,0.12215007044558446,0.10304260171468682
9060,0.1131112994996688,0.1174920923564029
9061,0.110042763081599,0.09569744248317114
9062,-0.6149198305181967,0.11683461928202421
9063,0.13626616480970655,0.11085783943931604
9064,0.09825334340079772,0.09862980766072527
9065,0.09120627691398342,0.12105863539671491
9066,0.11543138322453572,0.10455432457824121
9067,0.10859254876764246,0.10919179893220221
9068,0.13272900273641586,0.09188395170144448
9069,0.12084303523545392,0.11264357137788927
9070,0.08847133824656095,0.09924286235833679
9071,0.1418621556376356,0.12023796109357332
9072,0.10587958471161563,0.10220887816127489
9073,0.10529674940317957,0.10639891584962036
9074,0.11286369370803984,0.11692960202692149
9075,0.11463540422377605,0.08534739607370767
9076,0.10301989584011673,0.1099007407881385
9077,-0.47881633477434227,0.10975572330121985
9078,0.1099070309034964,0.12222212520962272
9079,-0.700042768549505,-0.8110500262335192
9080,-0.5610104925387682,0.10638701622656299
9081,0.09729528641418872,0.1117118545232203
9082,0.10711663954918871,0.12628218366247967
9083,0.13364640855984833,0.111119099756114
9084,0.1058851819516684,0.09722034739222707
9085,0.12166774823298865,0.11875225068306139
9086,0.12674798025149503,0.10698877749609559
9087,0.09910719638029897,0.11111249857461103
9088,0.11424773628478935,0.11936227163184343
9089,0.11637288227212905,0.10734209127964345
9090,-0.5054556348588184,0.11766058637639665
9091,0.12180121607606353,-0.5192351805011934
9092,0.10160943868839833,0.10283036479000307
9093,0.10301916134451017,0.11956920724203846
9094,0.1086129881169664,0.09646562024878613
9095,0.12223648865587577,0.10740261398748974
9096,0.11834882049244833,0.11880008658552721
9097,0.1164520079872775,0.11629531719210395
9098,0.12495434601715472,0.1347472706509858
9099,0.11465577020228368,0.10506321259946261
9100,0.10509119967183023,0.11867435342844601
9101,0.11514195076348566,0.11217658948387754
9102,0.11050164610077795,-0.4987058453637925
9103,0.09938267613286977,0.11763102011319981
9104,0.11467464030272145,0.10313567062740536
9105,0.12709970260432923,0.11747144601327397
9106,0.08904381250139459,0.09130214428435535
9107,0.10090043909140989,0.11915997568919057
9108,0.11803068374898396,0.11785492010487486
9109,0.0942938093974306,0.11111068979553407
9110,0.08496821197010695,0.10417506646934838
9111,0.10164695289329218,0.09101735921728293
9112,0.10366704206372357,0.14450135307029455
9113,0.1108298176333462,0.11701762583386532
9114,0.12219511849807896,0.1040860280181315
9115,0.10976589808657833,0.11346357717346134
9116,0.11380275813776519,-0.6908611831271376
9117,0.1155859878760499,-0.43206161131171805
9118,0.11775332138736139,-0.36623915070530766
9119,-0.6038442749661221,0.11010213988728679
9120,0.09773449976586024,0.09808412401361966
9121,0.11240280723518792,0.10360067712576737
9122,0.09762211155462275,0.12914612670586134
9123,0.11469860080099936,-0.6907215847432744
9124,0.13137192190751135,0.12516934609073327
9125,0.11413001918432597,0.10467645455591512
9126,0.10608282697135185,0.10870999077205679
9127,0.11354936658405834,0.1158672556308491
9128,0.10897034244128978,0.11418790451243921
9129,0.09863172076596549,0.10817556790333094
9130,-0.30566925450070803,0.132232861974781
9131,0.1067346313921329,0.11172133163968612
9132,0.09675467350410072,0.09805317465156183
9133,-0.6698044836956667,0.10631609673221964
9134,0.11377286648450302,0.11066966694036529
9135,0.09314943211142301,0.10142250910811246
9136,0.11480836721185206,0.11317304387282401
9137,0.12383835906581209,0.11691645251378602
9138,0.11506217014163611,0.10525639135134979
9139,0.11223026393480828,0.13598969027699637
9140,0.1008263578612858,0.11090175593472518
9141,0.13208033044192646,0.1120430587887884
9142,0.13010375433427224,0.11121797203463357
9143,0.1040556124892118,0.11501553559100408
9144,0.10679623217931633,-0.39543935966956023
9145,0.08536941475118942,0.10128785128273332
9146,0.10072824728778462,0.10438213825958331
9147,0.11112307460273585,0.11796086738176803
9148,0.11533125607416594,0.11662067437713564
9149,0.11797390389423335,0.12553352082873337
9150,0.10235782468652443,-0.5906236633419937
9151,-0.49094795992297124,0.11182308165018706
9152,0.112574976845905,0.11621320339408925
9153,0.10632669904352143,0.11799424223611643
9154,0.11701454897864139,0.090244320001583
9155,0.12590937126301815,-0.6423362382798388
9156,-0.5842597472285371,0.10569108828113194
9157,-0.4342067797543381,0.11360009006834737
9158,0.1137488186312583,0.1132519569442676
9159,0.09933463455945213,0.11890180515128046
9160,0.10930230706944277,0.09170721245246227
9161,0.12162675181685678,0.10005863800656911
9162,0.12302766472382487,0.11150170429705986
9163,0.10964848193697918,0.10159531171958558
9164,0.10896513849853662,0.11829324757387161
9165,0.10509617161591422,0.11010424894145787
9166,0.11630061900345878,0.09556506060811598
9167,0.12426914007851031,0.10524259190613927
9168,0.1209261780305868,0.09998068653422054
9169,0.10652917382724247,0.14044648711568986
9170,0.10918033452092768,0.10414385981721863
9171,0.09926011703702953,0.09764739091284369
9172,0.11656136551108087,0.08829782688656995
9173,-0.5290251914585073,0.10383909603939268
9174,0.10961165148734331,0.11556684145102092
9175,0.09217303002501853,0.10930452341166408
9176,0.08967806308140602,0.10556694756421092
9177,0.10610494007188653,0.12906646893385876
9178,0.10326387516175473,0.10680713324124924
9179,0.12322574788138607,0.1003679214168407
9180,0.10981636949719542,0.11141050688065102
9181,0.10409189226480531,0.10377890505479592
9182,0.11362817927177282,0.12267536514633881
9183,0.11673119751597016,0.10400409208000383
9184,0.11018507627292795,0.10655925458141624
9185,0.10840576526665346,0.10271507862537943
9186,0.10224200050824273,0.11417679657114022
9187,0.09080856855228259,0.09124596296926768
9188,0.10883795724430101,0.10703818520359687
9189,0.10198632909531202,0.12197197647259661
9190,0.11894214009520443,0.1140501937444518
9191,0.10786263700663934,0.09165146156015314
9192,0.1143722568283172,0.11948101143809242
9193,0.10927952059783497,0.10038512010428469
9194,0.11682626367194171,0.10914313958426058
9195,0.12470882456865295,0.11006674530204119
9196,0.09354246965875768,0.09331760592053229
9197,0.11322155469347095,0.12225358490474414
9198,0.12330248525662935,0.10570379625337911
9199,0.12465168721606057,0.10239925289932472
9200,0.12873642989841372,0.11550197447839339
9201,0.10382575457162257,-0.6502894226364231
9202,0.10576955596835202,0.11485363643922497
9203,0.12329745728748165,0.11774058388345221
9204,0.09679662454335602,0.10113108793948333
9205,0.1286270117244679,0.1157452097439966
9206,0.10975293257624763,0.10213099900466815
9207,0.08450234033166582,0.11718764162586459
9208,0.10516823437675993,0.1173432830870822
9209,0.10805431307432078,0.09701500842934974
9210,0.1026679451960002,0.13331171583184398
9211,0.11144627245855876,0.10850098926362484
9212,0.11217150420353295,-0.7104086527481754
9213,0.10568027025730031,0.09629530634638073
9214,0.10955907346859917,0.10906480680061192
9215,0.09467135141247307,0.10195312696478775
9216,0.11413191540748957,0.09770402155293456
9217,0.1265562212704221,0.12897960599120917
9218,0.09441914588640588,0.09949385800867172
9219,0.12011106471656197,0.11809035503480336
9220,0.12090791171049498,0.1165568795128753
9221,0.09085809399048839,0.11049969396496695
9222,0.11384430567930304,0.09911432949619159
9223,0.10012285295121082,0.11852708749803575
9224,0.11352873746898484,0.10534262963618435
9225,0.11128221967778718,0.10965368918735163
9226,0.12183825556564654,0.12379799802582747
9227,0.10768885749190948,0.10630214830963225
9228,-0.5928052608854883,0.10138496308405265
9229,0.10595446449466217,0.11040190248917447
9230,0.10517180611650345,0.12312562712176844
9231,0.11951734511725687,0.10554462861625669
9232,0.11410571682422099,-0.7139415428074496
9233,0.10482721212650015,0.10385104402410139
9234,0.10763313058333424,0.10893715894589939
9235,0.11259195283722723,0.09019022161518797
9236,0.10694442300841178,0.11922689671254183
9237,0.11769863128448455,0.10513225087151068
9238,0.11880880731012322,0.11145067982326462
9239,0.10664141224449564,0.10575426637780572
9240,0.11757657211992845,0.11262592066005839
9241,0.11839365637183619,0.1064071973006473
9242,0.11695347373524645,0.11612137773775788
9243,-0.6187212692349047,0.1052764929174903
9244,0.11058735869104774,0.1085878389825381
9245,0.09910668855438565,0.10633464089518352
9246,0.11785299953494177,0.11579435707582508
9247,0.09880113223138998,0.12053960619267645
9248,0.11494609921925658,0.10636031907234922
9249,0.11429562463858112,0.10715325774774143
9250,0.10214519445164161,0.0933641125903939
9251,0.11171030422468053,0.1022908818539463
9252,0.0827769871128301,0.09793182432748426
9253,0.11656269880637415,-0.4641586847396545
9254,0.12523232874547596,0.12107411483695385
9255,0.10373307840771884,0.10423926225223035
9256,0.12912628662153414,0.1201453959532488
9257,0.11328345245612947,-0.5114903619153759
9258,0.11298208494536621,0.09342378684641828
9259,0.08386762711224782,0.1074806006923994
9260,0.09973304043976805,0.11176038951805234
9261,0.11333397689769509,0.09854248860545578
9262,-0.4421217667911628,0.09978961462573133
9263,0.10121505636685146,0.12115641245953457
9264,0.11420268357181929,0.0970101112493067
9265,0.11799920401303798,0.11159841239393686
9266,0.10996405535404086,0.09045894152657219
9267,0.11149433497753614,0.11581370099970156
9268,0.11281566890006989,0.10413167202206286
9269,0.11264980721207207,0.11505450892335678
9270,0.08120530652864288,0.10463038172594774
9271,0.12416987288099213,-0.48555802171877627
9272,0.12456892169348732,0.10382148672211144
9273,0.10749277592385598,0.10448140376111437
9274,0.11162827894834426,0.10074206853436918
9275,0.0884529331375774,0.08454236950207084
9276,0.10955262597127713,0.1033502000722426
9277,-0.6633210743753492,0.10404380019803794
9278,0.11723701301910583,0.1259835500950821
9279,0.12593473849097503,0.12481746170797736
9280,0.10463858366881706,0.11120747698433275
9281,0.13449876747246892,0.1133825714437664
9282,0.1323647545883242,0.09951853101678143
9283,0.11391467274192957,0.10082408194088877
9284,0.11907154799853847,0.0857381478977024
9285,0.12662741671872113,0.09608513186070766
9286,0.122210446811023,0.10411900006161234
9287,0.11929497897082486,0.10317653637840518
9288,0.1108025301791411,0.11544782590510483
9289,0.11010523908020597,0.10439128966140387
9290,0.12200524514382649,0.11733171344873972
9291,0.11293076718271089,0.138389179981113
9292,0.12299929990703018,0.11503709748183266
9293,0.11393618288701068,0.09624389346061824
9294,-0.553306343712161,0.08146704084848055
9295,0.10865967583848546,0.10649599786704966
9296,0.10780838045484131,0.10873496964298957
9297,0.1211623047650292,0.10078525247524484
9298,0.11930697371876442,0.12229814698701658
9299,0.10903242813748082,0.10981284914004741
9300,0.10852466070072375,0.1058476700072557
9301,0.1318564358008496,0.10759029099120698
9302,0.10776269506932334,0.08985176920203375
9303,0.1108854634076204,0.10155359739157688
9304,0.11443002705510219,0.11444124749901752
9305,0.10362494826134383,0.099071789334086
9306,0.11623400756591962,0.11079026372742451
9307,0.11337008232127355,0.11278848788545459
9308,0.10994212703920914,0.12244601724140325
9309,0.09008950848702657,0.1083551779130405
9310,0.11907384927248565,0.11532236835640397
9311,0.11497405128260474,0.12428593708519364
9312,0.12755748200676997,0.11645514192232054
9313,0.10797410685148567,0.09791649969503147
9314,0.09205196087687528,0.12369922996416993
9315,0.11235498334447103,0.11692593636796045
9316,0.11486447943920997,0.1079679705883636
9317,0.11218105221190267,0.124275062320655
9318,0.13034078530054827,0.09744206236908615
9319,0.12153154995324589,0.1069884669561465
9320,0.11545350357550155,0.11496154773379863
9321,0.10665444577089156,0.10192401051318734
9322,0.1215384163861446,0.10843225106985122
9323,0.10854193182248184,0.09870063148696007
9324,0.1056170294460117,0.11502449475772569
9325,0.10352424581762065,0.10155921867928641
9326,0.1267126926152482,0.08589561323777106
9327,0.1289621497090747,0.11950314593857647
9328,0.10053091244092038,0.11405296978693857
9329,0.07685311074841361,0.10502956176791622
9330,0.1072813776799677,0.09247983492121814
9331,0.10899500201640544,0.127133741082609
9332,0.12146581920645949,0.11048976423347612
9333,0.09970253159506082,0.09794144580799924
9334,0.11671038708132064,0.11997467615588353
9335,0.1131101346668415,0.11316810931043442
9336,0.11804733507986387,0.09219637726338581
9337,0.1089084328996659,0.09554373084197998
9338,0.10681933727436288,0.12152261421118515
9339,0.126650267179506,0.10911709597563912
9340,0.09002938269098992,0.10423778837245634
9341,0.0980188018622874,0.1060442715559764
9342,0.09983343566235159,0.10695745595831463
9343,0.11109946002784588,-0.464677028944251
9344,0.10834928226596663,0.10088816297711789
9345,0.10530451526883078,0.11938084090625001
9346,0.09981322743640875,0.10866872334064714
9347,0.10709512932900767,0.11324899294973978
9348,0.11928392506174434,0.11221452088229023
9349,0.1073454270994123,0.10878694607111972
9350,0.10994687796896119,0.09969533764036975
9351,0.11168143459956914,0.10580069936944159
9352,0.12479689854875575,0.11464764025764573
9353,0.11631203908890275,0.12021457544700898
9354,0.09631819509427997,0.10455428072355599
9355,0.1230725524708769,0.11380862479659282
9356,0.09813372197718451,0.11206827567601407
9357,0.10220606682959765,0.12932776644109478
9358,0.08723040555655337,0.10915032430961502
9359,0.10495260613396895,0.11760212073892884
9360,0.12607056128306993,0.09728493640025948
9361,0.09126211577415178,0.10612650533179968
9362,0.11943681766602965,0.10459857393475347
9363,0.09967527062961934,0.09364456465536541
9364,0.11765660464222183,0.11889886712787767
9365,0.11476181443012567,0.10709685709004169
9366,0.12477022847416452,0.11210405902545828
9367,0.11249432060626563,0.10528976835626991
9368,0.10260216332354233,0.09964929545612344
9369,0.12306601529673622,0.10299021360233951
9370,0.1337003328725248,0.1041081301101443
9371,0.11313581549642038,0.10091317800050192
9372,0.11003020548044917,0.09896455355770728
9373,0.09548770276668939,0.10633413273954573
9374,0.1359848125567369,0.10094086116363732
9375,0.13097281771172442,0.11041563444239921
9376,0.11972709276264792,0.12675276998105423
9377,0.11635392594203897,0.09607901727550239
9378,0.11274124320178158,0.12168317516354699
9379,0.12218562966803659,0.10090071229449515
9380,0.13389302228887612,0.11045660672380664
9381,0.12272264713774472,0.11118458597175973
9382,0.11635068365163592,0.10996006644698086
9383,-0.6194172557698561,0.08685475424293054
9384,0.09342991602363737,0.13342907264612958
9385,0.10059295898743614,0.10495230844049042
9386,0.10709114708450373,0.10135428813446024
9387,0.12001306250938537,0.11088941650068573
9388,0.11430430830559568,0.10900137989604097
9389,0.10824859048155955,0.1204378925451044
9390,0.1182305357576281,0.11483233068680687
9391,0.11428277514483898,0.0911320310425836
9392,0.10457011175810416,0.11006553981996636
9393,0.12464054959787108,0.10669230082631431
9394,0.10290059250506989,0.11343351284553327
9395,0.13811654291558484,0.12326759657764996
9396,-0.6659698671047061,0.09766191164202254
9397,0.10360884701391115,0.12730211344683817
9398,0.11087136754361482,0.12481897286297028
9399,0.08991774957555876,-0.688871361201222
9400,0.10542453790591111,0.10891115925712769
9401,0.10485093674355417,0.10081848765764123
9402,0.10052286039927871,0.11607911598587184
9403,0.11855206049878486,0.10216159268138969
9404,0.1150249197181219,0.09894148640113554
9405,0.11206207042942018,0.11716611095320162
9406,0.10388179091189875,0.12809381359537642
9407,0.10097246851468533,-0.6193127404224282
9408,0.09052854701868585,0.10854927291413952
9409,0.10108815621306477,0.12076140935349589
9410,0.10387756574259632,0.13177956021978754
9411,0.10652812538868406,0.12155250020044428
9412,0.12583606362292055,0.09355651181541913
9413,0.1189914318352101,0.11010418453338588
9414,0.11365372834940923,0.08723879571887405
9415,0.11334521661129893,0.11129441176186616
9416,0.08424956488098756,0.09650082143546257
9417,0.08927171828543812,0.10598675071789887
9418,0.11436282953633325,0.11968701125965131
9419,0.11016792221868887,0.13003545143143702
9420,0.1210724495712987,-0.6472544903213382
9421,0.11532275261951508,0.11224078460427123
9422,0.10974821215615149,0.09789977453537557
9423,0.11006064598385357,0.11010958118649694
9424,0.12494200057905647,-0.4996084188085418
9425,0.12587918702541012,0.12086371756168801
9426,0.1204914672341626,0.10867071471777257
9427,-0.5562539248246252,0.11165525566688106
9428,0.12299482508699411,0.13140816199678795
9429,0.11085356888868203,0.10901029370882687
9430,0.11559308185119055,0.10290140544820203
9431,0.11111781513805807,0.11225952598742683
9432,0.11554461869536325,0.11528487003716936
9433,0.12333310494319405,0.12835318155997655
9434,0.11322599202625061,0.10073551748025689
9435,0.10057242866555938,0.09902112775594363
9436,0.08342835890877787,0.10865027169024044
9437,0.12837941228329242,0.10400580208575039
9438,0.12656662411077124,0.11690879478456306
9439,-0.5358594293164238,-0.5670724474681654
9440,-0.47380154615197445,0.09799338398106872
9441,0.10308243205149159,0.10525824272330064
9442,0.11025402770803594,0.10429412795088533
9443,0.11999602603858106,0.10966066605280789
9444,0.10361890912227456,0.11787205047282479
9445,0.0978876703410021,0.11966609923688565
9446,0.11933290698978505,0.10578749575853319
9447,0.11856785200049225,0.12460413835704354
9448,0.11303285147535647,0.10234526824045131
9449,0.11343799803908272,0.12201829087739058
9450,0.08502759874010124,0.11730193585397797
9451,0.12117331940206677,0.09856264275017446
9452,0.1147747752394852,0.13009508454003504
9453,0.12688611491960722,-0.5620628691277055
9454,0.11284448662736679,0.10269660173942285
9455,0.11657628227796257,0.09850313498956265
9456,0.12085234480669893,0.1346691927858441
9457,0.1057885993808998,-0.5175861735800582
9458,0.118560956945158,0.11555821574744463
9459,0.10217416227353904,0.11741803320264466
9460,0.12374405236411823,0.1102099519451365
9461,0.10712262133885098,0.10270452550983378
9462,0.10038846283563307,0.1253918785864374
9463,0.12832147725817378,0.09154587675125692
9464,-0.5801844928673457,0.09930350998381043
9465,0.11294551485036686,0.12339226108250312
9466,0.11166287498632266,0.10475102499746902
9467,0.08233411794180867,0.1185274074156435
9468,0.11351725574187244,0.10103538484872598
9469,0.11960300934576851,0.09950479305351623
9470,0.10406408855385307,0.12874595972102298
9471,0.11345382354837463,0.11990840560753746
9472,-0.49118796662859954,0.13265449487536807
9473,0.12396823519867461,-0.4410586508668912
9474,0.12359488390270257,0.11724720637626618
9475,0.10781895469330638,0.12256472795628648
9476,0.13707254019552195,0.11391190704867915
9477,0.10617014561711113,0.11648612443252904
9478,0.11770866973817862,0.10638166997441956
9479,0.10832825941941193,0.13098511343761077
9480,0.08285992061677083,0.10928941127674352
9481,0.11059384929595151,0.11069216074461052
9482,0.09034191635525457,-0.6116755254466588
9483,0.12585080928936887,0.09315165190675212
9484,0.12831291393818223,0.1217381752976221
9485,0.12427000617745199,0.11735994357222279
9486,0.0998303586312721,0.1291457498093871
9487,0.11727194082894221,0.1053697975963599
9488,0.12181570833830846,0.12306959899113878
9489,0.12632161883518034,0.11184984353986671
9490,0.10455537796293712,0.09035875949462979
9491,0.11803822106057105,0.12384162630071582
9492,0.12487897871010056,0.1047854563601256
9493,0.11355820181001164,0.1181371911941822
9494,0.11256634235587537,0.10090969449861964
9495,0.10912337110823533,0.11251418903457377
9496,0.11892941523406253,0.11469679921361253
9497,0.11120347278916665,0.11302233545097651
9498,-0.4975774464746753,0.10379723078383618
9499,0.10533509301290378,0.12037992282147059
9500,0.10868138633286284,0.09908068255135327
9501,0.12089703265646401,-0.5455306908982983
9502,0.10736398990339224,0.12171748130354598
9503,0.11488518682080007,0.07967235578740683
9504,0.10696535591424738,0.10554727232345984
9505,0.1188069609735456,0.11701673124291334
9506,0.13686506609513693,0.1042350233805136
9507,0.09993306959112203,0.11582359951690657
9508,0.11510605674564767,0.13608936452316112
9509,0.12467767270923091,0.10020529391303445
9510,0.11534089555358973,0.11014055804815204
9511,0.11340482518986628,0.11942445270119872
9512,0.106975117034664,0.11876868558310849
9513,0.11617612398208421,0.11463493044036377
9514,0.11873903042854583,0.09919621909325516
9515,0.10838498528649176,0.11061115126838583
9516,0.10901851095512805,0.11481801184452434
9517,0.11741791767199872,0.07974320138709867
9518,0.10981446630153702,0.10502925480605896
9519,0.1140726343898062,0.10472776812505313
9520,0.09256930428716115,0.1235320958091286
9521,0.09930964796651098,0.10220570204941049
9522,0.10179191468255855,0.10987175583929654
9523,0.11328397055503614,0.10812369624874796
9524,0.11412035845615587,0.11696562630981022
9525,0.07588842953263719,0.11971261629488317
9526,0.09947316124793915,0.09174106657324566
9527,0.11783113986439941,0.12083131851856654
9528,0.11223223527144155,0.11791572342493839
9529,0.11974102870474312,0.12788273496264702
9530,0.11792270158865081,0.10338127511203488
9531,0.09741326252956783,0.09969238153280635
9532,0.10097744437537992,0.1303808523301362
9533,0.11641416755669431,0.10166669842900045
9534,0.11766285962206147,0.11514231638563377
9535,0.11164445122053923,0.10926516255679442
9536,0.12420105881816523,0.09184848105483523
9537,-0.695811283984677,0.09077070932322973
9538,0.12118506403569973,0.09280073262901922
9539,0.1139845846356311,0.12635003137647605
9540,0.1180385880150634,0.12258104192940711
9541,0.10176609413702864,0.11196133157872001
9542,0.11390334429399229,0.10165465055191203
9543,0.10436623600902162,0.11311467733751068
9544,0.13812334959342887,0.10581222869631168
9545,0.10151414594912378,0.10475097394741284
9546,0.11527929331347586,0.10580610254777878
9547,0.11194165287905466,0.12437981159702383
9548,0.09988539070625224,0.11840782198439226
9549,0.11479333338494468,0.12331040322925091
9550,0.11984147068438111,-0.7228628176187466
9551,0.11603110233358627,0.10990658773603124
9552,-0.4496666946544854,0.10739532570266941
9553,-0.4601815438583269,0.11009647616203311
9554,0.10293813533923535,0.10617525688924445
9555,0.09774557227504665,0.09544614975819732
9556,0.10596797337635144,0.13354695012013207
9557,0.11050997609159086,0.08808303575973908
9558,0.09121915436061001,0.10717733856378597
9559,0.10907027121973245,0.12738174207970898
9560,0.11105004695021381,0.10551484533932043
9561,0.09668177612444273,0.11705549674766158
9562,0.10284223959030636,0.11689308309587276
9563,0.11621388352654649,0.11258948963490822
9564,0.09697943605527315,0.11002156574664412
9565,0.1138619834981276,0.11246217298277972
9566,0.09633616343277573,0.10790917323503324
9567,0.11461889235037148,0.10494736508642832
9568,-0.71974945140981,0.11981456503093635
9569,0.12070662187587855,0.10288396217542384
9570,0.10534392944752624,0.11418836296635027
9571,0.13154585211114989,-0.5535596009159325
9572,0.10274195453307322,0.10186716024149645
9573,0.10561671974772646,0.1279358636942487
9574,0.09650719221136983,0.0949248425540643
9575,0.10403371032180586,0.13211702915696089
9576,0.11687407002939754,0.1126687309871488
9577,0.09266067287885749,0.10683115458589199
9578,0.10904342094266495,0.11270555087734846
9579,0.09690833683516331,0.1232375854601866
9580,0.10258977040336048,0.09692210630871889
9581,0.10688968206378258,0.11600027107041555
9582,0.10597288238719882,0.10792930853326643
9583,0.09300498172650018,0.07249471048042189
9584,0.1039089986305699,0.12364575996221738
9585,0.10701526582620513,0.11457088734703325
9586,0.10933379401261556,0.12253694077545352
9587,0.11491374110672115,-0.48925252623537974
9588,0.11547165486935773,0.11044184431704251
9589,0.1082240311406133,0.097285051889056
9590,0.11363321592582776,0.1131953870669058
9591,0.09984875865214904,0.09863667729127656
9592,0.09876708995902939,0.12131668238371285
9593,0.09753112639384809,0.11360822354864131
9594,0.11736232552511083,0.1177643915594404
9595,0.10987710496683789,0.11133071322091648
9596,0.10463747029147652,0.09483142465957628
9597,0.1301990425339723,0.11452573051929793
9598,0.09444762092060888,0.0994392476392596
9599,0.10315252459991808,0.09371615098937269
9600,0.11258933258695314,0.1037009472737529
9601,0.11889782527511894,0.1011899766850255
9602,0.10256634416758481,0.11811861680441282
9603,0.10882561370172006,-0.47730578284537784
9604,0.10162785548154862,0.12465372849858647
9605,0.12444880436231465,0.09737139042287901
9606,0.1101889416255224,0.09044990300110034
9607,0.11575141509397979,0.12415434277272452
9608,0.11064028608168575,-0.5657876657747345
9609,0.10190476899446343,0.11425424761585323
9610,0.1259415045339689,0.0932266628740459
9611,0.12700373505982498,0.12097886857319029
9612,0.13597990054049824,0.10243041053768698
9613,0.11868477542339595,0.1210284660849612
9614,0.11256272400287481,0.11929240065550117
9615,0.10690970326451743,0.12699785268451813
9616,0.11743608585479604,0.11065240253497577
9617,0.1136664931561111,0.10827033258627616
9618,-0.43258213814251534,0.12553307329568253
9619,0.09741244781438496,0.11793285864262493
9620,0.13404807121107543,0.12531701605996637
9621,0.10602159342441153,0.12176278509688854
9622,0.11715507037847606,0.10152935965598142
9623,0.11669984653854604,0.09456724673855121
9624,0.10261406991785971,0.09530560795729937
9625,0.105186996164641,0.09378397425314522
9626,0.090642279058051,0.12303623911266337
9627,0.10028691855413863,0.12195458061468156
9628,0.12163996369680574,0.10888216510634496
9629,0.10957642430376646,0.10206510361994603
9630,0.1153313554618065,0.12112764037121293
9631,0.11847456566781722,0.1233898744665487
9632,0.11131022156905579,0.11886101723791387
9633,0.10307511136799441,0.12290377636555916
9634,0.11477495960803652,0.12056308480582589
9635,0.12586230768819595,0.09908159107977821
9636,0.09905036597057282,0.09388806268151462
9637,0.12143171358059535,0.11257004973922569
9638,0.10447463787744549,0.10220232638702176
9639,0.11255977576220433,0.11597365271768867
9640,0.09848429443546847,0.11773109787244151
9641,0.10943784037372639,0.12097894008579524
9642,0.10736681241577006,0.09647296818299167
9643,0.08909129744089928,0.1196979030160672
9644,0.12949918448246422,0.12070817554980251
9645,-0.6919851150698845,0.0997960640182034
9646,0.10636650919126422,0.12591377419302763
9647,0.11983770059314791,0.0902495145983695
9648,0.1274343001674627,0.1291490616419919
9649,0.10793649133711947,0.10081676812300966
9650,0.11186042083108738,0.10054639767630857
9651,0.10843256297168469,0.12931849825440223
9652,0.11034024895468142,0.09936313317656853
9653,0.09083436825770463,0.10770157787434909
9654,0.11780513193122233,0.09266483620815014
9655,0.107343306610993,0.11021744869718963
9656,0.12603531524586575,0.10394939009713378
9657,0.10620531836522917,-0.6807302387166885
9658,0.11564596387718806,0.12745860316072588
9659,0.10201228545857077,0.10288319919191657
9660,0.09973803255190483,0.10417089087161058
9661,0.10345679996663981,0.1114461513039835
9662,0.11499058330275314,0.10224423961703155
9663,0.12615021946553018,0.10009348550642283
9664,0.11964147017121562,0.13503532277645225
9665,0.10794249613288809,0.10895823461929655
9666,0.10970645746696639,0.11119744435485868
9667,0.09395787851667237,0.11726259947990192
9668,0.11914405889995838,0.10615737070165276
9669,0.10117249914793414,0.1278333073099338
9670,0.10080761507269886,0.09970575166657958
9671,0.09767211082242655,0.13335891362587193
9672,0.0877229998996647,0.1015365666253989
9673,0.10840693518158218,0.11871121178532817
9674,0.09506221817020033,0.10181344848145835
9675,0.0876320224742444,0.10980560289425711
9676,0.12459416764807218,0.12413827201356287
9677,0.10213842033642395,0.11599889426423315
9678,0.12333627499926592,0.10530828589165875
9679,0.09195747305340407,0.13564461973358388
9680,0.11712898590867926,0.10468890590113533
9681,-0.40507952302788663,0.09966329830107545
9682,0.10231437829427281,0.11458129002419426
9683,0.11434302129441076,0.12653896968756873
9684,0.10299550404343893,0.11343838477092283
9685,0.12223830984703765,0.10078014919663403
9686,0.08818976264205491,0.11104691501810637
9687,0.10128832267809984,0.11997352204958656
9688,0.10944508726530455,0.11344293860677723
9689,0.10925270675671839,0.11246054188958765
9690,0.12194710590028812,0.11649685703166202
9691,0.09525879192938613,-0.4179634807667064
9692,0.08749982456547745,0.11838359758584427
9693,0.10994125064492888,0.12177151963121569
9694,0.10984200909666453,0.09195159817254717
9695,0.10141408897160642,0.0910782790061746
9696,0.10712843853482346,0.10837971624208098
9697,0.11284259317293888,0.10508737995116157
9698,0.10840380649161063,0.10963651451928857
9699,0.10536502260784775,0.11814610030698391
9700,0.1255942828007124,0.10913470971159467
9701,0.11024566775733113,0.10608370370176412
9702,0.10526836593511257,-0.7104172626683518
9703,0.11777942128775609,0.10935417632118272
9704,0.10634327067221072,0.10206902174437049
9705,0.11180989468647362,0.10589785807920493
9706,0.10246121674586428,0.11273323705140204
9707,0.1115418454407755,0.08810768007988301
9708,0.12786778806231824,0.09586327075141443
9709,0.09625643889547808,0.114764511690846
9710,0.10594580216791427,0.1305631966965941
9711,0.10070774445842634,0.10569069862036029
9712,0.12053700115776378,0.10523077912334733
9713,0.09798701670049104,0.12753306298270273
9714,0.11948701962201214,0.11807411222448305
9715,0.09155339311180555,0.132105645578954
9716,0.10933091648261462,0.12140834465542927
9717,-0.6028959272797856,0.12238621041330044
9718,0.10617531024929039,0.08046255937933422
9719,0.1104961807796978,0.12673821349799752
9720,0.11630691609194321,0.08993077607206734
9721,0.10041473272011348,0.11843752579017108
9722,0.10536443782530625,0.1191770598242956
9723,0.09919382439411883,0.10850242188935977
9724,0.10191402077538458,0.13339508009724188
9725,0.11444818327232764,0.10472549621426697
9726,0.11124513913587464,-0.6162379826347941
9727,0.11936335983071178,0.11033655896407035
9728,0.1202502228369744,0.10812131579537287
9729,0.1257785670431073,0.11282826024718928
9730,0.10894044233829536,0.10177394819909691
9731,0.11021738180369933,0.12047677082388764
9732,0.11739639976152794,0.12645036454336478
9733,-0.6028364516432811,0.11842637251398691
9734,0.11467441903638198,0.12074619289659339
9735,0.1179283101979074,0.1153349468414262
9736,0.13722215342670152,0.10564551759161556
9737,0.11326104059265418,0.11973836392334691
9738,0.10553151208147438,0.12163495602939811
9739,0.11874727059478496,-0.6317048543175176
9740,0.12867406676935622,0.10012197923479205
9741,0.12334760667237843,0.1140258340436664
9742,0.10203187017214033,0.13176421335921784
9743,0.12107030010734232,0.09460107176160926
9744,0.1165706697042237,0.10893675812493031
9745,0.12166243950035471,0.10465906328748176
9746,0.10004055764987552,0.11609649377883913
9747,0.1296851618663375,0.10522819474081291
9748,0.09926611062260626,0.10372281288713414
9749,0.11339718283906408,0.13121884971382003
9750,0.09377017253757836,0.09037352855479641
9751,-0.6174082849799302,0.10645645268945003
9752,0.119758727116136,0.08615475223277036
9753,0.11312242220586999,-0.5732286030095359
9754,0.11893332089236641,0.10299157381420665
9755,0.11933305532130589,0.0914202087464715
9756,0.11591366631523803,0.10773762758201721
9757,0.10934144190316863,0.10593013077455771
9758,0.10842822285017784,0.11204571855574508
9759,0.10352224872945559,0.11508669972223862
9760,0.1127301869220605,0.09370566895027577
9761,0.09261716261473296,0.09885365952357872
9762,0.10199321198091527,0.11385685908235854
9763,0.11635404060651156,0.11852548123478068
9764,0.10947712046295566,0.11213031941713836
9765,0.08875816273591752,0.1016656772225526
9766,0.10362747251331328,0.11597732009798878
9767,0.1072482967804902,0.1201549059761271
9768,0.10134825004826098,0.10687415745992213
9769,-0.36876034511341493,0.10094252924515978
9770,0.10937363757234575,0.10610738839397515
9771,0.11289929732735593,0.11937150143131792
9772,0.09773052256566905,0.10606200647739206
9773,0.11701199026976572,0.10744497387362117
9774,0.10088342428673669,0.13771552744073223
9775,0.10442600201123975,0.12955831224903558
9776,0.11001354797200813,0.10370727991559336
9777,0.09930956736959273,0.11525960624510234
9778,0.12560332514347983,0.12967137803126905
9779,0.0845761555819613,0.09282322602707205
9780,0.10017427240749277,0.11086358400258867
9781,0.10710272384230546,0.12630690334475947
9782,0.09445626550598973,0.09222196125754745
9783,0.10317039605509959,0.11765772705870181
9784,0.11657157076422009,-0.5118825177149606
9785,-0.5689022682114353,0.09049171115698385
9786,0.09738549898364446,0.11169574073840027
9787,0.12474134852823537,0.09129045700747795
9788,0.08201472506093355,0.11606124332650825
9789,0.1069948160209202,0.0998249523721162
9790,0.10379911323078161,0.1176410319809138
9791,0.11256450834669174,0.08520773169735274
9792,0.0969946989054109,0.10944663947438493
9793,0.1223774039256269,0.08521131652581548
9794,0.10678092446364529,0.12038221044730624
9795,0.10925788553217153,0.11487433502964062
9796,0.10539229364185965,0.1319675273250489
9797,0.11918226997548631,0.10603927104549049
9798,0.0903701886040873,0.08672000058895457
9799,0.11866238154995923,0.11089863544396472
9800,0.11371105327696562,0.11312855205840644
9801,0.12113413736300682,0.09869436697661715
9802,0.09618500574632294,0.09940032817034239
9803,0.12157129391676635,0.11073735873333335
9804,0.11099877933893709,0.11903923431375607
9805,0.09816179882467013,0.1128149812267023
9806,0.10887800297520811,0.11598736157891087
9807,0.11650450207691021,0.09511054432058086
9808,0.11030015438197527,0.1173472548867951
9809,0.10163949290831797,0.09732327984036027
9810,0.1047048323490325,0.10362093684600837
9811,0.10101520066454595,0.13383081739061353
9812,0.11007411987573534,0.10116370844332323
9813,0.1044807854183043,0.10237254163561138
9814,0.09920873249291229,0.0912367357671966
9815,0.11706798447860312,0.13734192432090353
9816,0.1135243050860697,0.10269601624463287
9817,0.1016964594854044,0.11008617889126326
9818,0.10448550157196279,0.11256717119008997
9819,0.09554556302594897,0.11624531887651646
9820,0.10081479679059169,0.10088884557170497
9821,0.10742074664604284,0.11796590686337982
9822,0.10528915274343742,0.104866111129585
9823,0.10219987972618783,-0.6418010239386893
9824,0.1138419151632124,0.10595592693970235
9825,0.10755382496387078,0.13948908412259198
9826,0.1069118677901324,0.10863452680055885
9827,0.0820689568835955,0.09903634858061161
9828,0.11826654080620935,0.1064493618858886
9829,0.12191013967296538,0.12335251348293164
9830,0.08697059653506622,0.11850112825156733
9831,0.1275274974622751,0.1007421645858837
9832,0.11615364399324513,0.11901012672736133
9833,0.10161716821364442,0.12617316351109298
9834,0.11835978167324401,0.12270815537246138
9835,-0.5209302361209633,0.10616338205301634
9836,0.10990036343455545,0.12364411923143237
9837,0.1191507259903466,0.09374523502983845
9838,0.09972473672477733,0.11919680521817111
9839,0.10149442507004958,0.11364715111505141
9840,0.09680786659147933,0.12479057478219446
9841,0.10303049483347126,0.09550440352515688
9842,0.10895089725973506,0.10527023664135515
9843,0.11178888820417421,0.12087757213484052
9844,0.11009582349228153,0.10832120167839876
9845,0.1019996578215634,0.11819398081660992
9846,0.11756636477422,0.10636222905405779
9847,0.10504027181910192,0.12197461440875745
9848,0.12612014277530226,0.09246022999209824
9849,0.12270100544558837,0.12199344972632242
9850,0.11090190118728827,0.09388199550259402
9851,0.12811980219754648,0.11888569432890717
9852,0.1060160354739601,0.08896290668554463
9853,0.12381127897880084,0.11284212818142758
9854,0.11969167318701679,0.12862813838055032
9855,0.10963218582228307,0.10160107486865977
9856,0.10432471132043997,0.13077813332072763
9857,0.10843940709602551,0.12963030841371137
9858,0.11383515141044032,0.13891042356978778
9859,0.09796951083583227,0.11909421420050492
9860,0.10147017923270196,0.1113140530561445
9861,0.11227611968719087,0.11289210780766923
9862,0.12545978916413403,0.10182680456859572
9863,0.11306087796943887,0.11432927849897245
9864,0.11919947006476139,0.12366191427813877
9865,0.10381848942130167,0.11385296654655241
9866,0.12275565972692593,0.09837479221127388
9867,0.11993066173833022,0.09322586292296986
9868,0.13151510439364955,0.11642829134150401
9869,0.11446062985080774,0.1327024972003037
9870,0.12053213301186072,0.09130538570525415
9871,0.10051524657047906,-0.5852203267820844
9872,0.12400059765238214,0.12398278569378918
9873,0.1182235787577206,0.1253365390355714
9874,0.12165758956695982,0.13547230931595267
9875,0.10170145815999132,0.1194313756201888
9876,0.1250093420304712,0.11065676542013003
9877,0.11815599006811062,0.10139444264827335
9878,0.10989975580986511,0.11788633084671485
9879,0.11872289872002395,0.1185495871199953
9880,0.09856808655552252,0.1143806104422731
9881,0.0981092984518146,0.09792963509395824
9882,0.11423750136453092,0.100429170826706
9883,0.12287224115385409,0.12616192194580056
9884,0.11301537993348276,0.1061311830481717
9885,0.10752479014738858,0.14969273727712373
9886,0.10823521074952547,0.10187465130318674
9887,0.11068981456552307,0.11388219183118253
9888,0.11085888990793569,0.09733869114444382
9889,0.10432922088549001,0.10281818277484778
9890,0.11103015456095,0.11944390909691993
9891,0.11659767345874683,0.0991681701565581
9892,0.14049533578269902,0.11366184835806958
9893,0.1108837209950766,-0.663933610000085
9894,0.11009264383892003,0.10242087017381318
9895,0.08918397537817002,0.12197813063429996
9896,0.10160872615237881,0.11795514507135052
9897,0.11288687831794708,0.10545188272296224
9898,0.09456690880357366,0.10879491755404569
9899,0.12435876032391557,0.1207731957247904
9900,0.11448225666539935,0.12141421396167207
9901,0.11333570442391627,0.13696853363903072
9902,0.11068814696323104,0.1005452085213625
9903,0.1074271999377403,0.11045883977181048
9904,0.10036360881589146,0.11112983748154392
9905,0.1255629370478233,0.1454977459585023
9906,0.10859341050659777,0.11945449935744845
9907,0.11209373627655794,0.08369308109821572
9908,0.10633021283116317,0.10212751313324975
9909,0.11346237156698713,0.1280833534376753
9910,0.10443569473442094,0.09987442454786644
9911,0.08616713553734301,0.09892529737807343
9912,0.1047552600180226,0.10945036908637418
9913,0.11975161042527915,0.12831847739922564
9914,0.11350381760118045,0.09510879675013428
9915,0.09697971737131161,0.12209601462998854
9916,0.09191232430002283,0.11403388838971362
9917,0.1125355352456785,0.09995769505503782
9918,0.10597812662159822,0.12524931344214485
9919,0.1071084332844956,0.11284334907404747
9920,0.11946125446378608,0.08997383375123658
9921,0.12102308593562272,0.11202277253684256
9922,0.10013161862823372,0.10120926541025255
9923,0.11143396548266993,0.10504538926347862
9924,0.10960241668872128,0.10621382977229366
9925,0.1088511369856986,-0.5229413498200058
9926,0.11553746905038764,0.13229107888718938
9927,0.09761892917255266,0.10200752346509678
9928,-0.4969090504335265,0.11245737220138396
9929,0.10676492419937711,0.09069940061923387
9930,0.10586256211306866,0.11417025640190603
9931,0.11073751830961664,0.12688243939226607
9932,0.10839369101827723,0.12305700480758075
9933,0.09144404334475054,0.1147850461661506
9934,0.11684057819829952,0.1322861894062064
9935,-0.5362907786972835,0.10087641957125482
9936,0.10008050819948977,0.14059977434873883
9937,0.10192130347301331,0.12162038132508313
9938,0.09415267091191115,0.10938206487211466
9939,0.11591063206813246,0.10683297045038853
9940,0.09787180703247911,0.11307687719088788
9941,0.10054428602242016,0.1239316039243934
9942,0.0957941324918341,0.11196662948938396
9943,0.10606954568949578,0.08701228095780777
9944,0.11818376992069735,0.12067391600084565
9945,0.11798194602018142,0.1072406672761379
9946,0.1017275839190217,-0.5409254803101315
9947,0.10178643751073091,0.08310087279586198
9948,0.12841536188067937,0.12581817894142233
9949,0.11131808455021708,0.11482496070033643
9950,0.12358080577343,0.10484110671003943
9951,0.11671534165548558,0.1122003581263673
9952,0.10083817867416056,0.10551714595917261
9953,0.09889644397842079,0.11036752476235612
9954,0.12317851088178955,-0.759418137413704
9955,0.13186637160273462,0.11877531079897441
9956,0.11976232642256335,0.1006254641538129
9957,0.12818354205620475,0.1231470005642663
9958,0.12786016363022878,0.11550747095174652
9959,0.11100706717034314,0.10901521242362211
9960,0.11498546746509497,0.10950262506665709
9961,0.11192836202887757,0.11015162208712792
9962,0.1008574412946679,0.09804626746210099
9963,0.11068873359070674,0.09949065902535237
9964,0.10999933104489412,0.09024902741589491
9965,0.107025417085711,0.12023740756029255
9966,0.12870845952633636,0.10962782945462579
9967,0.11129759326983701,0.10283760165205513
9968,0.10109229025420419,0.10395060761272257
9969,0.11260076778683903,0.12884963623233192
9970,0.11376807534635192,0.11819100655530557
9971,0.12228228639189309,0.11704131070883506
9972,0.10667487452279545,0.1257720040329453
9973,0.10798980633756239,0.11333517963246198
9974,0.1042674009463409,0.14471672839226968
9975,0.11061017549756791,0.11341370428430197
9976,0.10501359689135836,0.12641820415340455
9977,0.1008377020533473,0.10502660261949814
9978,0.0883907611472321,0.10659203907247616
9979,-0.7328910958417905,0.1156692207595591
9980,0.12250032307091807,0.09937829662865494
9981,0.119669939529079,0.12730421154857896
9982,0.13023322909258983,0.11278815018792265
9983,0.10696730237177787,0.10189296720622987
9984,0.1305415264045473,0.1087617706761379
9985,0.12618004275113748,0.09927206464106497
9986,0.0964339432943655,0.11306829483697856
9987,0.08925861222785181,0.10808576384972768
9988,0.11632467220379383,0.10705674406165167
9989,0.11155363503705296,0.09740273521934495
9990,0.11269109703371649,0.09490494416865536
9991,-0.5564607877635528,0.12999411182803655
9992,0.10406019804739675,0.10433590180908814
9993,0.10913573256396414,0.10547351488944057
9994,0.10621580994270197,0.10123228971401566
9995,0.1155519079283116,-0.7067517876980486
9996,0.10750929161374478,0.0999656962919846
9997,0.11081661393787612,0.1250015503165156
9998,0.10779222991332227,0.08954829525195995
9999,0.09880533901144695,0.11609101425451951
10000,0.10649676303052957,0.10609691961362788
